ID,Review Title,Apps Script Hub URL,Review Landing Page
1,14 Day Rapid Soup Diet Review: Real Results and Expert Analysis,https://script.google.com/macros/s/AKfycbyEg7C5ZKjgkReinWdFyaSxp1lhEGgTAnmLWPQaMGhJpB9quv2v7hbbKNz6QFS_zvy0Lw/exec?p=14-day-rapid-soup-diet-review-real-results-and-expert-analysis,https://abretas.github.io/health-reviews-directory-2026/p/14-day-rapid-soup-diet-review-real-results-and-expert-analysis.html
2,14-Day Rapid Soup Diet Reviews 2026 | Is It Worth Buying?,https://script.google.com/macros/s/AKfycbyEg7C5ZKjgkReinWdFyaSxp1lhEGgTAnmLWPQaMGhJpB9quv2v7hbbKNz6QFS_zvy0Lw/exec?p=14-day-rapid-soup-diet-reviews-2026-is-it-worth-buying,https://abretas.github.io/health-reviews-directory-2026/p/14-day-rapid-soup-diet-reviews-2026-is-it-worth-buying.html
3,15 Day Cleanse Review: Supports Healthy Digestion and Constipation,https://script.google.com/macros/s/AKfycbyEg7C5ZKjgkReinWdFyaSxp1lhEGgTAnmLWPQaMGhJpB9quv2v7hbbKNz6QFS_zvy0Lw/exec?p=15-day-cleanse-review-supports-healthy-digestion-and-constipation,https://abretas.github.io/health-reviews-directory-2026/p/15-day-cleanse-review-supports-healthy-digestion-and-constipation.html
4,21 Day Fatty Liver Diet Plan PDF: Kickstart Your Liver Health,https://script.google.com/macros/s/AKfycbyEg7C5ZKjgkReinWdFyaSxp1lhEGgTAnmLWPQaMGhJpB9quv2v7hbbKNz6QFS_zvy0Lw/exec?p=21-day-fatty-liver-diet-plan-pdf-kickstart-your-liver-health,https://abretas.github.io/health-reviews-directory-2026/p/21-day-fatty-liver-diet-plan-pdf-kickstart-your-liver-health.html
5,21 Day Rapid Weight Loss Program Review: How Good This,https://script.google.com/macros/s/AKfycbyEg7C5ZKjgkReinWdFyaSxp1lhEGgTAnmLWPQaMGhJpB9quv2v7hbbKNz6QFS_zvy0Lw/exec?p=21-day-rapid-weight-loss-program-review-how-good-this,https://abretas.github.io/health-reviews-directory-2026/p/21-day-rapid-weight-loss-program-review-how-good-this.html
6,369 Manifestation Code Review: Is It Worth the Hype,https://script.google.com/macros/s/AKfycbyEg7C5ZKjgkReinWdFyaSxp1lhEGgTAnmLWPQaMGhJpB9quv2v7hbbKNz6QFS_zvy0Lw/exec?p=369-manifestation-code-review-is-it-worth-the-hype,https://abretas.github.io/health-reviews-directory-2026/p/369-manifestation-code-review-is-it-worth-the-hype.html
7,7 Day Prayer Miracle Review: Mysterious Secret of Archangel Michael,https://script.google.com/macros/s/AKfycbyEg7C5ZKjgkReinWdFyaSxp1lhEGgTAnmLWPQaMGhJpB9quv2v7hbbKNz6QFS_zvy0Lw/exec?p=7-day-prayer-miracle-review-mysterious-secret-of-archangel-michael,https://abretas.github.io/health-reviews-directory-2026/p/7-day-prayer-miracle-review-mysterious-secret-of-archangel-michael.html
8,7 Minute Wealth Magnet Review: Path to Financial Success,https://script.google.com/macros/s/AKfycbyEg7C5ZKjgkReinWdFyaSxp1lhEGgTAnmLWPQaMGhJpB9quv2v7hbbKNz6QFS_zvy0Lw/exec?p=7-minute-wealth-magnet-review-path-to-financial-success,https://abretas.github.io/health-reviews-directory-2026/p/7-minute-wealth-magnet-review-path-to-financial-success.html
9,7 Seconds Wealth Prayer Review: Secret Prayer For Instant Wealth,https://script.google.com/macros/s/AKfycbyEg7C5ZKjgkReinWdFyaSxp1lhEGgTAnmLWPQaMGhJpB9quv2v7hbbKNz6QFS_zvy0Lw/exec?p=7-seconds-wealth-prayer-review-secret-prayer-for-instant-wealth,https://abretas.github.io/health-reviews-directory-2026/p/7-seconds-wealth-prayer-review-secret-prayer-for-instant-wealth.html
10,7 Seconds Wealth Prayer Reviews,https://script.google.com/macros/s/AKfycbyEg7C5ZKjgkReinWdFyaSxp1lhEGgTAnmLWPQaMGhJpB9quv2v7hbbKNz6QFS_zvy0Lw/exec?p=7-seconds-wealth-prayer-reviews,https://abretas.github.io/health-reviews-directory-2026/p/7-seconds-wealth-prayer-reviews.html
11,7 Seconds Wealth Prayer Reviews 2026| Is It Worth It?,https://script.google.com/macros/s/AKfycbyEg7C5ZKjgkReinWdFyaSxp1lhEGgTAnmLWPQaMGhJpB9quv2v7hbbKNz6QFS_zvy0Lw/exec?p=7-seconds-wealth-prayer-reviews-2026-is-it-worth-it,https://abretas.github.io/health-reviews-directory-2026/p/7-seconds-wealth-prayer-reviews-2026-is-it-worth-it.html
12,8th Chakra Code Review: Hidden Wealth Code in Bible Revealed,https://script.google.com/macros/s/AKfycbyEg7C5ZKjgkReinWdFyaSxp1lhEGgTAnmLWPQaMGhJpB9quv2v7hbbKNz6QFS_zvy0Lw/exec?p=8th-chakra-code-review-hidden-wealth-code-in-bible-revealed,https://abretas.github.io/health-reviews-directory-2026/p/8th-chakra-code-review-hidden-wealth-code-in-bible-revealed.html
13,ACTIFLOW Review: Proven Prostate Supports That Really Works,https://script.google.com/macros/s/AKfycbyEg7C5ZKjgkReinWdFyaSxp1lhEGgTAnmLWPQaMGhJpB9quv2v7hbbKNz6QFS_zvy0Lw/exec?p=actiflow-review-proven-prostate-supports-that-really-works,https://abretas.github.io/health-reviews-directory-2026/p/actiflow-review-proven-prostate-supports-that-really-works.html
14,AI and Manifestation: Merging Technology with Spirituality,https://script.google.com/macros/s/AKfycbyEg7C5ZKjgkReinWdFyaSxp1lhEGgTAnmLWPQaMGhJpB9quv2v7hbbKNz6QFS_zvy0Lw/exec?p=ai-and-manifestation-merging-technology-with-spirituality,https://abretas.github.io/health-reviews-directory-2026/p/ai-and-manifestation-merging-technology-with-spirituality.html
15,AKASHA Personalized Forecasts Reading Review,https://script.google.com/macros/s/AKfycbyEg7C5ZKjgkReinWdFyaSxp1lhEGgTAnmLWPQaMGhJpB9quv2v7hbbKNz6QFS_zvy0Lw/exec?p=akasha-personalized-forecasts-reading-review,https://abretas.github.io/health-reviews-directory-2026/p/akasha-personalized-forecasts-reading-review.html
16,Abdomax Reviews,https://script.google.com/macros/s/AKfycbyEg7C5ZKjgkReinWdFyaSxp1lhEGgTAnmLWPQaMGhJpB9quv2v7hbbKNz6QFS_zvy0Lw/exec?p=abdomax-reviews,https://abretas.github.io/health-reviews-directory-2026/p/abdomax-reviews.html
17,Abdomax Reviews & Complaints 2026 | Is It Worth it?,https://script.google.com/macros/s/AKfycbyEg7C5ZKjgkReinWdFyaSxp1lhEGgTAnmLWPQaMGhJpB9quv2v7hbbKNz6QFS_zvy0Lw/exec?p=abdomax-reviews-complaints-2026-is-it-worth-it,https://abretas.github.io/health-reviews-directory-2026/p/abdomax-reviews-complaints-2026-is-it-worth-it.html
18,Abundance Airway Review: Is it Worth the Hype,https://script.google.com/macros/s/AKfycbyEg7C5ZKjgkReinWdFyaSxp1lhEGgTAnmLWPQaMGhJpB9quv2v7hbbKNz6QFS_zvy0Lw/exec?p=abundance-airway-review-is-it-worth-the-hype,https://abretas.github.io/health-reviews-directory-2026/p/abundance-airway-review-is-it-worth-the-hype.html
19,Abundance Airway Reviews,https://script.google.com/macros/s/AKfycbyEg7C5ZKjgkReinWdFyaSxp1lhEGgTAnmLWPQaMGhJpB9quv2v7hbbKNz6QFS_zvy0Lw/exec?p=abundance-airway-reviews,https://abretas.github.io/health-reviews-directory-2026/p/abundance-airway-reviews.html
20,Abundance Frequency Review: Instant Wealth Creation Made Easy,https://script.google.com/macros/s/AKfycbyEg7C5ZKjgkReinWdFyaSxp1lhEGgTAnmLWPQaMGhJpB9quv2v7hbbKNz6QFS_zvy0Lw/exec?p=abundance-frequency-review-instant-wealth-creation-made-easy,https://abretas.github.io/health-reviews-directory-2026/p/abundance-frequency-review-instant-wealth-creation-made-easy.html
21,Advanced Amino Formula Reviews,https://script.google.com/macros/s/AKfycbyEg7C5ZKjgkReinWdFyaSxp1lhEGgTAnmLWPQaMGhJpB9quv2v7hbbKNz6QFS_zvy0Lw/exec?p=advanced-amino-formula-reviews,https://abretas.github.io/health-reviews-directory-2026/p/advanced-amino-formula-reviews.html
22,Advanced Amino Formula Reviews & Complaints | Is It Scam?,https://script.google.com/macros/s/AKfycbyEg7C5ZKjgkReinWdFyaSxp1lhEGgTAnmLWPQaMGhJpB9quv2v7hbbKNz6QFS_zvy0Lw/exec?p=advanced-amino-formula-reviews-complaints-is-it-scam,https://abretas.github.io/health-reviews-directory-2026/p/advanced-amino-formula-reviews-complaints-is-it-scam.html
23,Advanced Amino Formula Reviews & Complaints | Is It Worth it?,https://script.google.com/macros/s/AKfycbyEg7C5ZKjgkReinWdFyaSxp1lhEGgTAnmLWPQaMGhJpB9quv2v7hbbKNz6QFS_zvy0Lw/exec?p=advanced-amino-formula-reviews-complaints-is-it-worth-it,https://abretas.github.io/health-reviews-directory-2026/p/advanced-amino-formula-reviews-complaints-is-it-worth-it.html
24,Advanced Amino Powder Reviews & Complaints 2026 | Is It Worth It?,https://script.google.com/macros/s/AKfycbyEg7C5ZKjgkReinWdFyaSxp1lhEGgTAnmLWPQaMGhJpB9quv2v7hbbKNz6QFS_zvy0Lw/exec?p=advanced-amino-powder-reviews-complaints-2026-is-it-worth-it,https://abretas.github.io/health-reviews-directory-2026/p/advanced-amino-powder-reviews-complaints-2026-is-it-worth-it.html
25,Advanced Mitochondrial Formula Reviews,https://script.google.com/macros/s/AKfycbyEg7C5ZKjgkReinWdFyaSxp1lhEGgTAnmLWPQaMGhJpB9quv2v7hbbKNz6QFS_zvy0Lw/exec?p=advanced-mitochondrial-formula-reviews,https://abretas.github.io/health-reviews-directory-2026/p/advanced-mitochondrial-formula-reviews.html
26,AeroSlim Reviews,https://script.google.com/macros/s/AKfycbyEg7C5ZKjgkReinWdFyaSxp1lhEGgTAnmLWPQaMGhJpB9quv2v7hbbKNz6QFS_zvy0Lw/exec?p=aeroslim-reviews,https://abretas.github.io/health-reviews-directory-2026/p/aeroslim-reviews.html
27,African Lean Belly Reviews,https://script.google.com/macros/s/AKfycbyEg7C5ZKjgkReinWdFyaSxp1lhEGgTAnmLWPQaMGhJpB9quv2v7hbbKNz6QFS_zvy0Lw/exec?p=african-lean-belly-reviews,https://abretas.github.io/health-reviews-directory-2026/p/african-lean-belly-reviews.html
28,African Lean Belly Reviews : Are They Really Worth It,https://script.google.com/macros/s/AKfycbyEg7C5ZKjgkReinWdFyaSxp1lhEGgTAnmLWPQaMGhJpB9quv2v7hbbKNz6QFS_zvy0Lw/exec?p=african-lean-belly-reviews-are-they-really-worth-it,https://abretas.github.io/health-reviews-directory-2026/p/african-lean-belly-reviews-are-they-really-worth-it.html
29,Ageless Body System Super C Serum Reviews,https://script.google.com/macros/s/AKfycbyEg7C5ZKjgkReinWdFyaSxp1lhEGgTAnmLWPQaMGhJpB9quv2v7hbbKNz6QFS_zvy0Lw/exec?p=ageless-body-system-super-c-serum-reviews,https://abretas.github.io/health-reviews-directory-2026/p/ageless-body-system-super-c-serum-reviews.html
30,Ageless Energy Solution Reviews 2026 | Is It Worth Buying?,https://script.google.com/macros/s/AKfycbyEg7C5ZKjgkReinWdFyaSxp1lhEGgTAnmLWPQaMGhJpB9quv2v7hbbKNz6QFS_zvy0Lw/exec?p=ageless-energy-solution-reviews-2026-is-it-worth-buying,https://abretas.github.io/health-reviews-directory-2026/p/ageless-energy-solution-reviews-2026-is-it-worth-buying.html
31,Ageless Knees Review: Strengthen Knees Program by Chris Works,https://script.google.com/macros/s/AKfycbyEg7C5ZKjgkReinWdFyaSxp1lhEGgTAnmLWPQaMGhJpB9quv2v7hbbKNz6QFS_zvy0Lw/exec?p=ageless-knees-review-strengthen-knees-program-by-chris-works,https://abretas.github.io/health-reviews-directory-2026/p/ageless-knees-review-strengthen-knees-program-by-chris-works.html
32,Ageless Knees Reviews,https://script.google.com/macros/s/AKfycbyEg7C5ZKjgkReinWdFyaSxp1lhEGgTAnmLWPQaMGhJpB9quv2v7hbbKNz6QFS_zvy0Lw/exec?p=ageless-knees-reviews,https://abretas.github.io/health-reviews-directory-2026/p/ageless-knees-reviews.html
33,Ageless Knees Reviews & Complaints 2026 | Is It Worth it?,https://script.google.com/macros/s/AKfycbyEg7C5ZKjgkReinWdFyaSxp1lhEGgTAnmLWPQaMGhJpB9quv2v7hbbKNz6QFS_zvy0Lw/exec?p=ageless-knees-reviews-complaints-2026-is-it-worth-it,https://abretas.github.io/health-reviews-directory-2026/p/ageless-knees-reviews-complaints-2026-is-it-worth-it.html
34,Ageless Shoulders Review: Erase Shoulder Pain Fast,https://script.google.com/macros/s/AKfycbyEg7C5ZKjgkReinWdFyaSxp1lhEGgTAnmLWPQaMGhJpB9quv2v7hbbKNz6QFS_zvy0Lw/exec?p=ageless-shoulders-review-erase-shoulder-pain-fast,https://abretas.github.io/health-reviews-directory-2026/p/ageless-shoulders-review-erase-shoulder-pain-fast.html
35,Ageless Shoulders Reviews & Complaints 2026 | Is It Legit?,https://script.google.com/macros/s/AKfycbyEg7C5ZKjgkReinWdFyaSxp1lhEGgTAnmLWPQaMGhJpB9quv2v7hbbKNz6QFS_zvy0Lw/exec?p=ageless-shoulders-reviews-complaints-2026-is-it-legit,https://abretas.github.io/health-reviews-directory-2026/p/ageless-shoulders-reviews-complaints-2026-is-it-legit.html
36,Air Fountain Water Harvester Review: New Tech Makes Water from Air,https://script.google.com/macros/s/AKfycbyEg7C5ZKjgkReinWdFyaSxp1lhEGgTAnmLWPQaMGhJpB9quv2v7hbbKNz6QFS_zvy0Lw/exec?p=air-fountain-water-harvester-review-new-tech-makes-water-from-air,https://abretas.github.io/health-reviews-directory-2026/p/air-fountain-water-harvester-review-new-tech-makes-water-from-air.html
37,Alka Water DIY Review: Unique Source of the Purest and Healthiest Water,https://script.google.com/macros/s/AKfycbyEg7C5ZKjgkReinWdFyaSxp1lhEGgTAnmLWPQaMGhJpB9quv2v7hbbKNz6QFS_zvy0Lw/exec?p=alka-water-diy-review-unique-source-of-the-purest-and-healthiest-water,https://abretas.github.io/health-reviews-directory-2026/p/alka-water-diy-review-unique-source-of-the-purest-and-healthiest-water.html
38,All Day Slimming Tea Reviews,https://script.google.com/macros/s/AKfycbyEg7C5ZKjgkReinWdFyaSxp1lhEGgTAnmLWPQaMGhJpB9quv2v7hbbKNz6QFS_zvy0Lw/exec?p=all-day-slimming-tea-reviews,https://abretas.github.io/health-reviews-directory-2026/p/all-day-slimming-tea-reviews.html
39,All Day Slimming Tea Reviews & Complaints | Is It Worth it?,https://script.google.com/macros/s/AKfycbyEg7C5ZKjgkReinWdFyaSxp1lhEGgTAnmLWPQaMGhJpB9quv2v7hbbKNz6QFS_zvy0Lw/exec?p=all-day-slimming-tea-reviews-complaints-is-it-worth-it,https://abretas.github.io/health-reviews-directory-2026/p/all-day-slimming-tea-reviews-complaints-is-it-worth-it.html
40,All Day Slimming Tea Reviews Complaints Is It Worth It 2,https://script.google.com/macros/s/AKfycbyEg7C5ZKjgkReinWdFyaSxp1lhEGgTAnmLWPQaMGhJpB9quv2v7hbbKNz6QFS_zvy0Lw/exec?p=all-day-slimming-tea-reviews-complaints-is-it-worth-it-2,https://abretas.github.io/health-reviews-directory-2026/p/all-day-slimming-tea-reviews-complaints-is-it-worth-it-2.html
41,All Day Slimming Tea vs Regular Tea – Which Is Better One?,https://script.google.com/macros/s/AKfycbyEg7C5ZKjgkReinWdFyaSxp1lhEGgTAnmLWPQaMGhJpB9quv2v7hbbKNz6QFS_zvy0Lw/exec?p=all-day-slimming-tea-vs-regular-tea-which-is-better-one,https://abretas.github.io/health-reviews-directory-2026/p/all-day-slimming-tea-vs-regular-tea-which-is-better-one.html
42,All Natural Mycosyn Pro : (A Comprehensive Analysis of Its Effectiveness) The Ultimate Supplement,https://script.google.com/macros/s/AKfycbyEg7C5ZKjgkReinWdFyaSxp1lhEGgTAnmLWPQaMGhJpB9quv2v7hbbKNz6QFS_zvy0Lw/exec?p=all-natural-mycosyn-pro-a-comprehensive-analysis-of-its-effectiveness-the-ultimate-supplement,https://abretas.github.io/health-reviews-directory-2026/p/all-natural-mycosyn-pro-a-comprehensive-analysis-of-its-effectiveness-the-ultimate-supplement.html
43,Alpha Strength Review: Natural Supplement For Healthy Testosterone,https://script.google.com/macros/s/AKfycbyEg7C5ZKjgkReinWdFyaSxp1lhEGgTAnmLWPQaMGhJpB9quv2v7hbbKNz6QFS_zvy0Lw/exec?p=alpha-strength-review-natural-supplement-for-healthy-testosterone,https://abretas.github.io/health-reviews-directory-2026/p/alpha-strength-review-natural-supplement-for-healthy-testosterone.html
44,Alpha Surge Review: Supplement For Unleash Primal Vitality,https://script.google.com/macros/s/AKfycbyEg7C5ZKjgkReinWdFyaSxp1lhEGgTAnmLWPQaMGhJpB9quv2v7hbbKNz6QFS_zvy0Lw/exec?p=alpha-surge-review-supplement-for-unleash-primal-vitality,https://abretas.github.io/health-reviews-directory-2026/p/alpha-surge-review-supplement-for-unleash-primal-vitality.html
45,Alpha Switch Reviews – Legit or Not? Read This Before Buying,https://script.google.com/macros/s/AKfycbyEg7C5ZKjgkReinWdFyaSxp1lhEGgTAnmLWPQaMGhJpB9quv2v7hbbKNz6QFS_zvy0Lw/exec?p=alpha-switch-reviews-legit-or-not-read-this-before-buying,https://abretas.github.io/health-reviews-directory-2026/p/alpha-switch-reviews-legit-or-not-read-this-before-buying.html
46,Alpha Tonic  Reviews & Complaints 2026 | Is It Worth it?,https://script.google.com/macros/s/AKfycbyEg7C5ZKjgkReinWdFyaSxp1lhEGgTAnmLWPQaMGhJpB9quv2v7hbbKNz6QFS_zvy0Lw/exec?p=alpha-tonic-reviews-complaints-2026-is-it-worth-it,https://abretas.github.io/health-reviews-directory-2026/p/alpha-tonic-reviews-complaints-2026-is-it-worth-it.html
47,Alpha Tonic Review: Secret T-Booster For The Longest -Living Men,https://script.google.com/macros/s/AKfycbyEg7C5ZKjgkReinWdFyaSxp1lhEGgTAnmLWPQaMGhJpB9quv2v7hbbKNz6QFS_zvy0Lw/exec?p=alpha-tonic-review-secret-t-booster-for-the-longest-living-men,https://abretas.github.io/health-reviews-directory-2026/p/alpha-tonic-review-secret-t-booster-for-the-longest-living-men.html
48,Alpha Tonic Reviews | Complaints 2026 Is It Worth Buying?,https://script.google.com/macros/s/AKfycbyEg7C5ZKjgkReinWdFyaSxp1lhEGgTAnmLWPQaMGhJpB9quv2v7hbbKNz6QFS_zvy0Lw/exec?p=alpha-tonic-reviews-complaints-2026-is-it-worth-buying,https://abretas.github.io/health-reviews-directory-2026/p/alpha-tonic-reviews-complaints-2026-is-it-worth-buying.html
49,Alpha Xtra Boost Review: Natural Supplements For Erectile Dysfunction,https://script.google.com/macros/s/AKfycbyEg7C5ZKjgkReinWdFyaSxp1lhEGgTAnmLWPQaMGhJpB9quv2v7hbbKNz6QFS_zvy0Lw/exec?p=alpha-xtra-boost-review-natural-supplements-for-erectile-dysfunction,https://abretas.github.io/health-reviews-directory-2026/p/alpha-xtra-boost-review-natural-supplements-for-erectile-dysfunction.html
50,Alpha Xtra Boost Reviews,https://script.google.com/macros/s/AKfycbyEg7C5ZKjgkReinWdFyaSxp1lhEGgTAnmLWPQaMGhJpB9quv2v7hbbKNz6QFS_zvy0Lw/exec?p=alpha-xtra-boost-reviews,https://abretas.github.io/health-reviews-directory-2026/p/alpha-xtra-boost-reviews.html
51,AlphaBites Vs Nitric Boost Ultra – Which Is Better?,https://script.google.com/macros/s/AKfycbyEg7C5ZKjgkReinWdFyaSxp1lhEGgTAnmLWPQaMGhJpB9quv2v7hbbKNz6QFS_zvy0Lw/exec?p=alphabites-vs-nitric-boost-ultra-which-is-better,https://abretas.github.io/health-reviews-directory-2026/p/alphabites-vs-nitric-boost-ultra-which-is-better.html
52,Alpilean Reviews,https://script.google.com/macros/s/AKfycbyEg7C5ZKjgkReinWdFyaSxp1lhEGgTAnmLWPQaMGhJpB9quv2v7hbbKNz6QFS_zvy0Lw/exec?p=alpilean-reviews,https://abretas.github.io/health-reviews-directory-2026/p/alpilean-reviews.html
53,Altai Balance Review: Unveiling the Truth Behind the Formula,https://script.google.com/macros/s/AKfycbyEg7C5ZKjgkReinWdFyaSxp1lhEGgTAnmLWPQaMGhJpB9quv2v7hbbKNz6QFS_zvy0Lw/exec?p=altai-balance-review-unveiling-the-truth-behind-the-formula,https://abretas.github.io/health-reviews-directory-2026/p/altai-balance-review-unveiling-the-truth-behind-the-formula.html
54,Amiclear For Diabetes Reviews - Drops For Blood Sugar Supports Works,https://script.google.com/macros/s/AKfycbyEg7C5ZKjgkReinWdFyaSxp1lhEGgTAnmLWPQaMGhJpB9quv2v7hbbKNz6QFS_zvy0Lw/exec?p=amiclear-for-diabetes-reviews-drops-for-blood-sugar-supports-works,https://abretas.github.io/health-reviews-directory-2026/p/amiclear-for-diabetes-reviews-drops-for-blood-sugar-supports-works.html
55,Amiclear Reviews,https://script.google.com/macros/s/AKfycbyEg7C5ZKjgkReinWdFyaSxp1lhEGgTAnmLWPQaMGhJpB9quv2v7hbbKNz6QFS_zvy0Lw/exec?p=amiclear-reviews,https://abretas.github.io/health-reviews-directory-2026/p/amiclear-reviews.html
56,Amyl Guard Review: Proven Weight Loss Supplement That Works,https://script.google.com/macros/s/AKfycbyEg7C5ZKjgkReinWdFyaSxp1lhEGgTAnmLWPQaMGhJpB9quv2v7hbbKNz6QFS_zvy0Lw/exec?p=amyl-guard-review-proven-weight-loss-supplement-that-works,https://abretas.github.io/health-reviews-directory-2026/p/amyl-guard-review-proven-weight-loss-supplement-that-works.html
57,Amyl Guard Reviews & Complaints 2026 | Is It Scam?,https://script.google.com/macros/s/AKfycbyEg7C5ZKjgkReinWdFyaSxp1lhEGgTAnmLWPQaMGhJpB9quv2v7hbbKNz6QFS_zvy0Lw/exec?p=amyl-guard-reviews-complaints-2026-is-it-scam,https://abretas.github.io/health-reviews-directory-2026/p/amyl-guard-reviews-complaints-2026-is-it-scam.html
58,Amyl Guard Reviews & Complaints 2026 | Is It Worth it?,https://script.google.com/macros/s/AKfycbyEg7C5ZKjgkReinWdFyaSxp1lhEGgTAnmLWPQaMGhJpB9quv2v7hbbKNz6QFS_zvy0Lw/exec?p=amyl-guard-reviews-complaints-2026-is-it-worth-it,https://abretas.github.io/health-reviews-directory-2026/p/amyl-guard-reviews-complaints-2026-is-it-worth-it.html
59,Ancient Illuminati Code Review: Secrets of Manifesting Abundance,https://script.google.com/macros/s/AKfycbyEg7C5ZKjgkReinWdFyaSxp1lhEGgTAnmLWPQaMGhJpB9quv2v7hbbKNz6QFS_zvy0Lw/exec?p=ancient-illuminati-code-review-secrets-of-manifesting-abundance,https://abretas.github.io/health-reviews-directory-2026/p/ancient-illuminati-code-review-secrets-of-manifesting-abundance.html
60,Angelic Divine Prayer Review: Unlock God’s Divine Blessings,https://script.google.com/macros/s/AKfycbyEg7C5ZKjgkReinWdFyaSxp1lhEGgTAnmLWPQaMGhJpB9quv2v7hbbKNz6QFS_zvy0Lw/exec?p=angelic-divine-prayer-review-unlock-god-s-divine-blessings,https://abretas.github.io/health-reviews-directory-2026/p/angelic-divine-prayer-review-unlock-god-s-divine-blessings.html
61,Angelic Prayer Code Review: Prayer That Opens Heaven’s Doors,https://script.google.com/macros/s/AKfycbyEg7C5ZKjgkReinWdFyaSxp1lhEGgTAnmLWPQaMGhJpB9quv2v7hbbKNz6QFS_zvy0Lw/exec?p=angelic-prayer-code-review-prayer-that-opens-heaven-s-doors,https://abretas.github.io/health-reviews-directory-2026/p/angelic-prayer-code-review-prayer-that-opens-heaven-s-doors.html
62,AppaNail  Reviews & Complaints | Is It Worth it?,https://script.google.com/macros/s/AKfycbyEg7C5ZKjgkReinWdFyaSxp1lhEGgTAnmLWPQaMGhJpB9quv2v7hbbKNz6QFS_zvy0Lw/exec?p=appanail-reviews-complaints-is-it-worth-it,https://abretas.github.io/health-reviews-directory-2026/p/appanail-reviews-complaints-is-it-worth-it.html
63,AppaNail Review: The Ancient Solution For Healthy Nails & Feet,https://script.google.com/macros/s/AKfycbyEg7C5ZKjgkReinWdFyaSxp1lhEGgTAnmLWPQaMGhJpB9quv2v7hbbKNz6QFS_zvy0Lw/exec?p=appanail-review-the-ancient-solution-for-healthy-nails-feet,https://abretas.github.io/health-reviews-directory-2026/p/appanail-review-the-ancient-solution-for-healthy-nails-feet.html
64,AppaNail Reviews & Complaints 2026 | Is it Worth Buying?,https://script.google.com/macros/s/AKfycbyEg7C5ZKjgkReinWdFyaSxp1lhEGgTAnmLWPQaMGhJpB9quv2v7hbbKNz6QFS_zvy0Lw/exec?p=appanail-reviews-complaints-2026-is-it-worth-buying,https://abretas.github.io/health-reviews-directory-2026/p/appanail-reviews-complaints-2026-is-it-worth-buying.html
65,"AppaNail Reviews: A Comprehensive Analysis on Ingredients, Benefits & Side Effects",https://script.google.com/macros/s/AKfycbyEg7C5ZKjgkReinWdFyaSxp1lhEGgTAnmLWPQaMGhJpB9quv2v7hbbKNz6QFS_zvy0Lw/exec?p=appanail-reviews-a-comprehensive-analysis-on-ingredients-benefits-side-effects,https://abretas.github.io/health-reviews-directory-2026/p/appanail-reviews-a-comprehensive-analysis-on-ingredients-benefits-side-effects.html
66,Appanail Reviews Complaints 2026 Is It Worth Buying 2,https://script.google.com/macros/s/AKfycbyEg7C5ZKjgkReinWdFyaSxp1lhEGgTAnmLWPQaMGhJpB9quv2v7hbbKNz6QFS_zvy0Lw/exec?p=appanail-reviews-complaints-2026-is-it-worth-buying-2,https://abretas.github.io/health-reviews-directory-2026/p/appanail-reviews-complaints-2026-is-it-worth-buying-2.html
67,Aqua Tower 2026 Reviews | Is It Worth Your Money?,https://script.google.com/macros/s/AKfycbyEg7C5ZKjgkReinWdFyaSxp1lhEGgTAnmLWPQaMGhJpB9quv2v7hbbKNz6QFS_zvy0Lw/exec?p=aqua-tower-2026-reviews-is-it-worth-your-money,https://abretas.github.io/health-reviews-directory-2026/p/aqua-tower-2026-reviews-is-it-worth-your-money.html
68,Aqua Tower Reviews,https://script.google.com/macros/s/AKfycbyEg7C5ZKjgkReinWdFyaSxp1lhEGgTAnmLWPQaMGhJpB9quv2v7hbbKNz6QFS_zvy0Lw/exec?p=aqua-tower-reviews,https://abretas.github.io/health-reviews-directory-2026/p/aqua-tower-reviews.html
69,Aqua Tower Reviews & Complaints 2026 | Is it Scam?,https://script.google.com/macros/s/AKfycbyEg7C5ZKjgkReinWdFyaSxp1lhEGgTAnmLWPQaMGhJpB9quv2v7hbbKNz6QFS_zvy0Lw/exec?p=aqua-tower-reviews-complaints-2026-is-it-scam,https://abretas.github.io/health-reviews-directory-2026/p/aqua-tower-reviews-complaints-2026-is-it-scam.html
70,Aqua Tower System Review: System That Extracts Water from Thin Air,https://script.google.com/macros/s/AKfycbyEg7C5ZKjgkReinWdFyaSxp1lhEGgTAnmLWPQaMGhJpB9quv2v7hbbKNz6QFS_zvy0Lw/exec?p=aqua-tower-system-review-system-that-extracts-water-from-thin-air,https://abretas.github.io/health-reviews-directory-2026/p/aqua-tower-system-review-system-that-extracts-water-from-thin-air.html
71,AquaBurn Reviews,https://script.google.com/macros/s/AKfycbyEg7C5ZKjgkReinWdFyaSxp1lhEGgTAnmLWPQaMGhJpB9quv2v7hbbKNz6QFS_zvy0Lw/exec?p=aquaburn-reviews,https://abretas.github.io/health-reviews-directory-2026/p/aquaburn-reviews.html
72,AquaPeace Review: Proven Hearing Supplement For Healthy Ears,https://script.google.com/macros/s/AKfycbyEg7C5ZKjgkReinWdFyaSxp1lhEGgTAnmLWPQaMGhJpB9quv2v7hbbKNz6QFS_zvy0Lw/exec?p=aquapeace-review-proven-hearing-supplement-for-healthy-ears,https://abretas.github.io/health-reviews-directory-2026/p/aquapeace-review-proven-hearing-supplement-for-healthy-ears.html
73,Aquapeace Reviews,https://script.google.com/macros/s/AKfycbyEg7C5ZKjgkReinWdFyaSxp1lhEGgTAnmLWPQaMGhJpB9quv2v7hbbKNz6QFS_zvy0Lw/exec?p=aquapeace-reviews,https://abretas.github.io/health-reviews-directory-2026/p/aquapeace-reviews.html
74,Archangel Health Prayers Review: Healing Prayers for Optimum Health,https://script.google.com/macros/s/AKfycbyEg7C5ZKjgkReinWdFyaSxp1lhEGgTAnmLWPQaMGhJpB9quv2v7hbbKNz6QFS_zvy0Lw/exec?p=archangel-health-prayers-review-healing-prayers-for-optimum-health,https://abretas.github.io/health-reviews-directory-2026/p/archangel-health-prayers-review-healing-prayers-for-optimum-health.html
75,Arctic Blast Pain Drops Reviews: Pain Relief Liquid Supplement,https://script.google.com/macros/s/AKfycbyEg7C5ZKjgkReinWdFyaSxp1lhEGgTAnmLWPQaMGhJpB9quv2v7hbbKNz6QFS_zvy0Lw/exec?p=arctic-blast-pain-drops-reviews-pain-relief-liquid-supplement,https://abretas.github.io/health-reviews-directory-2026/p/arctic-blast-pain-drops-reviews-pain-relief-liquid-supplement.html
76,Arctic Blast Review: Cooling Liquid Pain-Relieving Formula That Works,https://script.google.com/macros/s/AKfycbyEg7C5ZKjgkReinWdFyaSxp1lhEGgTAnmLWPQaMGhJpB9quv2v7hbbKNz6QFS_zvy0Lw/exec?p=arctic-blast-review-cooling-liquid-pain-relieving-formula-that-works,https://abretas.github.io/health-reviews-directory-2026/p/arctic-blast-review-cooling-liquid-pain-relieving-formula-that-works.html
77,Arctic Blast Reviews,https://script.google.com/macros/s/AKfycbyEg7C5ZKjgkReinWdFyaSxp1lhEGgTAnmLWPQaMGhJpB9quv2v7hbbKNz6QFS_zvy0Lw/exec?p=arctic-blast-reviews,https://abretas.github.io/health-reviews-directory-2026/p/arctic-blast-reviews.html
78,Arctic Blast Reviews & Complaints | Is It Worth Buying?,https://script.google.com/macros/s/AKfycbyEg7C5ZKjgkReinWdFyaSxp1lhEGgTAnmLWPQaMGhJpB9quv2v7hbbKNz6QFS_zvy0Lw/exec?p=arctic-blast-reviews-complaints-is-it-worth-buying,https://abretas.github.io/health-reviews-directory-2026/p/arctic-blast-reviews-complaints-is-it-worth-buying.html
79,Arctic Blast Reviews & Complaints | Is It Worth it?,https://script.google.com/macros/s/AKfycbyEg7C5ZKjgkReinWdFyaSxp1lhEGgTAnmLWPQaMGhJpB9quv2v7hbbKNz6QFS_zvy0Lw/exec?p=arctic-blast-reviews-complaints-is-it-worth-it,https://abretas.github.io/health-reviews-directory-2026/p/arctic-blast-reviews-complaints-is-it-worth-it.html
80,Arteris Plus Reviews,https://script.google.com/macros/s/AKfycbyEg7C5ZKjgkReinWdFyaSxp1lhEGgTAnmLWPQaMGhJpB9quv2v7hbbKNz6QFS_zvy0Lw/exec?p=arteris-plus-reviews,https://abretas.github.io/health-reviews-directory-2026/p/arteris-plus-reviews.html
81,Astral Liberation Code Reviews | Is It Worth Your Money?,https://script.google.com/macros/s/AKfycbyEg7C5ZKjgkReinWdFyaSxp1lhEGgTAnmLWPQaMGhJpB9quv2v7hbbKNz6QFS_zvy0Lw/exec?p=astral-liberation-code-reviews-is-it-worth-your-money,https://abretas.github.io/health-reviews-directory-2026/p/astral-liberation-code-reviews-is-it-worth-your-money.html
82,Astral Treasury Review: The Surefire HypnoTranquility Method,https://script.google.com/macros/s/AKfycbyEg7C5ZKjgkReinWdFyaSxp1lhEGgTAnmLWPQaMGhJpB9quv2v7hbbKNz6QFS_zvy0Lw/exec?p=astral-treasury-review-the-surefire-hypnotranquility-method,https://abretas.github.io/health-reviews-directory-2026/p/astral-treasury-review-the-surefire-hypnotranquility-method.html
83,Astro Manifestation Review: Real Results or Hype,https://script.google.com/macros/s/AKfycbyEg7C5ZKjgkReinWdFyaSxp1lhEGgTAnmLWPQaMGhJpB9quv2v7hbbKNz6QFS_zvy0Lw/exec?p=astro-manifestation-review-real-results-or-hype,https://abretas.github.io/health-reviews-directory-2026/p/astro-manifestation-review-real-results-or-hype.html
84,AstroVedic Reading Review: Discover the Secret Qualities Within YOU,https://script.google.com/macros/s/AKfycbyEg7C5ZKjgkReinWdFyaSxp1lhEGgTAnmLWPQaMGhJpB9quv2v7hbbKNz6QFS_zvy0Lw/exec?p=astrovedic-reading-review-discover-the-secret-qualities-within-you,https://abretas.github.io/health-reviews-directory-2026/p/astrovedic-reading-review-discover-the-secret-qualities-within-you.html
85,AudiFort Reviews & Complaints 2026 | Is it Scam?,https://script.google.com/macros/s/AKfycbyEg7C5ZKjgkReinWdFyaSxp1lhEGgTAnmLWPQaMGhJpB9quv2v7hbbKNz6QFS_zvy0Lw/exec?p=audifort-reviews-complaints-2026-is-it-scam,https://abretas.github.io/health-reviews-directory-2026/p/audifort-reviews-complaints-2026-is-it-scam.html
86,"AudiFort Reviews: Real Results, Benefits & Worth Buying?",https://script.google.com/macros/s/AKfycbyEg7C5ZKjgkReinWdFyaSxp1lhEGgTAnmLWPQaMGhJpB9quv2v7hbbKNz6QFS_zvy0Lw/exec?p=audifort-reviews-real-results-benefits-worth-buying,https://abretas.github.io/health-reviews-directory-2026/p/audifort-reviews-real-results-benefits-worth-buying.html
87,Audifort Complex Reviews: Real User Results + Expert Verdict,https://script.google.com/macros/s/AKfycbyEg7C5ZKjgkReinWdFyaSxp1lhEGgTAnmLWPQaMGhJpB9quv2v7hbbKNz6QFS_zvy0Lw/exec?p=audifort-complex-reviews-real-user-results-expert-verdict,https://abretas.github.io/health-reviews-directory-2026/p/audifort-complex-reviews-real-user-results-expert-verdict.html
88,Audifort Review 2026 – Is It Worth Trying for Tinnitus Relief?,https://script.google.com/macros/s/AKfycbyEg7C5ZKjgkReinWdFyaSxp1lhEGgTAnmLWPQaMGhJpB9quv2v7hbbKNz6QFS_zvy0Lw/exec?p=audifort-review-2026-is-it-worth-trying-for-tinnitus-relief,https://abretas.github.io/health-reviews-directory-2026/p/audifort-review-2026-is-it-worth-trying-for-tinnitus-relief.html
89,Audifort Review: Top Supplement For Brain and Hearing,https://script.google.com/macros/s/AKfycbyEg7C5ZKjgkReinWdFyaSxp1lhEGgTAnmLWPQaMGhJpB9quv2v7hbbKNz6QFS_zvy0Lw/exec?p=audifort-review-top-supplement-for-brain-and-hearing,https://abretas.github.io/health-reviews-directory-2026/p/audifort-review-top-supplement-for-brain-and-hearing.html
90,Awaken XT Review: Ground-Breaking Pineal Gland Supplement,https://script.google.com/macros/s/AKfycbyEg7C5ZKjgkReinWdFyaSxp1lhEGgTAnmLWPQaMGhJpB9quv2v7hbbKNz6QFS_zvy0Lw/exec?p=awaken-xt-review-ground-breaking-pineal-gland-supplement,https://abretas.github.io/health-reviews-directory-2026/p/awaken-xt-review-ground-breaking-pineal-gland-supplement.html
91,Awaken XT Reviews  & Complaints 2026 | Is It Worth it?,https://script.google.com/macros/s/AKfycbyEg7C5ZKjgkReinWdFyaSxp1lhEGgTAnmLWPQaMGhJpB9quv2v7hbbKNz6QFS_zvy0Lw/exec?p=awaken-xt-reviews-complaints-2026-is-it-worth-it,https://abretas.github.io/health-reviews-directory-2026/p/awaken-xt-reviews-complaints-2026-is-it-worth-it.html
92,BP Zone Reviews & Complaints 2026 | Is It Worth Trying?,https://script.google.com/macros/s/AKfycbyEg7C5ZKjgkReinWdFyaSxp1lhEGgTAnmLWPQaMGhJpB9quv2v7hbbKNz6QFS_zvy0Lw/exec?p=bp-zone-reviews-complaints-2026-is-it-worth-trying,https://abretas.github.io/health-reviews-directory-2026/p/bp-zone-reviews-complaints-2026-is-it-worth-trying.html
93,BP Zone Reviews (2026): Natural Blood Pressure Support or Just Hype,https://script.google.com/macros/s/AKfycbyEg7C5ZKjgkReinWdFyaSxp1lhEGgTAnmLWPQaMGhJpB9quv2v7hbbKNz6QFS_zvy0Lw/exec?p=bp-zone-reviews-2026-natural-blood-pressure-support-or-just-hype,https://abretas.github.io/health-reviews-directory-2026/p/bp-zone-reviews-2026-natural-blood-pressure-support-or-just-hype.html
94,BURN PLUS Supplement Review: Reach Your Dream Weight Quickly,https://script.google.com/macros/s/AKfycbyEg7C5ZKjgkReinWdFyaSxp1lhEGgTAnmLWPQaMGhJpB9quv2v7hbbKNz6QFS_zvy0Lw/exec?p=burn-plus-supplement-review-reach-your-dream-weight-quickly,https://abretas.github.io/health-reviews-directory-2026/p/burn-plus-supplement-review-reach-your-dream-weight-quickly.html
95,Back Pain Breakthrough Review: Dr Steve Young Proven Masterclass,https://script.google.com/macros/s/AKfycbyEg7C5ZKjgkReinWdFyaSxp1lhEGgTAnmLWPQaMGhJpB9quv2v7hbbKNz6QFS_zvy0Lw/exec?p=back-pain-breakthrough-review-dr-steve-young-proven-masterclass,https://abretas.github.io/health-reviews-directory-2026/p/back-pain-breakthrough-review-dr-steve-young-proven-masterclass.html
96,Back Pain Breakthrough Reviews & Complaints 2026 | Is It Scam?,https://script.google.com/macros/s/AKfycbyEg7C5ZKjgkReinWdFyaSxp1lhEGgTAnmLWPQaMGhJpB9quv2v7hbbKNz6QFS_zvy0Lw/exec?p=back-pain-breakthrough-reviews-complaints-2026-is-it-scam,https://abretas.github.io/health-reviews-directory-2026/p/back-pain-breakthrough-reviews-complaints-2026-is-it-scam.html
97,Back Pain Breakthrough Reviews – Is Back Pain Breakthrough Program Worth Buying?,https://script.google.com/macros/s/AKfycbyEg7C5ZKjgkReinWdFyaSxp1lhEGgTAnmLWPQaMGhJpB9quv2v7hbbKNz6QFS_zvy0Lw/exec?p=back-pain-breakthrough-reviews-is-back-pain-breakthrough-program-worth-buying,https://abretas.github.io/health-reviews-directory-2026/p/back-pain-breakthrough-reviews-is-back-pain-breakthrough-program-worth-buying.html
98,Back Pain Relief 4 Life Reviews,https://script.google.com/macros/s/AKfycbyEg7C5ZKjgkReinWdFyaSxp1lhEGgTAnmLWPQaMGhJpB9quv2v7hbbKNz6QFS_zvy0Lw/exec?p=back-pain-relief-4-life-reviews,https://abretas.github.io/health-reviews-directory-2026/p/back-pain-relief-4-life-reviews.html
99,Backyard Eggs: The Ultimate Guide to Raising Chickens for Eggs,https://script.google.com/macros/s/AKfycbyEg7C5ZKjgkReinWdFyaSxp1lhEGgTAnmLWPQaMGhJpB9quv2v7hbbKNz6QFS_zvy0Lw/exec?p=backyard-eggs-the-ultimate-guide-to-raising-chickens-for-eggs,https://abretas.github.io/health-reviews-directory-2026/p/backyard-eggs-the-ultimate-guide-to-raising-chickens-for-eggs.html
100,Backyard Revolution Review: Breakthrough That Save Your Power Bills,https://script.google.com/macros/s/AKfycbyEg7C5ZKjgkReinWdFyaSxp1lhEGgTAnmLWPQaMGhJpB9quv2v7hbbKNz6QFS_zvy0Lw/exec?p=backyard-revolution-review-breakthrough-that-save-your-power-bills,https://abretas.github.io/health-reviews-directory-2026/p/backyard-revolution-review-breakthrough-that-save-your-power-bills.html
101,BalMorex Pro Reviews,https://script.google.com/macros/s/AKfycbyEg7C5ZKjgkReinWdFyaSxp1lhEGgTAnmLWPQaMGhJpB9quv2v7hbbKNz6QFS_zvy0Lw/exec?p=balmorex-pro-reviews,https://abretas.github.io/health-reviews-directory-2026/p/balmorex-pro-reviews.html
102,BalMorex Pro Where to Buy,https://script.google.com/macros/s/AKfycbyEg7C5ZKjgkReinWdFyaSxp1lhEGgTAnmLWPQaMGhJpB9quv2v7hbbKNz6QFS_zvy0Lw/exec?p=balmorex-pro-where-to-buy,https://abretas.github.io/health-reviews-directory-2026/p/balmorex-pro-where-to-buy.html
103,"Balmorex Pro Review: Proven Cream For Healthy Joints, Back and Muscles",https://script.google.com/macros/s/AKfycbyEg7C5ZKjgkReinWdFyaSxp1lhEGgTAnmLWPQaMGhJpB9quv2v7hbbKNz6QFS_zvy0Lw/exec?p=balmorex-pro-review-proven-cream-for-healthy-joints-back-and-muscles,https://abretas.github.io/health-reviews-directory-2026/p/balmorex-pro-review-proven-cream-for-healthy-joints-back-and-muscles.html
104,Balmorex Pro Reviews 2026: Scam or Legit Pain Relief?,https://script.google.com/macros/s/AKfycbyEg7C5ZKjgkReinWdFyaSxp1lhEGgTAnmLWPQaMGhJpB9quv2v7hbbKNz6QFS_zvy0Lw/exec?p=balmorex-pro-reviews-2026-scam-or-legit-pain-relief,https://abretas.github.io/health-reviews-directory-2026/p/balmorex-pro-reviews-2026-scam-or-legit-pain-relief.html
105,BazoPril Reviews : Does It Really Work For Heart Health,https://script.google.com/macros/s/AKfycbyEg7C5ZKjgkReinWdFyaSxp1lhEGgTAnmLWPQaMGhJpB9quv2v7hbbKNz6QFS_zvy0Lw/exec?p=bazopril-reviews-does-it-really-work-for-heart-health,https://abretas.github.io/health-reviews-directory-2026/p/bazopril-reviews-does-it-really-work-for-heart-health.html
106,Bazopril Review: Proven Blood Pressure Supplement That Works,https://script.google.com/macros/s/AKfycbyEg7C5ZKjgkReinWdFyaSxp1lhEGgTAnmLWPQaMGhJpB9quv2v7hbbKNz6QFS_zvy0Lw/exec?p=bazopril-review-proven-blood-pressure-supplement-that-works,https://abretas.github.io/health-reviews-directory-2026/p/bazopril-review-proven-blood-pressure-supplement-that-works.html
107,Bazopril Reviews – Is This Worth Your Money?,https://script.google.com/macros/s/AKfycbyEg7C5ZKjgkReinWdFyaSxp1lhEGgTAnmLWPQaMGhJpB9quv2v7hbbKNz6QFS_zvy0Lw/exec?p=bazopril-reviews-is-this-worth-your-money,https://abretas.github.io/health-reviews-directory-2026/p/bazopril-reviews-is-this-worth-your-money.html
108,Bazopril Supplement Reviews: Blood Sugar Supports That Works,https://script.google.com/macros/s/AKfycbyEg7C5ZKjgkReinWdFyaSxp1lhEGgTAnmLWPQaMGhJpB9quv2v7hbbKNz6QFS_zvy0Lw/exec?p=bazopril-supplement-reviews-blood-sugar-supports-that-works,https://abretas.github.io/health-reviews-directory-2026/p/bazopril-supplement-reviews-blood-sugar-supports-that-works.html
109,BellyFlush Reviews & Complaints 2026 | Is it Scam?,https://script.google.com/macros/s/AKfycbyEg7C5ZKjgkReinWdFyaSxp1lhEGgTAnmLWPQaMGhJpB9quv2v7hbbKNz6QFS_zvy0Lw/exec?p=bellyflush-reviews-complaints-2026-is-it-scam,https://abretas.github.io/health-reviews-directory-2026/p/bellyflush-reviews-complaints-2026-is-it-scam.html
110,BellyFlush Reviews 2026: Does This Gut Cleanse Really Work?,https://script.google.com/macros/s/AKfycbyEg7C5ZKjgkReinWdFyaSxp1lhEGgTAnmLWPQaMGhJpB9quv2v7hbbKNz6QFS_zvy0Lw/exec?p=bellyflush-reviews-2026-does-this-gut-cleanse-really-work,https://abretas.github.io/health-reviews-directory-2026/p/bellyflush-reviews-2026-does-this-gut-cleanse-really-work.html
111,BellyFlush Reviews | Is It a Scam? (My Honest Experience!),https://script.google.com/macros/s/AKfycbyEg7C5ZKjgkReinWdFyaSxp1lhEGgTAnmLWPQaMGhJpB9quv2v7hbbKNz6QFS_zvy0Lw/exec?p=bellyflush-reviews-is-it-a-scam-my-honest-experience,https://abretas.github.io/health-reviews-directory-2026/p/bellyflush-reviews-is-it-a-scam-my-honest-experience.html
112,"BellyFlush Reviews: Ingredients, Benefits & Side Effects",https://script.google.com/macros/s/AKfycbyEg7C5ZKjgkReinWdFyaSxp1lhEGgTAnmLWPQaMGhJpB9quv2v7hbbKNz6QFS_zvy0Lw/exec?p=bellyflush-reviews-ingredients-benefits-side-effects,https://abretas.github.io/health-reviews-directory-2026/p/bellyflush-reviews-ingredients-benefits-side-effects.html
113,Best Fat Burner For Stubborn Belly Fat: Flatten Your Tummy,https://script.google.com/macros/s/AKfycbyEg7C5ZKjgkReinWdFyaSxp1lhEGgTAnmLWPQaMGhJpB9quv2v7hbbKNz6QFS_zvy0Lw/exec?p=best-fat-burner-for-stubborn-belly-fat-flatten-your-tummy,https://abretas.github.io/health-reviews-directory-2026/p/best-fat-burner-for-stubborn-belly-fat-flatten-your-tummy.html
114,Billionaire Bioscience Code Review: Unveiling the­ Truth,https://script.google.com/macros/s/AKfycbyEg7C5ZKjgkReinWdFyaSxp1lhEGgTAnmLWPQaMGhJpB9quv2v7hbbKNz6QFS_zvy0Lw/exec?p=billionaire-bioscience-code-review-unveiling-the-truth,https://abretas.github.io/health-reviews-directory-2026/p/billionaire-bioscience-code-review-unveiling-the-truth.html
115,Billionaire Bioscience Code Reviews - Unlocking Manifestation,https://script.google.com/macros/s/AKfycbyEg7C5ZKjgkReinWdFyaSxp1lhEGgTAnmLWPQaMGhJpB9quv2v7hbbKNz6QFS_zvy0Lw/exec?p=billionaire-bioscience-code-reviews-unlocking-manifestation,https://abretas.github.io/health-reviews-directory-2026/p/billionaire-bioscience-code-reviews-unlocking-manifestation.html
116,Billionaire Brain Wave  Reviews Complaints | Is It Worth it?,https://script.google.com/macros/s/AKfycbyEg7C5ZKjgkReinWdFyaSxp1lhEGgTAnmLWPQaMGhJpB9quv2v7hbbKNz6QFS_zvy0Lw/exec?p=billionaire-brain-wave-reviews-complaints-is-it-worth-it,https://abretas.github.io/health-reviews-directory-2026/p/billionaire-brain-wave-reviews-complaints-is-it-worth-it.html
117,Billionaire Brain Wave Review: Unlock Wealth and Happiness,https://script.google.com/macros/s/AKfycbyEg7C5ZKjgkReinWdFyaSxp1lhEGgTAnmLWPQaMGhJpB9quv2v7hbbKNz6QFS_zvy0Lw/exec?p=billionaire-brain-wave-review-unlock-wealth-and-happiness,https://abretas.github.io/health-reviews-directory-2026/p/billionaire-brain-wave-review-unlock-wealth-and-happiness.html
118,Billionaire Brain Wave Reviews,https://script.google.com/macros/s/AKfycbyEg7C5ZKjgkReinWdFyaSxp1lhEGgTAnmLWPQaMGhJpB9quv2v7hbbKNz6QFS_zvy0Lw/exec?p=billionaire-brain-wave-reviews,https://abretas.github.io/health-reviews-directory-2026/p/billionaire-brain-wave-reviews.html
119,Billionaire Brain Wave Reviews Complaints Is It Worth It 2,https://script.google.com/macros/s/AKfycbyEg7C5ZKjgkReinWdFyaSxp1lhEGgTAnmLWPQaMGhJpB9quv2v7hbbKNz6QFS_zvy0Lw/exec?p=billionaire-brain-wave-reviews-complaints-is-it-worth-it-2,https://abretas.github.io/health-reviews-directory-2026/p/billionaire-brain-wave-reviews-complaints-is-it-worth-it-2.html
120,Billionaire Brain Wave Reviews | Is It Worth It?,https://script.google.com/macros/s/AKfycbyEg7C5ZKjgkReinWdFyaSxp1lhEGgTAnmLWPQaMGhJpB9quv2v7hbbKNz6QFS_zvy0Lw/exec?p=billionaire-brain-wave-reviews-is-it-worth-it,https://abretas.github.io/health-reviews-directory-2026/p/billionaire-brain-wave-reviews-is-it-worth-it.html
121,BioDentix Reviews & Complaints 2026 | Is it Worth Buying?,https://script.google.com/macros/s/AKfycbyEg7C5ZKjgkReinWdFyaSxp1lhEGgTAnmLWPQaMGhJpB9quv2v7hbbKNz6QFS_zvy0Lw/exec?p=biodentix-reviews-complaints-2026-is-it-worth-buying,https://abretas.github.io/health-reviews-directory-2026/p/biodentix-reviews-complaints-2026-is-it-worth-buying.html
122,BioLean Review: Revolutionary Natural Supplement for Weight Loss,https://script.google.com/macros/s/AKfycbyEg7C5ZKjgkReinWdFyaSxp1lhEGgTAnmLWPQaMGhJpB9quv2v7hbbKNz6QFS_zvy0Lw/exec?p=biolean-review-revolutionary-natural-supplement-for-weight-loss,https://abretas.github.io/health-reviews-directory-2026/p/biolean-review-revolutionary-natural-supplement-for-weight-loss.html
123,BioLean Reviews,https://script.google.com/macros/s/AKfycbyEg7C5ZKjgkReinWdFyaSxp1lhEGgTAnmLWPQaMGhJpB9quv2v7hbbKNz6QFS_zvy0Lw/exec?p=biolean-reviews,https://abretas.github.io/health-reviews-directory-2026/p/biolean-reviews.html
124,BioVanish Review: The Ultimate Weight Loss Supplement That Works,https://script.google.com/macros/s/AKfycbyEg7C5ZKjgkReinWdFyaSxp1lhEGgTAnmLWPQaMGhJpB9quv2v7hbbKNz6QFS_zvy0Lw/exec?p=biovanish-review-the-ultimate-weight-loss-supplement-that-works,https://abretas.github.io/health-reviews-directory-2026/p/biovanish-review-the-ultimate-weight-loss-supplement-that-works.html
125,Biodynamix Joint Genesis Reviews - Proven Supplement For Joint Pain Relief,https://script.google.com/macros/s/AKfycbyEg7C5ZKjgkReinWdFyaSxp1lhEGgTAnmLWPQaMGhJpB9quv2v7hbbKNz6QFS_zvy0Lw/exec?p=biodynamix-joint-genesis-reviews-proven-supplement-for-joint-pain-relief,https://abretas.github.io/health-reviews-directory-2026/p/biodynamix-joint-genesis-reviews-proven-supplement-for-joint-pain-relief.html
126,Biolean Weight Loss Supplement Reviews: Real Informed Decisions,https://script.google.com/macros/s/AKfycbyEg7C5ZKjgkReinWdFyaSxp1lhEGgTAnmLWPQaMGhJpB9quv2v7hbbKNz6QFS_zvy0Lw/exec?p=biolean-weight-loss-supplement-reviews-real-informed-decisions,https://abretas.github.io/health-reviews-directory-2026/p/biolean-weight-loss-supplement-reviews-real-informed-decisions.html
127,Biosonic Bloom Review: Unlock Massive Growth Of Abundance And Wealth,https://script.google.com/macros/s/AKfycbyEg7C5ZKjgkReinWdFyaSxp1lhEGgTAnmLWPQaMGhJpB9quv2v7hbbKNz6QFS_zvy0Lw/exec?p=biosonic-bloom-review-unlock-massive-growth-of-abundance-and-wealth,https://abretas.github.io/health-reviews-directory-2026/p/biosonic-bloom-review-unlock-massive-growth-of-abundance-and-wealth.html
128,BlackOps Elite Survival Strategies Reviews 2026: Is it Scam?,https://script.google.com/macros/s/AKfycbyEg7C5ZKjgkReinWdFyaSxp1lhEGgTAnmLWPQaMGhJpB9quv2v7hbbKNz6QFS_zvy0Lw/exec?p=blackops-elite-survival-strategies-reviews-2026-is-it-scam,https://abretas.github.io/health-reviews-directory-2026/p/blackops-elite-survival-strategies-reviews-2026-is-it-scam.html
129,Blackout Protocol Reviews & Complaints 2026 | Is It Worth Trying?,https://script.google.com/macros/s/AKfycbyEg7C5ZKjgkReinWdFyaSxp1lhEGgTAnmLWPQaMGhJpB9quv2v7hbbKNz6QFS_zvy0Lw/exec?p=blackout-protocol-reviews-complaints-2026-is-it-worth-trying,https://abretas.github.io/health-reviews-directory-2026/p/blackout-protocol-reviews-complaints-2026-is-it-worth-trying.html
130,Blood Sugar Blaster Review: Legit Supplement That Really Works,https://script.google.com/macros/s/AKfycbyEg7C5ZKjgkReinWdFyaSxp1lhEGgTAnmLWPQaMGhJpB9quv2v7hbbKNz6QFS_zvy0Lw/exec?p=blood-sugar-blaster-review-legit-supplement-that-really-works,https://abretas.github.io/health-reviews-directory-2026/p/blood-sugar-blaster-review-legit-supplement-that-really-works.html
131,Blood Sugar Blaster Reviews,https://script.google.com/macros/s/AKfycbyEg7C5ZKjgkReinWdFyaSxp1lhEGgTAnmLWPQaMGhJpB9quv2v7hbbKNz6QFS_zvy0Lw/exec?p=blood-sugar-blaster-reviews,https://abretas.github.io/health-reviews-directory-2026/p/blood-sugar-blaster-reviews.html
132,Blood Sugar Blaster Reviews & Complaints 2026 | Is It Scam?,https://script.google.com/macros/s/AKfycbyEg7C5ZKjgkReinWdFyaSxp1lhEGgTAnmLWPQaMGhJpB9quv2v7hbbKNz6QFS_zvy0Lw/exec?p=blood-sugar-blaster-reviews-complaints-2026-is-it-scam,https://abretas.github.io/health-reviews-directory-2026/p/blood-sugar-blaster-reviews-complaints-2026-is-it-scam.html
133,Blood Sugar Complete Reviews,https://script.google.com/macros/s/AKfycbyEg7C5ZKjgkReinWdFyaSxp1lhEGgTAnmLWPQaMGhJpB9quv2v7hbbKNz6QFS_zvy0Lw/exec?p=blood-sugar-complete-reviews,https://abretas.github.io/health-reviews-directory-2026/p/blood-sugar-complete-reviews.html
134,Blood Sugar Formula Reviews,https://script.google.com/macros/s/AKfycbyEg7C5ZKjgkReinWdFyaSxp1lhEGgTAnmLWPQaMGhJpB9quv2v7hbbKNz6QFS_zvy0Lw/exec?p=blood-sugar-formula-reviews,https://abretas.github.io/health-reviews-directory-2026/p/blood-sugar-formula-reviews.html
135,Blood Sugar Premier Reviews & Complaints | Is It Worth it?,https://script.google.com/macros/s/AKfycbyEg7C5ZKjgkReinWdFyaSxp1lhEGgTAnmLWPQaMGhJpB9quv2v7hbbKNz6QFS_zvy0Lw/exec?p=blood-sugar-premier-reviews-complaints-is-it-worth-it,https://abretas.github.io/health-reviews-directory-2026/p/blood-sugar-premier-reviews-complaints-is-it-worth-it.html
136,Blood Sugar Premier Reviews [2026] – I’ve Tested it! Full Report Revealed!,https://script.google.com/macros/s/AKfycbyEg7C5ZKjgkReinWdFyaSxp1lhEGgTAnmLWPQaMGhJpB9quv2v7hbbKNz6QFS_zvy0Lw/exec?p=blood-sugar-premier-reviews-2026-i-ve-tested-it-full-report-revealed,https://abretas.github.io/health-reviews-directory-2026/p/blood-sugar-premier-reviews-2026-i-ve-tested-it-full-report-revealed.html
137,Boostaro Reviews & Complaints 2026 | Is It Worth it?,https://script.google.com/macros/s/AKfycbyEg7C5ZKjgkReinWdFyaSxp1lhEGgTAnmLWPQaMGhJpB9quv2v7hbbKNz6QFS_zvy0Lw/exec?p=boostaro-reviews-complaints-2026-is-it-worth-it,https://abretas.github.io/health-reviews-directory-2026/p/boostaro-reviews-complaints-2026-is-it-worth-it.html
138,Boostaro Reviews 2026 | Is It Legit or Scam?,https://script.google.com/macros/s/AKfycbyEg7C5ZKjgkReinWdFyaSxp1lhEGgTAnmLWPQaMGhJpB9quv2v7hbbKNz6QFS_zvy0Lw/exec?p=boostaro-reviews-2026-is-it-legit-or-scam,https://abretas.github.io/health-reviews-directory-2026/p/boostaro-reviews-2026-is-it-legit-or-scam.html
139,Boostaro Reviews 2026 – Is It Truly Worth Trying for Men?,https://script.google.com/macros/s/AKfycbyEg7C5ZKjgkReinWdFyaSxp1lhEGgTAnmLWPQaMGhJpB9quv2v7hbbKNz6QFS_zvy0Lw/exec?p=boostaro-reviews-2026-is-it-truly-worth-trying-for-men,https://abretas.github.io/health-reviews-directory-2026/p/boostaro-reviews-2026-is-it-truly-worth-trying-for-men.html
140,Boostaro Reviews Complaints 2026 Is It Worth It 2,https://script.google.com/macros/s/AKfycbyEg7C5ZKjgkReinWdFyaSxp1lhEGgTAnmLWPQaMGhJpB9quv2v7hbbKNz6QFS_zvy0Lw/exec?p=boostaro-reviews-complaints-2026-is-it-worth-it-2,https://abretas.github.io/health-reviews-directory-2026/p/boostaro-reviews-complaints-2026-is-it-worth-it-2.html
141,Boostaro Reviews Complaints 2026 Is It Worth It 3,https://script.google.com/macros/s/AKfycbyEg7C5ZKjgkReinWdFyaSxp1lhEGgTAnmLWPQaMGhJpB9quv2v7hbbKNz6QFS_zvy0Lw/exec?p=boostaro-reviews-complaints-2026-is-it-worth-it-3,https://abretas.github.io/health-reviews-directory-2026/p/boostaro-reviews-complaints-2026-is-it-worth-it-3.html
142,Boostaro Reviews Is This Worth Your Money 2,https://script.google.com/macros/s/AKfycbyEg7C5ZKjgkReinWdFyaSxp1lhEGgTAnmLWPQaMGhJpB9quv2v7hbbKNz6QFS_zvy0Lw/exec?p=boostaro-reviews-is-this-worth-your-money-2,https://abretas.github.io/health-reviews-directory-2026/p/boostaro-reviews-is-this-worth-your-money-2.html
143,Boostaro Reviews – Is This Worth Your Money?,https://script.google.com/macros/s/AKfycbyEg7C5ZKjgkReinWdFyaSxp1lhEGgTAnmLWPQaMGhJpB9quv2v7hbbKNz6QFS_zvy0Lw/exec?p=boostaro-reviews-is-this-worth-your-money,https://abretas.github.io/health-reviews-directory-2026/p/boostaro-reviews-is-this-worth-your-money.html
144,Boostaro Reviews – Scam or Legit? Read This Before Buying,https://script.google.com/macros/s/AKfycbyEg7C5ZKjgkReinWdFyaSxp1lhEGgTAnmLWPQaMGhJpB9quv2v7hbbKNz6QFS_zvy0Lw/exec?p=boostaro-reviews-scam-or-legit-read-this-before-buying,https://abretas.github.io/health-reviews-directory-2026/p/boostaro-reviews-scam-or-legit-read-this-before-buying.html
145,Booster Brew Reviews & Complaints | Is it Legit Or Scam?,https://script.google.com/macros/s/AKfycbyEg7C5ZKjgkReinWdFyaSxp1lhEGgTAnmLWPQaMGhJpB9quv2v7hbbKNz6QFS_zvy0Lw/exec?p=booster-brew-reviews-complaints-is-it-legit-or-scam,https://abretas.github.io/health-reviews-directory-2026/p/booster-brew-reviews-complaints-is-it-legit-or-scam.html
146,Brain C 13 Reviews Complaints 2026 Is It Worth Trying 2,https://script.google.com/macros/s/AKfycbyEg7C5ZKjgkReinWdFyaSxp1lhEGgTAnmLWPQaMGhJpB9quv2v7hbbKNz6QFS_zvy0Lw/exec?p=brain-c-13-reviews-complaints-2026-is-it-worth-trying-2,https://abretas.github.io/health-reviews-directory-2026/p/brain-c-13-reviews-complaints-2026-is-it-worth-trying-2.html
147,Brain C-13 Reviews & Complaints 2026 | Is It Worth Trying?,https://script.google.com/macros/s/AKfycbyEg7C5ZKjgkReinWdFyaSxp1lhEGgTAnmLWPQaMGhJpB9quv2v7hbbKNz6QFS_zvy0Lw/exec?p=brain-c-13-reviews-complaints-2026-is-it-worth-trying,https://abretas.github.io/health-reviews-directory-2026/p/brain-c-13-reviews-complaints-2026-is-it-worth-trying.html
148,Brain C-13 Reviews 2026: Is This Brain Supplement Worth It?,https://script.google.com/macros/s/AKfycbyEg7C5ZKjgkReinWdFyaSxp1lhEGgTAnmLWPQaMGhJpB9quv2v7hbbKNz6QFS_zvy0Lw/exec?p=brain-c-13-reviews-2026-is-this-brain-supplement-worth-it,https://abretas.github.io/health-reviews-directory-2026/p/brain-c-13-reviews-2026-is-this-brain-supplement-worth-it.html
149,Brain Training For Dogs Reviews - Adrienne Farricelli Program,https://script.google.com/macros/s/AKfycbyEg7C5ZKjgkReinWdFyaSxp1lhEGgTAnmLWPQaMGhJpB9quv2v7hbbKNz6QFS_zvy0Lw/exec?p=brain-training-for-dogs-reviews-adrienne-farricelli-program,https://abretas.github.io/health-reviews-directory-2026/p/brain-training-for-dogs-reviews-adrienne-farricelli-program.html
150,Brain Training for Dogs Review: Unlocking Your Dog's Genius,https://script.google.com/macros/s/AKfycbyEg7C5ZKjgkReinWdFyaSxp1lhEGgTAnmLWPQaMGhJpB9quv2v7hbbKNz6QFS_zvy0Lw/exec?p=brain-training-for-dogs-review-unlocking-your-dog-s-genius,https://abretas.github.io/health-reviews-directory-2026/p/brain-training-for-dogs-review-unlocking-your-dog-s-genius.html
151,BreakFast Burn Reviews,https://script.google.com/macros/s/AKfycbyEg7C5ZKjgkReinWdFyaSxp1lhEGgTAnmLWPQaMGhJpB9quv2v7hbbKNz6QFS_zvy0Lw/exec?p=breakfast-burn-reviews,https://abretas.github.io/health-reviews-directory-2026/p/breakfast-burn-reviews.html
152,Breathe Lung Drops Reviews | My 31-Day Honest Analysis,https://script.google.com/macros/s/AKfycbyEg7C5ZKjgkReinWdFyaSxp1lhEGgTAnmLWPQaMGhJpB9quv2v7hbbKNz6QFS_zvy0Lw/exec?p=breathe-lung-drops-reviews-my-31-day-honest-analysis,https://abretas.github.io/health-reviews-directory-2026/p/breathe-lung-drops-reviews-my-31-day-honest-analysis.html
153,Breathe Lungs Drops Reviews & Complaints | Is It Worth It?,https://script.google.com/macros/s/AKfycbyEg7C5ZKjgkReinWdFyaSxp1lhEGgTAnmLWPQaMGhJpB9quv2v7hbbKNz6QFS_zvy0Lw/exec?p=breathe-lungs-drops-reviews-complaints-is-it-worth-it,https://abretas.github.io/health-reviews-directory-2026/p/breathe-lungs-drops-reviews-complaints-is-it-worth-it.html
154,Breathe Lungs Drops Reviews 2026 | I Tried It For 30 Days,https://script.google.com/macros/s/AKfycbyEg7C5ZKjgkReinWdFyaSxp1lhEGgTAnmLWPQaMGhJpB9quv2v7hbbKNz6QFS_zvy0Lw/exec?p=breathe-lungs-drops-reviews-2026-i-tried-it-for-30-days,https://abretas.github.io/health-reviews-directory-2026/p/breathe-lungs-drops-reviews-2026-i-tried-it-for-30-days.html
155,Breathe Supplement Reviews & Complaints | Is It Scam?,https://script.google.com/macros/s/AKfycbyEg7C5ZKjgkReinWdFyaSxp1lhEGgTAnmLWPQaMGhJpB9quv2v7hbbKNz6QFS_zvy0Lw/exec?p=breathe-supplement-reviews-complaints-is-it-scam,https://abretas.github.io/health-reviews-directory-2026/p/breathe-supplement-reviews-complaints-is-it-scam.html
156,Breathing For Sleep Reviews,https://script.google.com/macros/s/AKfycbyEg7C5ZKjgkReinWdFyaSxp1lhEGgTAnmLWPQaMGhJpB9quv2v7hbbKNz6QFS_zvy0Lw/exec?p=breathing-for-sleep-reviews,https://abretas.github.io/health-reviews-directory-2026/p/breathing-for-sleep-reviews.html
157,Breathing for Sleep Review: Fall Asleep In 2 Minutes Method That Works,https://script.google.com/macros/s/AKfycbyEg7C5ZKjgkReinWdFyaSxp1lhEGgTAnmLWPQaMGhJpB9quv2v7hbbKNz6QFS_zvy0Lw/exec?p=breathing-for-sleep-review-fall-asleep-in-2-minutes-method-that-works,https://abretas.github.io/health-reviews-directory-2026/p/breathing-for-sleep-review-fall-asleep-in-2-minutes-method-that-works.html
158,BridPort Health Liver Support Review: Is It Worth the Hype,https://script.google.com/macros/s/AKfycbyEg7C5ZKjgkReinWdFyaSxp1lhEGgTAnmLWPQaMGhJpB9quv2v7hbbKNz6QFS_zvy0Lw/exec?p=bridport-health-liver-support-review-is-it-worth-the-hype,https://abretas.github.io/health-reviews-directory-2026/p/bridport-health-liver-support-review-is-it-worth-the-hype.html
159,Bridport Health Krill Oil Reviews | Is It Legit & Worth It?,https://script.google.com/macros/s/AKfycbyEg7C5ZKjgkReinWdFyaSxp1lhEGgTAnmLWPQaMGhJpB9quv2v7hbbKNz6QFS_zvy0Lw/exec?p=bridport-health-krill-oil-reviews-is-it-legit-worth-it,https://abretas.github.io/health-reviews-directory-2026/p/bridport-health-krill-oil-reviews-is-it-legit-worth-it.html
160,Burn & Boost Bootcamp Reviews,https://script.google.com/macros/s/AKfycbyEg7C5ZKjgkReinWdFyaSxp1lhEGgTAnmLWPQaMGhJpB9quv2v7hbbKNz6QFS_zvy0Lw/exec?p=burn-boost-bootcamp-reviews,https://abretas.github.io/health-reviews-directory-2026/p/burn-boost-bootcamp-reviews.html
161,Burn Boost Review: Unlocking the Secrets of Weight Loss,https://script.google.com/macros/s/AKfycbyEg7C5ZKjgkReinWdFyaSxp1lhEGgTAnmLWPQaMGhJpB9quv2v7hbbKNz6QFS_zvy0Lw/exec?p=burn-boost-review-unlocking-the-secrets-of-weight-loss,https://abretas.github.io/health-reviews-directory-2026/p/burn-boost-review-unlocking-the-secrets-of-weight-loss.html
162,Burn Boost Reviews,https://script.google.com/macros/s/AKfycbyEg7C5ZKjgkReinWdFyaSxp1lhEGgTAnmLWPQaMGhJpB9quv2v7hbbKNz6QFS_zvy0Lw/exec?p=burn-boost-reviews,https://abretas.github.io/health-reviews-directory-2026/p/burn-boost-reviews.html
163,CHRONOBOOST PRO Review: Perfect Supplement For Sleep and Energy,https://script.google.com/macros/s/AKfycbyEg7C5ZKjgkReinWdFyaSxp1lhEGgTAnmLWPQaMGhJpB9quv2v7hbbKNz6QFS_zvy0Lw/exec?p=chronoboost-pro-review-perfect-supplement-for-sleep-and-energy,https://abretas.github.io/health-reviews-directory-2026/p/chronoboost-pro-review-perfect-supplement-for-sleep-and-energy.html
164,CarboFire Customer Reviews,https://script.google.com/macros/s/AKfycbyEg7C5ZKjgkReinWdFyaSxp1lhEGgTAnmLWPQaMGhJpB9quv2v7hbbKNz6QFS_zvy0Lw/exec?p=carbofire-customer-reviews,https://abretas.github.io/health-reviews-directory-2026/p/carbofire-customer-reviews.html
165,CarboFire Review: Ground-Breaking Supplement For Weight Loss,https://script.google.com/macros/s/AKfycbyEg7C5ZKjgkReinWdFyaSxp1lhEGgTAnmLWPQaMGhJpB9quv2v7hbbKNz6QFS_zvy0Lw/exec?p=carbofire-review-ground-breaking-supplement-for-weight-loss,https://abretas.github.io/health-reviews-directory-2026/p/carbofire-review-ground-breaking-supplement-for-weight-loss.html
166,CarboFire Reviews and Complaints : The Ultimate Fat-Burning Supplement for Boosted Energy and Weight,https://script.google.com/macros/s/AKfycbyEg7C5ZKjgkReinWdFyaSxp1lhEGgTAnmLWPQaMGhJpB9quv2v7hbbKNz6QFS_zvy0Lw/exec?p=carbofire-reviews-and-complaints-the-ultimate-fat-burning-supplement-for-boosted-energy-and-weight,https://abretas.github.io/health-reviews-directory-2026/p/carbofire-reviews-and-complaints-the-ultimate-fat-burning-supplement-for-boosted-energy-and-weight.html
167,CarboFix Review: A Potential Supplement For Weight Loss and Energy,https://script.google.com/macros/s/AKfycbyEg7C5ZKjgkReinWdFyaSxp1lhEGgTAnmLWPQaMGhJpB9quv2v7hbbKNz6QFS_zvy0Lw/exec?p=carbofix-review-a-potential-supplement-for-weight-loss-and-energy,https://abretas.github.io/health-reviews-directory-2026/p/carbofix-review-a-potential-supplement-for-weight-loss-and-energy.html
168,CarboFix Reviews & Complaints 2026 | Is It Legit?,https://script.google.com/macros/s/AKfycbyEg7C5ZKjgkReinWdFyaSxp1lhEGgTAnmLWPQaMGhJpB9quv2v7hbbKNz6QFS_zvy0Lw/exec?p=carbofix-reviews-complaints-2026-is-it-legit,https://abretas.github.io/health-reviews-directory-2026/p/carbofix-reviews-complaints-2026-is-it-legit.html
169,Cardio Clear 7 Reviews & Complaints | Is It Worth Buying?,https://script.google.com/macros/s/AKfycbyEg7C5ZKjgkReinWdFyaSxp1lhEGgTAnmLWPQaMGhJpB9quv2v7hbbKNz6QFS_zvy0Lw/exec?p=cardio-clear-7-reviews-complaints-is-it-worth-buying,https://abretas.github.io/health-reviews-directory-2026/p/cardio-clear-7-reviews-complaints-is-it-worth-buying.html
170,Cardio Shield Reviews – Is It Worth Buying?,https://script.google.com/macros/s/AKfycbyEg7C5ZKjgkReinWdFyaSxp1lhEGgTAnmLWPQaMGhJpB9quv2v7hbbKNz6QFS_zvy0Lw/exec?p=cardio-shield-reviews-is-it-worth-buying,https://abretas.github.io/health-reviews-directory-2026/p/cardio-shield-reviews-is-it-worth-buying.html
171,Cardio Shield Reviews: Blood Pressure Supplement That Works,https://script.google.com/macros/s/AKfycbyEg7C5ZKjgkReinWdFyaSxp1lhEGgTAnmLWPQaMGhJpB9quv2v7hbbKNz6QFS_zvy0Lw/exec?p=cardio-shield-reviews-blood-pressure-supplement-that-works,https://abretas.github.io/health-reviews-directory-2026/p/cardio-shield-reviews-blood-pressure-supplement-that-works.html
172,Cardio Slim Tea Reviews & Complaints | Is it Worth Buying?,https://script.google.com/macros/s/AKfycbyEg7C5ZKjgkReinWdFyaSxp1lhEGgTAnmLWPQaMGhJpB9quv2v7hbbKNz6QFS_zvy0Lw/exec?p=cardio-slim-tea-reviews-complaints-is-it-worth-buying,https://abretas.github.io/health-reviews-directory-2026/p/cardio-slim-tea-reviews-complaints-is-it-worth-buying.html
173,Cardio Slim Tea Reviews 2026: My 30-Day Honest Experience,https://script.google.com/macros/s/AKfycbyEg7C5ZKjgkReinWdFyaSxp1lhEGgTAnmLWPQaMGhJpB9quv2v7hbbKNz6QFS_zvy0Lw/exec?p=cardio-slim-tea-reviews-2026-my-30-day-honest-experience,https://abretas.github.io/health-reviews-directory-2026/p/cardio-slim-tea-reviews-2026-my-30-day-honest-experience.html
174,Celestial Connection Review: The Universe Prayer Script,https://script.google.com/macros/s/AKfycbyEg7C5ZKjgkReinWdFyaSxp1lhEGgTAnmLWPQaMGhJpB9quv2v7hbbKNz6QFS_zvy0Lw/exec?p=celestial-connection-review-the-universe-prayer-script,https://abretas.github.io/health-reviews-directory-2026/p/celestial-connection-review-the-universe-prayer-script.html
175,Celestial Intervention Review: Ultimate Spiritual Program,https://script.google.com/macros/s/AKfycbyEg7C5ZKjgkReinWdFyaSxp1lhEGgTAnmLWPQaMGhJpB9quv2v7hbbKNz6QFS_zvy0Lw/exec?p=celestial-intervention-review-ultimate-spiritual-program,https://abretas.github.io/health-reviews-directory-2026/p/celestial-intervention-review-ultimate-spiritual-program.html
176,Celestial Prosperity Code Review: An In-Depth Analysis of the Program,https://script.google.com/macros/s/AKfycbyEg7C5ZKjgkReinWdFyaSxp1lhEGgTAnmLWPQaMGhJpB9quv2v7hbbKNz6QFS_zvy0Lw/exec?p=celestial-prosperity-code-review-an-in-depth-analysis-of-the-program,https://abretas.github.io/health-reviews-directory-2026/p/celestial-prosperity-code-review-an-in-depth-analysis-of-the-program.html
177,CelluCare Review: Boost Your Energy Levels and Support Blood Sugar,https://script.google.com/macros/s/AKfycbyEg7C5ZKjgkReinWdFyaSxp1lhEGgTAnmLWPQaMGhJpB9quv2v7hbbKNz6QFS_zvy0Lw/exec?p=cellucare-review-boost-your-energy-levels-and-support-blood-sugar,https://abretas.github.io/health-reviews-directory-2026/p/cellucare-review-boost-your-energy-levels-and-support-blood-sugar.html
178,CelluCare Reviews,https://script.google.com/macros/s/AKfycbyEg7C5ZKjgkReinWdFyaSxp1lhEGgTAnmLWPQaMGhJpB9quv2v7hbbKNz6QFS_zvy0Lw/exec?p=cellucare-reviews,https://abretas.github.io/health-reviews-directory-2026/p/cellucare-reviews.html
179,CelluCare Reviews & Complaints 2026 | Is it Worth Buying?,https://script.google.com/macros/s/AKfycbyEg7C5ZKjgkReinWdFyaSxp1lhEGgTAnmLWPQaMGhJpB9quv2v7hbbKNz6QFS_zvy0Lw/exec?p=cellucare-reviews-complaints-2026-is-it-worth-buying,https://abretas.github.io/health-reviews-directory-2026/p/cellucare-reviews-complaints-2026-is-it-worth-buying.html
180,CelluCare Reviews & Complaints | Is It Worth Buying?,https://script.google.com/macros/s/AKfycbyEg7C5ZKjgkReinWdFyaSxp1lhEGgTAnmLWPQaMGhJpB9quv2v7hbbKNz6QFS_zvy0Lw/exec?p=cellucare-reviews-complaints-is-it-worth-buying,https://abretas.github.io/health-reviews-directory-2026/p/cellucare-reviews-complaints-is-it-worth-buying.html
181,CelluCare Reviews Complaints 2026 | Is It Worth it?,https://script.google.com/macros/s/AKfycbyEg7C5ZKjgkReinWdFyaSxp1lhEGgTAnmLWPQaMGhJpB9quv2v7hbbKNz6QFS_zvy0Lw/exec?p=cellucare-reviews-complaints-2026-is-it-worth-it,https://abretas.github.io/health-reviews-directory-2026/p/cellucare-reviews-complaints-2026-is-it-worth-it.html
182,CelluFend Reviews | Is It Worth Taking Daily for 14 Days?,https://script.google.com/macros/s/AKfycbyEg7C5ZKjgkReinWdFyaSxp1lhEGgTAnmLWPQaMGhJpB9quv2v7hbbKNz6QFS_zvy0Lw/exec?p=cellufend-reviews-is-it-worth-taking-daily-for-14-days,https://abretas.github.io/health-reviews-directory-2026/p/cellufend-reviews-is-it-worth-taking-daily-for-14-days.html
183,CelluFend Reviews | Is It a Scam? (My Honest Experience!),https://script.google.com/macros/s/AKfycbyEg7C5ZKjgkReinWdFyaSxp1lhEGgTAnmLWPQaMGhJpB9quv2v7hbbKNz6QFS_zvy0Lw/exec?p=cellufend-reviews-is-it-a-scam-my-honest-experience,https://abretas.github.io/health-reviews-directory-2026/p/cellufend-reviews-is-it-a-scam-my-honest-experience.html
184,Cellular Sound Tuning Review: Discove­ring Healing Retreat,https://script.google.com/macros/s/AKfycbyEg7C5ZKjgkReinWdFyaSxp1lhEGgTAnmLWPQaMGhJpB9quv2v7hbbKNz6QFS_zvy0Lw/exec?p=cellular-sound-tuning-review-discove-ring-healing-retreat,https://abretas.github.io/health-reviews-directory-2026/p/cellular-sound-tuning-review-discove-ring-healing-retreat.html
185,CerebroZen Reviews & Complaints | Is It Worth it?,https://script.google.com/macros/s/AKfycbyEg7C5ZKjgkReinWdFyaSxp1lhEGgTAnmLWPQaMGhJpB9quv2v7hbbKNz6QFS_zvy0Lw/exec?p=cerebrozen-reviews-complaints-is-it-worth-it,https://abretas.github.io/health-reviews-directory-2026/p/cerebrozen-reviews-complaints-is-it-worth-it.html
186,CerebroZen Where to Buy,https://script.google.com/macros/s/AKfycbyEg7C5ZKjgkReinWdFyaSxp1lhEGgTAnmLWPQaMGhJpB9quv2v7hbbKNz6QFS_zvy0Lw/exec?p=cerebrozen-where-to-buy,https://abretas.github.io/health-reviews-directory-2026/p/cerebrozen-where-to-buy.html
187,Cerebrozen Reviews,https://script.google.com/macros/s/AKfycbyEg7C5ZKjgkReinWdFyaSxp1lhEGgTAnmLWPQaMGhJpB9quv2v7hbbKNz6QFS_zvy0Lw/exec?p=cerebrozen-reviews,https://abretas.github.io/health-reviews-directory-2026/p/cerebrozen-reviews.html
188,Cerebrozen Reviews: Ultimate Tinnitus Supplement That Works,https://script.google.com/macros/s/AKfycbyEg7C5ZKjgkReinWdFyaSxp1lhEGgTAnmLWPQaMGhJpB9quv2v7hbbKNz6QFS_zvy0Lw/exec?p=cerebrozen-reviews-ultimate-tinnitus-supplement-that-works,https://abretas.github.io/health-reviews-directory-2026/p/cerebrozen-reviews-ultimate-tinnitus-supplement-that-works.html
189,Cerebrozen Tinnitus Ear Drops Reviews: Proven Hearing Drops,https://script.google.com/macros/s/AKfycbyEg7C5ZKjgkReinWdFyaSxp1lhEGgTAnmLWPQaMGhJpB9quv2v7hbbKNz6QFS_zvy0Lw/exec?p=cerebrozen-tinnitus-ear-drops-reviews-proven-hearing-drops,https://abretas.github.io/health-reviews-directory-2026/p/cerebrozen-tinnitus-ear-drops-reviews-proven-hearing-drops.html
190,Children Learning Reading Review: Transform Your Child into a Confident Reader,https://script.google.com/macros/s/AKfycbyEg7C5ZKjgkReinWdFyaSxp1lhEGgTAnmLWPQaMGhJpB9quv2v7hbbKNz6QFS_zvy0Lw/exec?p=children-learning-reading-review-transform-your-child-into-a-confident-reader,https://abretas.github.io/health-reviews-directory-2026/p/children-learning-reading-review-transform-your-child-into-a-confident-reader.html
191,Cholibrium Reviews,https://script.google.com/macros/s/AKfycbyEg7C5ZKjgkReinWdFyaSxp1lhEGgTAnmLWPQaMGhJpB9quv2v7hbbKNz6QFS_zvy0Lw/exec?p=cholibrium-reviews,https://abretas.github.io/health-reviews-directory-2026/p/cholibrium-reviews.html
192,Cholibrium Reviews & Complaints 2026 – Is It Worth Buying?,https://script.google.com/macros/s/AKfycbyEg7C5ZKjgkReinWdFyaSxp1lhEGgTAnmLWPQaMGhJpB9quv2v7hbbKNz6QFS_zvy0Lw/exec?p=cholibrium-reviews-complaints-2026-is-it-worth-buying,https://abretas.github.io/health-reviews-directory-2026/p/cholibrium-reviews-complaints-2026-is-it-worth-buying.html
193,Cholibrium Reviews 2026 – Scam Alert? Must Read First!,https://script.google.com/macros/s/AKfycbyEg7C5ZKjgkReinWdFyaSxp1lhEGgTAnmLWPQaMGhJpB9quv2v7hbbKNz6QFS_zvy0Lw/exec?p=cholibrium-reviews-2026-scam-alert-must-read-first,https://abretas.github.io/health-reviews-directory-2026/p/cholibrium-reviews-2026-scam-alert-must-read-first.html
194,Cholibrium Reviews Reviews 2026: Is It Scam or Legit?,https://script.google.com/macros/s/AKfycbyEg7C5ZKjgkReinWdFyaSxp1lhEGgTAnmLWPQaMGhJpB9quv2v7hbbKNz6QFS_zvy0Lw/exec?p=cholibrium-reviews-reviews-2026-is-it-scam-or-legit,https://abretas.github.io/health-reviews-directory-2026/p/cholibrium-reviews-reviews-2026-is-it-scam-or-legit.html
195,Christ Consciousness Code Reviews,https://script.google.com/macros/s/AKfycbyEg7C5ZKjgkReinWdFyaSxp1lhEGgTAnmLWPQaMGhJpB9quv2v7hbbKNz6QFS_zvy0Lw/exec?p=christ-consciousness-code-reviews,https://abretas.github.io/health-reviews-directory-2026/p/christ-consciousness-code-reviews.html
196,Christian Prepper Review: The Ultimate Survival Guide That Works,https://script.google.com/macros/s/AKfycbyEg7C5ZKjgkReinWdFyaSxp1lhEGgTAnmLWPQaMGhJpB9quv2v7hbbKNz6QFS_zvy0Lw/exec?p=christian-prepper-review-the-ultimate-survival-guide-that-works,https://abretas.github.io/health-reviews-directory-2026/p/christian-prepper-review-the-ultimate-survival-guide-that-works.html
197,ChromoWealth Review: How Good This Program For You,https://script.google.com/macros/s/AKfycbyEg7C5ZKjgkReinWdFyaSxp1lhEGgTAnmLWPQaMGhJpB9quv2v7hbbKNz6QFS_zvy0Lw/exec?p=chromowealth-review-how-good-this-program-for-you,https://abretas.github.io/health-reviews-directory-2026/p/chromowealth-review-how-good-this-program-for-you.html
198,ChronoBoost Pro Reviews,https://script.google.com/macros/s/AKfycbyEg7C5ZKjgkReinWdFyaSxp1lhEGgTAnmLWPQaMGhJpB9quv2v7hbbKNz6QFS_zvy0Lw/exec?p=chronoboost-pro-reviews,https://abretas.github.io/health-reviews-directory-2026/p/chronoboost-pro-reviews.html
199,Citrus Burn Reviews 2026: Real User Results + Expert Verdict,https://script.google.com/macros/s/AKfycbyEg7C5ZKjgkReinWdFyaSxp1lhEGgTAnmLWPQaMGhJpB9quv2v7hbbKNz6QFS_zvy0Lw/exec?p=citrus-burn-reviews-2026-real-user-results-expert-verdict,https://abretas.github.io/health-reviews-directory-2026/p/citrus-burn-reviews-2026-real-user-results-expert-verdict.html
200,CitrusBurn Reviews | Does It Support Fat Loss Safely?,https://script.google.com/macros/s/AKfycbyEg7C5ZKjgkReinWdFyaSxp1lhEGgTAnmLWPQaMGhJpB9quv2v7hbbKNz6QFS_zvy0Lw/exec?p=citrusburn-reviews-does-it-support-fat-loss-safely,https://abretas.github.io/health-reviews-directory-2026/p/citrusburn-reviews-does-it-support-fat-loss-safely.html
201,Citrusburn Reviews Does It Support Fat Loss Safely 2,https://script.google.com/macros/s/AKfycbyEg7C5ZKjgkReinWdFyaSxp1lhEGgTAnmLWPQaMGhJpB9quv2v7hbbKNz6QFS_zvy0Lw/exec?p=citrusburn-reviews-does-it-support-fat-loss-safely-2,https://abretas.github.io/health-reviews-directory-2026/p/citrusburn-reviews-does-it-support-fat-loss-safely-2.html
202,Clarisil PRO Reviews # (A Comprehensive Analysis of Its Effectiveness) Does This Hearing Supplement,https://script.google.com/macros/s/AKfycbyEg7C5ZKjgkReinWdFyaSxp1lhEGgTAnmLWPQaMGhJpB9quv2v7hbbKNz6QFS_zvy0Lw/exec?p=clarisil-pro-reviews-a-comprehensive-analysis-of-its-effectiveness-does-this-hearing-supplement,https://abretas.github.io/health-reviews-directory-2026/p/clarisil-pro-reviews-a-comprehensive-analysis-of-its-effectiveness-does-this-hearing-supplement.html
203,Claritox Pro Review: Supplement to Prevent Dizziness,https://script.google.com/macros/s/AKfycbyEg7C5ZKjgkReinWdFyaSxp1lhEGgTAnmLWPQaMGhJpB9quv2v7hbbKNz6QFS_zvy0Lw/exec?p=claritox-pro-review-supplement-to-prevent-dizziness,https://abretas.github.io/health-reviews-directory-2026/p/claritox-pro-review-supplement-to-prevent-dizziness.html
204,Claritox Pro Reviews 2026 | Does It Work? My Honest Results,https://script.google.com/macros/s/AKfycbyEg7C5ZKjgkReinWdFyaSxp1lhEGgTAnmLWPQaMGhJpB9quv2v7hbbKNz6QFS_zvy0Lw/exec?p=claritox-pro-reviews-2026-does-it-work-my-honest-results,https://abretas.github.io/health-reviews-directory-2026/p/claritox-pro-reviews-2026-does-it-work-my-honest-results.html
205,Claritox Pro Reviews | Does It Really Prevent Dizziness?,https://script.google.com/macros/s/AKfycbyEg7C5ZKjgkReinWdFyaSxp1lhEGgTAnmLWPQaMGhJpB9quv2v7hbbKNz6QFS_zvy0Lw/exec?p=claritox-pro-reviews-does-it-really-prevent-dizziness,https://abretas.github.io/health-reviews-directory-2026/p/claritox-pro-reviews-does-it-really-prevent-dizziness.html
206,Claritox Pro Reviews – Is It Worth Your Money?,https://script.google.com/macros/s/AKfycbyEg7C5ZKjgkReinWdFyaSxp1lhEGgTAnmLWPQaMGhJpB9quv2v7hbbKNz6QFS_zvy0Lw/exec?p=claritox-pro-reviews-is-it-worth-your-money,https://abretas.github.io/health-reviews-directory-2026/p/claritox-pro-reviews-is-it-worth-your-money.html
207,Claritox Pro Reviews – My Honest Experience Explained,https://script.google.com/macros/s/AKfycbyEg7C5ZKjgkReinWdFyaSxp1lhEGgTAnmLWPQaMGhJpB9quv2v7hbbKNz6QFS_zvy0Lw/exec?p=claritox-pro-reviews-my-honest-experience-explained,https://abretas.github.io/health-reviews-directory-2026/p/claritox-pro-reviews-my-honest-experience-explained.html
208,"Claritox Pro Reviews: A Word Of Caution from An Honest Analytical Expert Ingredients, Customer Exper Alabama",https://script.google.com/macros/s/AKfycbyEg7C5ZKjgkReinWdFyaSxp1lhEGgTAnmLWPQaMGhJpB9quv2v7hbbKNz6QFS_zvy0Lw/exec?p=claritox-pro-reviews-a-word-of-caution-from-an-honest-analytical-expert-ingredients-customer-exper-alabama,https://abretas.github.io/health-reviews-directory-2026/p/claritox-pro-reviews-a-word-of-caution-from-an-honest-analytical-expert-ingredients-customer-exper-alabama.html
209,Claritox Pro Reviews: I Tried It For 30 Days (Honest Review),https://script.google.com/macros/s/AKfycbyEg7C5ZKjgkReinWdFyaSxp1lhEGgTAnmLWPQaMGhJpB9quv2v7hbbKNz6QFS_zvy0Lw/exec?p=claritox-pro-reviews-i-tried-it-for-30-days-honest-review,https://abretas.github.io/health-reviews-directory-2026/p/claritox-pro-reviews-i-tried-it-for-30-days-honest-review.html
210,Claritox Pro for Dizziness Relief: Effective Supplement,https://script.google.com/macros/s/AKfycbyEg7C5ZKjgkReinWdFyaSxp1lhEGgTAnmLWPQaMGhJpB9quv2v7hbbKNz6QFS_zvy0Lw/exec?p=claritox-pro-for-dizziness-relief-effective-supplement,https://abretas.github.io/health-reviews-directory-2026/p/claritox-pro-for-dizziness-relief-effective-supplement.html
211,Cleanest Body Reviews,https://script.google.com/macros/s/AKfycbyEg7C5ZKjgkReinWdFyaSxp1lhEGgTAnmLWPQaMGhJpB9quv2v7hbbKNz6QFS_zvy0Lw/exec?p=cleanest-body-reviews,https://abretas.github.io/health-reviews-directory-2026/p/cleanest-body-reviews.html
212,Clear Crystal Vision Reviews,https://script.google.com/macros/s/AKfycbyEg7C5ZKjgkReinWdFyaSxp1lhEGgTAnmLWPQaMGhJpB9quv2v7hbbKNz6QFS_zvy0Lw/exec?p=clear-crystal-vision-reviews,https://abretas.github.io/health-reviews-directory-2026/p/clear-crystal-vision-reviews.html
213,Cleopatra Code Review: Proven Program For Immense Wealth,https://script.google.com/macros/s/AKfycbyEg7C5ZKjgkReinWdFyaSxp1lhEGgTAnmLWPQaMGhJpB9quv2v7hbbKNz6QFS_zvy0Lw/exec?p=cleopatra-code-review-proven-program-for-immense-wealth,https://abretas.github.io/health-reviews-directory-2026/p/cleopatra-code-review-proven-program-for-immense-wealth.html
214,Cleopatra's Will Review: Ancient Key to Effortless Wealth,https://script.google.com/macros/s/AKfycbyEg7C5ZKjgkReinWdFyaSxp1lhEGgTAnmLWPQaMGhJpB9quv2v7hbbKNz6QFS_zvy0Lw/exec?p=cleopatra-s-will-review-ancient-key-to-effortless-wealth,https://abretas.github.io/health-reviews-directory-2026/p/cleopatra-s-will-review-ancient-key-to-effortless-wealth.html
215,Clubhouse Stud Formula Review: Power of Stamina Enhancement,https://script.google.com/macros/s/AKfycbyEg7C5ZKjgkReinWdFyaSxp1lhEGgTAnmLWPQaMGhJpB9quv2v7hbbKNz6QFS_zvy0Lw/exec?p=clubhouse-stud-formula-review-power-of-stamina-enhancement,https://abretas.github.io/health-reviews-directory-2026/p/clubhouse-stud-formula-review-power-of-stamina-enhancement.html
216,CogniCare Pro Review: Ultimate Supplement For Brain Performance,https://script.google.com/macros/s/AKfycbyEg7C5ZKjgkReinWdFyaSxp1lhEGgTAnmLWPQaMGhJpB9quv2v7hbbKNz6QFS_zvy0Lw/exec?p=cognicare-pro-review-ultimate-supplement-for-brain-performance,https://abretas.github.io/health-reviews-directory-2026/p/cognicare-pro-review-ultimate-supplement-for-brain-performance.html
217,CogniCare Pro Reviews,https://script.google.com/macros/s/AKfycbyEg7C5ZKjgkReinWdFyaSxp1lhEGgTAnmLWPQaMGhJpB9quv2v7hbbKNz6QFS_zvy0Lw/exec?p=cognicare-pro-reviews,https://abretas.github.io/health-reviews-directory-2026/p/cognicare-pro-reviews.html
218,CogniCare Pro Reviews & Complaints 2026 | Is It Worth it?,https://script.google.com/macros/s/AKfycbyEg7C5ZKjgkReinWdFyaSxp1lhEGgTAnmLWPQaMGhJpB9quv2v7hbbKNz6QFS_zvy0Lw/exec?p=cognicare-pro-reviews-complaints-2026-is-it-worth-it,https://abretas.github.io/health-reviews-directory-2026/p/cognicare-pro-reviews-complaints-2026-is-it-worth-it.html
219,CogniCare Pro Reviews 2026 – Is It Worth Buying?,https://script.google.com/macros/s/AKfycbyEg7C5ZKjgkReinWdFyaSxp1lhEGgTAnmLWPQaMGhJpB9quv2v7hbbKNz6QFS_zvy0Lw/exec?p=cognicare-pro-reviews-2026-is-it-worth-buying,https://abretas.github.io/health-reviews-directory-2026/p/cognicare-pro-reviews-2026-is-it-worth-buying.html
220,CogniCare Pro Reviews | Is It Worth Buying or Scam?,https://script.google.com/macros/s/AKfycbyEg7C5ZKjgkReinWdFyaSxp1lhEGgTAnmLWPQaMGhJpB9quv2v7hbbKNz6QFS_zvy0Lw/exec?p=cognicare-pro-reviews-is-it-worth-buying-or-scam,https://abretas.github.io/health-reviews-directory-2026/p/cognicare-pro-reviews-is-it-worth-buying-or-scam.html
221,CogniCare Pro Reviews – Is This Worth Your Money?,https://script.google.com/macros/s/AKfycbyEg7C5ZKjgkReinWdFyaSxp1lhEGgTAnmLWPQaMGhJpB9quv2v7hbbKNz6QFS_zvy0Lw/exec?p=cognicare-pro-reviews-is-this-worth-your-money,https://abretas.github.io/health-reviews-directory-2026/p/cognicare-pro-reviews-is-this-worth-your-money.html
222,CogniClear Reviews & Complaints 2026 | Is It Worth Your Money?,https://script.google.com/macros/s/AKfycbyEg7C5ZKjgkReinWdFyaSxp1lhEGgTAnmLWPQaMGhJpB9quv2v7hbbKNz6QFS_zvy0Lw/exec?p=cogniclear-reviews-complaints-2026-is-it-worth-your-money,https://abretas.github.io/health-reviews-directory-2026/p/cogniclear-reviews-complaints-2026-is-it-worth-your-money.html
223,CogniSurge Reviews & Complaints 2026 | Is It Worth it?,https://script.google.com/macros/s/AKfycbyEg7C5ZKjgkReinWdFyaSxp1lhEGgTAnmLWPQaMGhJpB9quv2v7hbbKNz6QFS_zvy0Lw/exec?p=cognisurge-reviews-complaints-2026-is-it-worth-it,https://abretas.github.io/health-reviews-directory-2026/p/cognisurge-reviews-complaints-2026-is-it-worth-it.html
224,Cognicare Pro Review From Customers : (A Comprehensive Analysis of Its Effectiveness) A Natural Cogn Jackson,https://script.google.com/macros/s/AKfycbyEg7C5ZKjgkReinWdFyaSxp1lhEGgTAnmLWPQaMGhJpB9quv2v7hbbKNz6QFS_zvy0Lw/exec?p=cognicare-pro-review-from-customers-a-comprehensive-analysis-of-its-effectiveness-a-natural-cogn-jackson,https://abretas.github.io/health-reviews-directory-2026/p/cognicare-pro-review-from-customers-a-comprehensive-analysis-of-its-effectiveness-a-natural-cogn-jackson.html
225,Cogniclear Reviews Complaints 2026 Is It Worth Your Money 2,https://script.google.com/macros/s/AKfycbyEg7C5ZKjgkReinWdFyaSxp1lhEGgTAnmLWPQaMGhJpB9quv2v7hbbKNz6QFS_zvy0Lw/exec?p=cogniclear-reviews-complaints-2026-is-it-worth-your-money-2,https://abretas.github.io/health-reviews-directory-2026/p/cogniclear-reviews-complaints-2026-is-it-worth-your-money-2.html
226,Collagen Refresh Review: Joint Health Supplement That Works,https://script.google.com/macros/s/AKfycbyEg7C5ZKjgkReinWdFyaSxp1lhEGgTAnmLWPQaMGhJpB9quv2v7hbbKNz6QFS_zvy0Lw/exec?p=collagen-refresh-review-joint-health-supplement-that-works,https://abretas.github.io/health-reviews-directory-2026/p/collagen-refresh-review-joint-health-supplement-that-works.html
227,Commission Cash Box Review: Unleashing the Power of Affiliate Marketing,https://script.google.com/macros/s/AKfycbyEg7C5ZKjgkReinWdFyaSxp1lhEGgTAnmLWPQaMGhJpB9quv2v7hbbKNz6QFS_zvy0Lw/exec?p=commission-cash-box-review-unleashing-the-power-of-affiliate-marketing,https://abretas.github.io/health-reviews-directory-2026/p/commission-cash-box-review-unleashing-the-power-of-affiliate-marketing.html
228,CoolEase Review: Advanced Fast Acting Long Lasting Pain Relief Formula,https://script.google.com/macros/s/AKfycbyEg7C5ZKjgkReinWdFyaSxp1lhEGgTAnmLWPQaMGhJpB9quv2v7hbbKNz6QFS_zvy0Lw/exec?p=coolease-review-advanced-fast-acting-long-lasting-pain-relief-formula,https://abretas.github.io/health-reviews-directory-2026/p/coolease-review-advanced-fast-acting-long-lasting-pain-relief-formula.html
229,Cortisync Reviews,https://script.google.com/macros/s/AKfycbyEg7C5ZKjgkReinWdFyaSxp1lhEGgTAnmLWPQaMGhJpB9quv2v7hbbKNz6QFS_zvy0Lw/exec?p=cortisync-reviews,https://abretas.github.io/health-reviews-directory-2026/p/cortisync-reviews.html
230,Cosmic Core Review: Proven Supplement For Healthy Memory,https://script.google.com/macros/s/AKfycbyEg7C5ZKjgkReinWdFyaSxp1lhEGgTAnmLWPQaMGhJpB9quv2v7hbbKNz6QFS_zvy0Lw/exec?p=cosmic-core-review-proven-supplement-for-healthy-memory,https://abretas.github.io/health-reviews-directory-2026/p/cosmic-core-review-proven-supplement-for-healthy-memory.html
231,Cosmic Core Reviews & Complaints | Is It Effective & Safe?,https://script.google.com/macros/s/AKfycbyEg7C5ZKjgkReinWdFyaSxp1lhEGgTAnmLWPQaMGhJpB9quv2v7hbbKNz6QFS_zvy0Lw/exec?p=cosmic-core-reviews-complaints-is-it-effective-safe,https://abretas.github.io/health-reviews-directory-2026/p/cosmic-core-reviews-complaints-is-it-effective-safe.html
232,Cosmic Wealth Code Reviews,https://script.google.com/macros/s/AKfycbyEg7C5ZKjgkReinWdFyaSxp1lhEGgTAnmLWPQaMGhJpB9quv2v7hbbKNz6QFS_zvy0Lw/exec?p=cosmic-wealth-code-reviews,https://abretas.github.io/health-reviews-directory-2026/p/cosmic-wealth-code-reviews.html
233,Cosmic Wealth Script Review: 8-Minute Cosmic Method To Unleashes Wealth Energy,https://script.google.com/macros/s/AKfycbyEg7C5ZKjgkReinWdFyaSxp1lhEGgTAnmLWPQaMGhJpB9quv2v7hbbKNz6QFS_zvy0Lw/exec?p=cosmic-wealth-script-review-8-minute-cosmic-method-to-unleashes-wealth-energy,https://abretas.github.io/health-reviews-directory-2026/p/cosmic-wealth-script-review-8-minute-cosmic-method-to-unleashes-wealth-energy.html
234,Critical T Reviews & Complaints 2026 | Is It Worth it?,https://script.google.com/macros/s/AKfycbyEg7C5ZKjgkReinWdFyaSxp1lhEGgTAnmLWPQaMGhJpB9quv2v7hbbKNz6QFS_zvy0Lw/exec?p=critical-t-reviews-complaints-2026-is-it-worth-it,https://abretas.github.io/health-reviews-directory-2026/p/critical-t-reviews-complaints-2026-is-it-worth-it.html
235,Crystal Healing Mastery Course Review: Unlock Your Healing Power,https://script.google.com/macros/s/AKfycbyEg7C5ZKjgkReinWdFyaSxp1lhEGgTAnmLWPQaMGhJpB9quv2v7hbbKNz6QFS_zvy0Lw/exec?p=crystal-healing-mastery-course-review-unlock-your-healing-power,https://abretas.github.io/health-reviews-directory-2026/p/crystal-healing-mastery-course-review-unlock-your-healing-power.html
236,Crystal Restore Review: Truth Behind this Popular Supplement,https://script.google.com/macros/s/AKfycbyEg7C5ZKjgkReinWdFyaSxp1lhEGgTAnmLWPQaMGhJpB9quv2v7hbbKNz6QFS_zvy0Lw/exec?p=crystal-restore-review-truth-behind-this-popular-supplement,https://abretas.github.io/health-reviews-directory-2026/p/crystal-restore-review-truth-behind-this-popular-supplement.html
237,Crystal Vision Review: Is This Eye Health Supplement Effective?,https://script.google.com/macros/s/AKfycbyEg7C5ZKjgkReinWdFyaSxp1lhEGgTAnmLWPQaMGhJpB9quv2v7hbbKNz6QFS_zvy0Lw/exec?p=crystal-vision-review-is-this-eye-health-supplement-effective,https://abretas.github.io/health-reviews-directory-2026/p/crystal-vision-review-is-this-eye-health-supplement-effective.html
238,Custom Keto Diet Review: 8 Week Custom Keto Mean Plan That Works,https://script.google.com/macros/s/AKfycbyEg7C5ZKjgkReinWdFyaSxp1lhEGgTAnmLWPQaMGhJpB9quv2v7hbbKNz6QFS_zvy0Lw/exec?p=custom-keto-diet-review-8-week-custom-keto-mean-plan-that-works,https://abretas.github.io/health-reviews-directory-2026/p/custom-keto-diet-review-8-week-custom-keto-mean-plan-that-works.html
239,Cytoburn Review: Ingredients That Really Works For Fat Loss,https://script.google.com/macros/s/AKfycbyEg7C5ZKjgkReinWdFyaSxp1lhEGgTAnmLWPQaMGhJpB9quv2v7hbbKNz6QFS_zvy0Lw/exec?p=cytoburn-review-ingredients-that-really-works-for-fat-loss,https://abretas.github.io/health-reviews-directory-2026/p/cytoburn-review-ingredients-that-really-works-for-fat-loss.html
240,DNA Magic Reading Review: A Deep Insight into Your Genetic Makeup,https://script.google.com/macros/s/AKfycbyEg7C5ZKjgkReinWdFyaSxp1lhEGgTAnmLWPQaMGhJpB9quv2v7hbbKNz6QFS_zvy0Lw/exec?p=dna-magic-reading-review-a-deep-insight-into-your-genetic-makeup,https://abretas.github.io/health-reviews-directory-2026/p/dna-magic-reading-review-a-deep-insight-into-your-genetic-makeup.html
241,Da Vinci Manifestation Code Reviews,https://script.google.com/macros/s/AKfycbyEg7C5ZKjgkReinWdFyaSxp1lhEGgTAnmLWPQaMGhJpB9quv2v7hbbKNz6QFS_zvy0Lw/exec?p=da-vinci-manifestation-code-reviews,https://abretas.github.io/health-reviews-directory-2026/p/da-vinci-manifestation-code-reviews.html
242,Dark Age Defense Reviews,https://script.google.com/macros/s/AKfycbyEg7C5ZKjgkReinWdFyaSxp1lhEGgTAnmLWPQaMGhJpB9quv2v7hbbKNz6QFS_zvy0Lw/exec?p=dark-age-defense-reviews,https://abretas.github.io/health-reviews-directory-2026/p/dark-age-defense-reviews.html
243,Dark Reset Review: Survival Guide That Really Works,https://script.google.com/macros/s/AKfycbyEg7C5ZKjgkReinWdFyaSxp1lhEGgTAnmLWPQaMGhJpB9quv2v7hbbKNz6QFS_zvy0Lw/exec?p=dark-reset-review-survival-guide-that-really-works,https://abretas.github.io/health-reviews-directory-2026/p/dark-reset-review-survival-guide-that-really-works.html
244,Dark Reset Reviews 2026 | The Survival Plan That Truly Works,https://script.google.com/macros/s/AKfycbyEg7C5ZKjgkReinWdFyaSxp1lhEGgTAnmLWPQaMGhJpB9quv2v7hbbKNz6QFS_zvy0Lw/exec?p=dark-reset-reviews-2026-the-survival-plan-that-truly-works,https://abretas.github.io/health-reviews-directory-2026/p/dark-reset-reviews-2026-the-survival-plan-that-truly-works.html
245,DarkForce Night Vision Reviews & Complaints | Is it Scam?,https://script.google.com/macros/s/AKfycbyEg7C5ZKjgkReinWdFyaSxp1lhEGgTAnmLWPQaMGhJpB9quv2v7hbbKNz6QFS_zvy0Lw/exec?p=darkforce-night-vision-reviews-complaints-is-it-scam,https://abretas.github.io/health-reviews-directory-2026/p/darkforce-night-vision-reviews-complaints-is-it-scam.html
246,David Shield Reviews 2026: Is it scam? My Honest Experience,https://script.google.com/macros/s/AKfycbyEg7C5ZKjgkReinWdFyaSxp1lhEGgTAnmLWPQaMGhJpB9quv2v7hbbKNz6QFS_zvy0Lw/exec?p=david-shield-reviews-2026-is-it-scam-my-honest-experience,https://abretas.github.io/health-reviews-directory-2026/p/david-shield-reviews-2026-is-it-scam-my-honest-experience.html
247,David’s Shield Reviews | Is it Worth it Or Scam? The Truth,https://script.google.com/macros/s/AKfycbyEg7C5ZKjgkReinWdFyaSxp1lhEGgTAnmLWPQaMGhJpB9quv2v7hbbKNz6QFS_zvy0Lw/exec?p=david-s-shield-reviews-is-it-worth-it-or-scam-the-truth,https://abretas.github.io/health-reviews-directory-2026/p/david-s-shield-reviews-is-it-worth-it-or-scam-the-truth.html
248,Deep Belly Detox Reviews & Complaints | Is It Worth Buying?,https://script.google.com/macros/s/AKfycbyEg7C5ZKjgkReinWdFyaSxp1lhEGgTAnmLWPQaMGhJpB9quv2v7hbbKNz6QFS_zvy0Lw/exec?p=deep-belly-detox-reviews-complaints-is-it-worth-buying,https://abretas.github.io/health-reviews-directory-2026/p/deep-belly-detox-reviews-complaints-is-it-worth-buying.html
249,Deep Flow Code Review: Proven Wealth Manifestation Program,https://script.google.com/macros/s/AKfycbyEg7C5ZKjgkReinWdFyaSxp1lhEGgTAnmLWPQaMGhJpB9quv2v7hbbKNz6QFS_zvy0Lw/exec?p=deep-flow-code-review-proven-wealth-manifestation-program,https://abretas.github.io/health-reviews-directory-2026/p/deep-flow-code-review-proven-wealth-manifestation-program.html
250,DentaBiome Reviews: Last Updated 2026 — Still Worth It?,https://script.google.com/macros/s/AKfycbyEg7C5ZKjgkReinWdFyaSxp1lhEGgTAnmLWPQaMGhJpB9quv2v7hbbKNz6QFS_zvy0Lw/exec?p=dentabiome-reviews-last-updated-2026-still-worth-it,https://abretas.github.io/health-reviews-directory-2026/p/dentabiome-reviews-last-updated-2026-still-worth-it.html
251,DentaTonic Review: Unique Dental Filtration Breakthrough Supplement,https://script.google.com/macros/s/AKfycbyEg7C5ZKjgkReinWdFyaSxp1lhEGgTAnmLWPQaMGhJpB9quv2v7hbbKNz6QFS_zvy0Lw/exec?p=dentatonic-review-unique-dental-filtration-breakthrough-supplement,https://abretas.github.io/health-reviews-directory-2026/p/dentatonic-review-unique-dental-filtration-breakthrough-supplement.html
252,DentaTonic Reviews,https://script.google.com/macros/s/AKfycbyEg7C5ZKjgkReinWdFyaSxp1lhEGgTAnmLWPQaMGhJpB9quv2v7hbbKNz6QFS_zvy0Lw/exec?p=dentatonic-reviews,https://abretas.github.io/health-reviews-directory-2026/p/dentatonic-reviews.html
253,Dentavim Reviews,https://script.google.com/macros/s/AKfycbyEg7C5ZKjgkReinWdFyaSxp1lhEGgTAnmLWPQaMGhJpB9quv2v7hbbKNz6QFS_zvy0Lw/exec?p=dentavim-reviews,https://abretas.github.io/health-reviews-directory-2026/p/dentavim-reviews.html
254,DentiCore Reviews | Is it Worth it Or Scam? The Truth,https://script.google.com/macros/s/AKfycbyEg7C5ZKjgkReinWdFyaSxp1lhEGgTAnmLWPQaMGhJpB9quv2v7hbbKNz6QFS_zvy0Lw/exec?p=denticore-reviews-is-it-worth-it-or-scam-the-truth,https://abretas.github.io/health-reviews-directory-2026/p/denticore-reviews-is-it-worth-it-or-scam-the-truth.html
255,Denticore Where to Buy,https://script.google.com/macros/s/AKfycbyEg7C5ZKjgkReinWdFyaSxp1lhEGgTAnmLWPQaMGhJpB9quv2v7hbbKNz6QFS_zvy0Lw/exec?p=denticore-where-to-buy,https://abretas.github.io/health-reviews-directory-2026/p/denticore-where-to-buy.html
256,Dentitox Pro - Unique Dental Drops,https://script.google.com/macros/s/AKfycbyEg7C5ZKjgkReinWdFyaSxp1lhEGgTAnmLWPQaMGhJpB9quv2v7hbbKNz6QFS_zvy0Lw/exec?p=dentitox-pro-unique-dental-drops,https://abretas.github.io/health-reviews-directory-2026/p/dentitox-pro-unique-dental-drops.html
257,Dentitox Pro Drops for Teeth and Gums,https://script.google.com/macros/s/AKfycbyEg7C5ZKjgkReinWdFyaSxp1lhEGgTAnmLWPQaMGhJpB9quv2v7hbbKNz6QFS_zvy0Lw/exec?p=dentitox-pro-drops-for-teeth-and-gums,https://abretas.github.io/health-reviews-directory-2026/p/dentitox-pro-drops-for-teeth-and-gums.html
258,Dentitox Pro Review: Improve Your Dental Health With This,https://script.google.com/macros/s/AKfycbyEg7C5ZKjgkReinWdFyaSxp1lhEGgTAnmLWPQaMGhJpB9quv2v7hbbKNz6QFS_zvy0Lw/exec?p=dentitox-pro-review-improve-your-dental-health-with-this,https://abretas.github.io/health-reviews-directory-2026/p/dentitox-pro-review-improve-your-dental-health-with-this.html
259,Derila ERGO Memory Foam Pillow Reviews 2026 | Is It Worth It?,https://script.google.com/macros/s/AKfycbyEg7C5ZKjgkReinWdFyaSxp1lhEGgTAnmLWPQaMGhJpB9quv2v7hbbKNz6QFS_zvy0Lw/exec?p=derila-ergo-memory-foam-pillow-reviews-2026-is-it-worth-it,https://abretas.github.io/health-reviews-directory-2026/p/derila-ergo-memory-foam-pillow-reviews-2026-is-it-worth-it.html
260,Derila Ergo Memory Foam Pillow Reviews 2026: Is It Worth Buying?,https://script.google.com/macros/s/AKfycbyEg7C5ZKjgkReinWdFyaSxp1lhEGgTAnmLWPQaMGhJpB9quv2v7hbbKNz6QFS_zvy0Lw/exec?p=derila-ergo-memory-foam-pillow-reviews-2026-is-it-worth-buying,https://abretas.github.io/health-reviews-directory-2026/p/derila-ergo-memory-foam-pillow-reviews-2026-is-it-worth-buying.html
261,Derila Ergo Pillow Reviews 2026: My Honest Analysis,https://script.google.com/macros/s/AKfycbyEg7C5ZKjgkReinWdFyaSxp1lhEGgTAnmLWPQaMGhJpB9quv2v7hbbKNz6QFS_zvy0Lw/exec?p=derila-ergo-pillow-reviews-2026-my-honest-analysis,https://abretas.github.io/health-reviews-directory-2026/p/derila-ergo-pillow-reviews-2026-my-honest-analysis.html
262,"Derila Ergo Pillow Reviews : Honest Results, Pros & Cons",https://script.google.com/macros/s/AKfycbyEg7C5ZKjgkReinWdFyaSxp1lhEGgTAnmLWPQaMGhJpB9quv2v7hbbKNz6QFS_zvy0Lw/exec?p=derila-ergo-pillow-reviews-honest-results-pros-cons,https://abretas.github.io/health-reviews-directory-2026/p/derila-ergo-pillow-reviews-honest-results-pros-cons.html
263,Derila Ergo Pillow Reviews |  Is it a Scam? Honest Analysis,https://script.google.com/macros/s/AKfycbyEg7C5ZKjgkReinWdFyaSxp1lhEGgTAnmLWPQaMGhJpB9quv2v7hbbKNz6QFS_zvy0Lw/exec?p=derila-ergo-pillow-reviews-is-it-a-scam-honest-analysis,https://abretas.github.io/health-reviews-directory-2026/p/derila-ergo-pillow-reviews-is-it-a-scam-honest-analysis.html
264,Derila Memory Foam Pillow Reviews,https://script.google.com/macros/s/AKfycbyEg7C5ZKjgkReinWdFyaSxp1lhEGgTAnmLWPQaMGhJpB9quv2v7hbbKNz6QFS_zvy0Lw/exec?p=derila-memory-foam-pillow-reviews,https://abretas.github.io/health-reviews-directory-2026/p/derila-memory-foam-pillow-reviews.html
265,Derila Memory Foam Pillow Reviews 2026 Is It Scam 2,https://script.google.com/macros/s/AKfycbyEg7C5ZKjgkReinWdFyaSxp1lhEGgTAnmLWPQaMGhJpB9quv2v7hbbKNz6QFS_zvy0Lw/exec?p=derila-memory-foam-pillow-reviews-2026-is-it-scam-2,https://abretas.github.io/health-reviews-directory-2026/p/derila-memory-foam-pillow-reviews-2026-is-it-scam-2.html
266,Derila Memory Foam Pillow Reviews 2026 | Is It Worth Trying?,https://script.google.com/macros/s/AKfycbyEg7C5ZKjgkReinWdFyaSxp1lhEGgTAnmLWPQaMGhJpB9quv2v7hbbKNz6QFS_zvy0Lw/exec?p=derila-memory-foam-pillow-reviews-2026-is-it-worth-trying,https://abretas.github.io/health-reviews-directory-2026/p/derila-memory-foam-pillow-reviews-2026-is-it-worth-trying.html
267,Derila Memory Foam Pillow Reviews 2026 | Is it Scam?,https://script.google.com/macros/s/AKfycbyEg7C5ZKjgkReinWdFyaSxp1lhEGgTAnmLWPQaMGhJpB9quv2v7hbbKNz6QFS_zvy0Lw/exec?p=derila-memory-foam-pillow-reviews-2026-is-it-scam,https://abretas.github.io/health-reviews-directory-2026/p/derila-memory-foam-pillow-reviews-2026-is-it-scam.html
268,Derila Memory Foam Pillow Reviews | Is It a Scam? The truth,https://script.google.com/macros/s/AKfycbyEg7C5ZKjgkReinWdFyaSxp1lhEGgTAnmLWPQaMGhJpB9quv2v7hbbKNz6QFS_zvy0Lw/exec?p=derila-memory-foam-pillow-reviews-is-it-a-scam-the-truth,https://abretas.github.io/health-reviews-directory-2026/p/derila-memory-foam-pillow-reviews-is-it-a-scam-the-truth.html
269,Derila Memory Foam Pillow Reviews | Is it Legit Or Scam?,https://script.google.com/macros/s/AKfycbyEg7C5ZKjgkReinWdFyaSxp1lhEGgTAnmLWPQaMGhJpB9quv2v7hbbKNz6QFS_zvy0Lw/exec?p=derila-memory-foam-pillow-reviews-is-it-legit-or-scam,https://abretas.github.io/health-reviews-directory-2026/p/derila-memory-foam-pillow-reviews-is-it-legit-or-scam.html
270,DermaPrime Plus Reviews,https://script.google.com/macros/s/AKfycbyEg7C5ZKjgkReinWdFyaSxp1lhEGgTAnmLWPQaMGhJpB9quv2v7hbbKNz6QFS_zvy0Lw/exec?p=dermaprime-plus-reviews,https://abretas.github.io/health-reviews-directory-2026/p/dermaprime-plus-reviews.html
271,Diabetes Freedom Review: The Ultimate Solution for Type 2 Diabetes,https://script.google.com/macros/s/AKfycbyEg7C5ZKjgkReinWdFyaSxp1lhEGgTAnmLWPQaMGhJpB9quv2v7hbbKNz6QFS_zvy0Lw/exec?p=diabetes-freedom-review-the-ultimate-solution-for-type-2-diabetes,https://abretas.github.io/health-reviews-directory-2026/p/diabetes-freedom-review-the-ultimate-solution-for-type-2-diabetes.html
272,Diabetes Freedom Reviews,https://script.google.com/macros/s/AKfycbyEg7C5ZKjgkReinWdFyaSxp1lhEGgTAnmLWPQaMGhJpB9quv2v7hbbKNz6QFS_zvy0Lw/exec?p=diabetes-freedom-reviews,https://abretas.github.io/health-reviews-directory-2026/p/diabetes-freedom-reviews.html
273,Diabetes Freedom Reviews & Complaints  | Is It Worth It?,https://script.google.com/macros/s/AKfycbyEg7C5ZKjgkReinWdFyaSxp1lhEGgTAnmLWPQaMGhJpB9quv2v7hbbKNz6QFS_zvy0Lw/exec?p=diabetes-freedom-reviews-complaints-is-it-worth-it,https://abretas.github.io/health-reviews-directory-2026/p/diabetes-freedom-reviews-complaints-is-it-worth-it.html
274,DigestSync Review: Proven Supplement For Healthy Gut,https://script.google.com/macros/s/AKfycbyEg7C5ZKjgkReinWdFyaSxp1lhEGgTAnmLWPQaMGhJpB9quv2v7hbbKNz6QFS_zvy0Lw/exec?p=digestsync-review-proven-supplement-for-healthy-gut,https://abretas.github.io/health-reviews-directory-2026/p/digestsync-review-proven-supplement-for-healthy-gut.html
275,DigestSync Reviews & Complaints 2026 | Is It Worth it?,https://script.google.com/macros/s/AKfycbyEg7C5ZKjgkReinWdFyaSxp1lhEGgTAnmLWPQaMGhJpB9quv2v7hbbKNz6QFS_zvy0Lw/exec?p=digestsync-reviews-complaints-2026-is-it-worth-it,https://abretas.github.io/health-reviews-directory-2026/p/digestsync-reviews-complaints-2026-is-it-worth-it.html
276,DigestSync Reviews – Is It Worth Buying? User Opinion!,https://script.google.com/macros/s/AKfycbyEg7C5ZKjgkReinWdFyaSxp1lhEGgTAnmLWPQaMGhJpB9quv2v7hbbKNz6QFS_zvy0Lw/exec?p=digestsync-reviews-is-it-worth-buying-user-opinion,https://abretas.github.io/health-reviews-directory-2026/p/digestsync-reviews-is-it-worth-buying-user-opinion.html
277,DigestiStart Reviews & Complaints 2026 | Is it Scam?,https://script.google.com/macros/s/AKfycbyEg7C5ZKjgkReinWdFyaSxp1lhEGgTAnmLWPQaMGhJpB9quv2v7hbbKNz6QFS_zvy0Lw/exec?p=digestistart-reviews-complaints-2026-is-it-scam,https://abretas.github.io/health-reviews-directory-2026/p/digestistart-reviews-complaints-2026-is-it-scam.html
278,DigestiStart Reviews & Complaints 2026 | Is it Worth Buying?,https://script.google.com/macros/s/AKfycbyEg7C5ZKjgkReinWdFyaSxp1lhEGgTAnmLWPQaMGhJpB9quv2v7hbbKNz6QFS_zvy0Lw/exec?p=digestistart-reviews-complaints-2026-is-it-worth-buying,https://abretas.github.io/health-reviews-directory-2026/p/digestistart-reviews-complaints-2026-is-it-worth-buying.html
279,DigestiStart Reviews – Does It Really Improve the Digestive System,https://script.google.com/macros/s/AKfycbyEg7C5ZKjgkReinWdFyaSxp1lhEGgTAnmLWPQaMGhJpB9quv2v7hbbKNz6QFS_zvy0Lw/exec?p=digestistart-reviews-does-it-really-improve-the-digestive-system,https://abretas.github.io/health-reviews-directory-2026/p/digestistart-reviews-does-it-really-improve-the-digestive-system.html
280,Discover Zoracel Dental Gummy for Dental Health,https://script.google.com/macros/s/AKfycbyEg7C5ZKjgkReinWdFyaSxp1lhEGgTAnmLWPQaMGhJpB9quv2v7hbbKNz6QFS_zvy0Lw/exec?p=discover-zoracel-dental-gummy-for-dental-health,https://abretas.github.io/health-reviews-directory-2026/p/discover-zoracel-dental-gummy-for-dental-health.html
281,Divine Abadi Verse Review: Manifestation Program That Works,https://script.google.com/macros/s/AKfycbyEg7C5ZKjgkReinWdFyaSxp1lhEGgTAnmLWPQaMGhJpB9quv2v7hbbKNz6QFS_zvy0Lw/exec?p=divine-abadi-verse-review-manifestation-program-that-works,https://abretas.github.io/health-reviews-directory-2026/p/divine-abadi-verse-review-manifestation-program-that-works.html
282,Divine Blessings Review: Unlock Your Incredible Earning Potential,https://script.google.com/macros/s/AKfycbyEg7C5ZKjgkReinWdFyaSxp1lhEGgTAnmLWPQaMGhJpB9quv2v7hbbKNz6QFS_zvy0Lw/exec?p=divine-blessings-review-unlock-your-incredible-earning-potential,https://abretas.github.io/health-reviews-directory-2026/p/divine-blessings-review-unlock-your-incredible-earning-potential.html
283,Divine Dialogue Review: Heal Your Life with Living Prayer,https://script.google.com/macros/s/AKfycbyEg7C5ZKjgkReinWdFyaSxp1lhEGgTAnmLWPQaMGhJpB9quv2v7hbbKNz6QFS_zvy0Lw/exec?p=divine-dialogue-review-heal-your-life-with-living-prayer,https://abretas.github.io/health-reviews-directory-2026/p/divine-dialogue-review-heal-your-life-with-living-prayer.html
284,Divine Dialogue Reviews,https://script.google.com/macros/s/AKfycbyEg7C5ZKjgkReinWdFyaSxp1lhEGgTAnmLWPQaMGhJpB9quv2v7hbbKNz6QFS_zvy0Lw/exec?p=divine-dialogue-reviews,https://abretas.github.io/health-reviews-directory-2026/p/divine-dialogue-reviews.html
285,Divine Invocation Code Review: Receive The Miracle of Unlimited Abundance,https://script.google.com/macros/s/AKfycbyEg7C5ZKjgkReinWdFyaSxp1lhEGgTAnmLWPQaMGhJpB9quv2v7hbbKNz6QFS_zvy0Lw/exec?p=divine-invocation-code-review-receive-the-miracle-of-unlimited-abundance,https://abretas.github.io/health-reviews-directory-2026/p/divine-invocation-code-review-receive-the-miracle-of-unlimited-abundance.html
286,Divine Overflow Review Your God S Abundant Blessings 2,https://script.google.com/macros/s/AKfycbyEg7C5ZKjgkReinWdFyaSxp1lhEGgTAnmLWPQaMGhJpB9quv2v7hbbKNz6QFS_zvy0Lw/exec?p=divine-overflow-review-your-god-s-abundant-blessings-2,https://abretas.github.io/health-reviews-directory-2026/p/divine-overflow-review-your-god-s-abundant-blessings-2.html
287,Divine Overflow Review: Your God’s Abundant Blessings,https://script.google.com/macros/s/AKfycbyEg7C5ZKjgkReinWdFyaSxp1lhEGgTAnmLWPQaMGhJpB9quv2v7hbbKNz6QFS_zvy0Lw/exec?p=divine-overflow-review-your-god-s-abundant-blessings,https://abretas.github.io/health-reviews-directory-2026/p/divine-overflow-review-your-god-s-abundant-blessings.html
288,Divine Rebirth Code Review: Proven Manifestation Program,https://script.google.com/macros/s/AKfycbyEg7C5ZKjgkReinWdFyaSxp1lhEGgTAnmLWPQaMGhJpB9quv2v7hbbKNz6QFS_zvy0Lw/exec?p=divine-rebirth-code-review-proven-manifestation-program,https://abretas.github.io/health-reviews-directory-2026/p/divine-rebirth-code-review-proven-manifestation-program.html
289,Divine Wealth Path Reading Reviews | Is It Legit or Scam?,https://script.google.com/macros/s/AKfycbyEg7C5ZKjgkReinWdFyaSxp1lhEGgTAnmLWPQaMGhJpB9quv2v7hbbKNz6QFS_zvy0Lw/exec?p=divine-wealth-path-reading-reviews-is-it-legit-or-scam,https://abretas.github.io/health-reviews-directory-2026/p/divine-wealth-path-reading-reviews-is-it-legit-or-scam.html
290,DivineLocks Hair Supplement Review: Proven Hair Grow Pills,https://script.google.com/macros/s/AKfycbyEg7C5ZKjgkReinWdFyaSxp1lhEGgTAnmLWPQaMGhJpB9quv2v7hbbKNz6QFS_zvy0Lw/exec?p=divinelocks-hair-supplement-review-proven-hair-grow-pills,https://abretas.github.io/health-reviews-directory-2026/p/divinelocks-hair-supplement-review-proven-hair-grow-pills.html
291,Does Coffee Burn More Fat During Exercise? Java Burn,https://script.google.com/macros/s/AKfycbyEg7C5ZKjgkReinWdFyaSxp1lhEGgTAnmLWPQaMGhJpB9quv2v7hbbKNz6QFS_zvy0Lw/exec?p=does-coffee-burn-more-fat-during-exercise-java-burn,https://abretas.github.io/health-reviews-directory-2026/p/does-coffee-burn-more-fat-during-exercise-java-burn.html
292,Dopamine Genius Review: Unlock Your Super Brain in 7 Days,https://script.google.com/macros/s/AKfycbyEg7C5ZKjgkReinWdFyaSxp1lhEGgTAnmLWPQaMGhJpB9quv2v7hbbKNz6QFS_zvy0Lw/exec?p=dopamine-genius-review-unlock-your-super-brain-in-7-days,https://abretas.github.io/health-reviews-directory-2026/p/dopamine-genius-review-unlock-your-super-brain-in-7-days.html
293,Dr.Love Roar Lion’s Mane Reviews 2026 | Is It Legit or Scam?,https://script.google.com/macros/s/AKfycbyEg7C5ZKjgkReinWdFyaSxp1lhEGgTAnmLWPQaMGhJpB9quv2v7hbbKNz6QFS_zvy0Lw/exec?p=dr-love-roar-lion-s-mane-reviews-2026-is-it-legit-or-scam,https://abretas.github.io/health-reviews-directory-2026/p/dr-love-roar-lion-s-mane-reviews-2026-is-it-legit-or-scam.html
294,Dubai Wealth Secret Reviews 2026: Is It Worth Trying?,https://script.google.com/macros/s/AKfycbyEg7C5ZKjgkReinWdFyaSxp1lhEGgTAnmLWPQaMGhJpB9quv2v7hbbKNz6QFS_zvy0Lw/exec?p=dubai-wealth-secret-reviews-2026-is-it-worth-trying,https://abretas.github.io/health-reviews-directory-2026/p/dubai-wealth-secret-reviews-2026-is-it-worth-trying.html
295,Dubai Wealth Secret Reviews | Is It Worth Buying?,https://script.google.com/macros/s/AKfycbyEg7C5ZKjgkReinWdFyaSxp1lhEGgTAnmLWPQaMGhJpB9quv2v7hbbKNz6QFS_zvy0Lw/exec?p=dubai-wealth-secret-reviews-is-it-worth-buying,https://abretas.github.io/health-reviews-directory-2026/p/dubai-wealth-secret-reviews-is-it-worth-buying.html
296,DuoTrim Review: Proven Supplement For Healthy Gut and Weight Loss,https://script.google.com/macros/s/AKfycbyEg7C5ZKjgkReinWdFyaSxp1lhEGgTAnmLWPQaMGhJpB9quv2v7hbbKNz6QFS_zvy0Lw/exec?p=duotrim-review-proven-supplement-for-healthy-gut-and-weight-loss,https://abretas.github.io/health-reviews-directory-2026/p/duotrim-review-proven-supplement-for-healthy-gut-and-weight-loss.html
297,DuoTrim Reviews,https://script.google.com/macros/s/AKfycbyEg7C5ZKjgkReinWdFyaSxp1lhEGgTAnmLWPQaMGhJpB9quv2v7hbbKNz6QFS_zvy0Lw/exec?p=duotrim-reviews,https://abretas.github.io/health-reviews-directory-2026/p/duotrim-reviews.html
298,ED Elixir Review: Rock-Hard Erections On Demand,https://script.google.com/macros/s/AKfycbyEg7C5ZKjgkReinWdFyaSxp1lhEGgTAnmLWPQaMGhJpB9quv2v7hbbKNz6QFS_zvy0Lw/exec?p=ed-elixir-review-rock-hard-erections-on-demand,https://abretas.github.io/health-reviews-directory-2026/p/ed-elixir-review-rock-hard-erections-on-demand.html
299,Easy Battery Fix Review: Revive Old Batteries Like New,https://script.google.com/macros/s/AKfycbyEg7C5ZKjgkReinWdFyaSxp1lhEGgTAnmLWPQaMGhJpB9quv2v7hbbKNz6QFS_zvy0Lw/exec?p=easy-battery-fix-review-revive-old-batteries-like-new,https://abretas.github.io/health-reviews-directory-2026/p/easy-battery-fix-review-revive-old-batteries-like-new.html
300,Easy Battery Fix Reviews 2026 | Is it Worth Buying?,https://script.google.com/macros/s/AKfycbyEg7C5ZKjgkReinWdFyaSxp1lhEGgTAnmLWPQaMGhJpB9quv2v7hbbKNz6QFS_zvy0Lw/exec?p=easy-battery-fix-reviews-2026-is-it-worth-buying,https://abretas.github.io/health-reviews-directory-2026/p/easy-battery-fix-reviews-2026-is-it-worth-buying.html
301,Easy Power Plan Review: Does This Worth Your Investment,https://script.google.com/macros/s/AKfycbyEg7C5ZKjgkReinWdFyaSxp1lhEGgTAnmLWPQaMGhJpB9quv2v7hbbKNz6QFS_zvy0Lw/exec?p=easy-power-plan-review-does-this-worth-your-investment,https://abretas.github.io/health-reviews-directory-2026/p/easy-power-plan-review-does-this-worth-your-investment.html
302,Easy Power Plan Review: Energy Solution That Really Works,https://script.google.com/macros/s/AKfycbyEg7C5ZKjgkReinWdFyaSxp1lhEGgTAnmLWPQaMGhJpB9quv2v7hbbKNz6QFS_zvy0Lw/exec?p=easy-power-plan-review-energy-solution-that-really-works,https://abretas.github.io/health-reviews-directory-2026/p/easy-power-plan-review-energy-solution-that-really-works.html
303,Eat Well to Age Well Review: A 10-Day Weight Loss Program,https://script.google.com/macros/s/AKfycbyEg7C5ZKjgkReinWdFyaSxp1lhEGgTAnmLWPQaMGhJpB9quv2v7hbbKNz6QFS_zvy0Lw/exec?p=eat-well-to-age-well-review-a-10-day-weight-loss-program,https://abretas.github.io/health-reviews-directory-2026/p/eat-well-to-age-well-review-a-10-day-weight-loss-program.html
304,Eat the Fat Off Reviews,https://script.google.com/macros/s/AKfycbyEg7C5ZKjgkReinWdFyaSxp1lhEGgTAnmLWPQaMGhJpB9quv2v7hbbKNz6QFS_zvy0Lw/exec?p=eat-the-fat-off-reviews,https://abretas.github.io/health-reviews-directory-2026/p/eat-the-fat-off-reviews.html
305,EchoXen Review: Proven Supplement For Ear Health That Works,https://script.google.com/macros/s/AKfycbyEg7C5ZKjgkReinWdFyaSxp1lhEGgTAnmLWPQaMGhJpB9quv2v7hbbKNz6QFS_zvy0Lw/exec?p=echoxen-review-proven-supplement-for-ear-health-that-works,https://abretas.github.io/health-reviews-directory-2026/p/echoxen-review-proven-supplement-for-ear-health-that-works.html
306,EchoXen Reviews 2026 | Is it Worth it Or Scam? The Truth,https://script.google.com/macros/s/AKfycbyEg7C5ZKjgkReinWdFyaSxp1lhEGgTAnmLWPQaMGhJpB9quv2v7hbbKNz6QFS_zvy0Lw/exec?p=echoxen-reviews-2026-is-it-worth-it-or-scam-the-truth,https://abretas.github.io/health-reviews-directory-2026/p/echoxen-reviews-2026-is-it-worth-it-or-scam-the-truth.html
307,EchoXen Reviews | I Tried It For 30 Days (My Honest Results),https://script.google.com/macros/s/AKfycbyEg7C5ZKjgkReinWdFyaSxp1lhEGgTAnmLWPQaMGhJpB9quv2v7hbbKNz6QFS_zvy0Lw/exec?p=echoxen-reviews-i-tried-it-for-30-days-my-honest-results,https://abretas.github.io/health-reviews-directory-2026/p/echoxen-reviews-i-tried-it-for-30-days-my-honest-results.html
308,Echoxen Reviews [2026]: Scam OR Legit Tinnitus Aid,https://script.google.com/macros/s/AKfycbyEg7C5ZKjgkReinWdFyaSxp1lhEGgTAnmLWPQaMGhJpB9quv2v7hbbKNz6QFS_zvy0Lw/exec?p=echoxen-reviews-2026-scam-or-legit-tinnitus-aid,https://abretas.github.io/health-reviews-directory-2026/p/echoxen-reviews-2026-scam-or-legit-tinnitus-aid.html
309,Eden Longevity Supplement Review: Unlock Your Vitality,https://script.google.com/macros/s/AKfycbyEg7C5ZKjgkReinWdFyaSxp1lhEGgTAnmLWPQaMGhJpB9quv2v7hbbKNz6QFS_zvy0Lw/exec?p=eden-longevity-supplement-review-unlock-your-vitality,https://abretas.github.io/health-reviews-directory-2026/p/eden-longevity-supplement-review-unlock-your-vitality.html
310,Edison Wave Reviews 2026 | Is It Worth Your Money?,https://script.google.com/macros/s/AKfycbyEg7C5ZKjgkReinWdFyaSxp1lhEGgTAnmLWPQaMGhJpB9quv2v7hbbKNz6QFS_zvy0Lw/exec?p=edison-wave-reviews-2026-is-it-worth-your-money,https://abretas.github.io/health-reviews-directory-2026/p/edison-wave-reviews-2026-is-it-worth-your-money.html
311,ElectroSlim Review: Proven Electrolyte Fat‑Burning Drink That Works,https://script.google.com/macros/s/AKfycbyEg7C5ZKjgkReinWdFyaSxp1lhEGgTAnmLWPQaMGhJpB9quv2v7hbbKNz6QFS_zvy0Lw/exec?p=electroslim-review-proven-electrolyte-fat-burning-drink-that-works,https://abretas.github.io/health-reviews-directory-2026/p/electroslim-review-proven-electrolyte-fat-burning-drink-that-works.html
312,ElectroSlim Reviews & Complaints 2026 | Is It Worth it?,https://script.google.com/macros/s/AKfycbyEg7C5ZKjgkReinWdFyaSxp1lhEGgTAnmLWPQaMGhJpB9quv2v7hbbKNz6QFS_zvy0Lw/exec?p=electroslim-reviews-complaints-2026-is-it-worth-it,https://abretas.github.io/health-reviews-directory-2026/p/electroslim-reviews-complaints-2026-is-it-worth-it.html
313,ElectroSlim Reviews & Complaints 2026 | Is it Scam?,https://script.google.com/macros/s/AKfycbyEg7C5ZKjgkReinWdFyaSxp1lhEGgTAnmLWPQaMGhJpB9quv2v7hbbKNz6QFS_zvy0Lw/exec?p=electroslim-reviews-complaints-2026-is-it-scam,https://abretas.github.io/health-reviews-directory-2026/p/electroslim-reviews-complaints-2026-is-it-scam.html
314,ElectroSlim Reviews & Complaints 2026 | Is it Worth Buying?,https://script.google.com/macros/s/AKfycbyEg7C5ZKjgkReinWdFyaSxp1lhEGgTAnmLWPQaMGhJpB9quv2v7hbbKNz6QFS_zvy0Lw/exec?p=electroslim-reviews-complaints-2026-is-it-worth-buying,https://abretas.github.io/health-reviews-directory-2026/p/electroslim-reviews-complaints-2026-is-it-worth-buying.html
315,ElectroSlim Reviews & Complaints 2026|  Is It Scam or Legit?,https://script.google.com/macros/s/AKfycbyEg7C5ZKjgkReinWdFyaSxp1lhEGgTAnmLWPQaMGhJpB9quv2v7hbbKNz6QFS_zvy0Lw/exec?p=electroslim-reviews-complaints-2026-is-it-scam-or-legit,https://abretas.github.io/health-reviews-directory-2026/p/electroslim-reviews-complaints-2026-is-it-scam-or-legit.html
316,ElectroSlim Reviews 2026 | Is It Legit or Scam?,https://script.google.com/macros/s/AKfycbyEg7C5ZKjgkReinWdFyaSxp1lhEGgTAnmLWPQaMGhJpB9quv2v7hbbKNz6QFS_zvy0Lw/exec?p=electroslim-reviews-2026-is-it-legit-or-scam,https://abretas.github.io/health-reviews-directory-2026/p/electroslim-reviews-2026-is-it-legit-or-scam.html
317,Electroslim Reviews,https://script.google.com/macros/s/AKfycbyEg7C5ZKjgkReinWdFyaSxp1lhEGgTAnmLWPQaMGhJpB9quv2v7hbbKNz6QFS_zvy0Lw/exec?p=electroslim-reviews,https://abretas.github.io/health-reviews-directory-2026/p/electroslim-reviews.html
318,Elemental Origin Review: Does It Really Works,https://script.google.com/macros/s/AKfycbyEg7C5ZKjgkReinWdFyaSxp1lhEGgTAnmLWPQaMGhJpB9quv2v7hbbKNz6QFS_zvy0Lw/exec?p=elemental-origin-review-does-it-really-works,https://abretas.github.io/health-reviews-directory-2026/p/elemental-origin-review-does-it-really-works.html
319,Elston Dossier Review: Ground Breaking Investigative Ebook,https://script.google.com/macros/s/AKfycbyEg7C5ZKjgkReinWdFyaSxp1lhEGgTAnmLWPQaMGhJpB9quv2v7hbbKNz6QFS_zvy0Lw/exec?p=elston-dossier-review-ground-breaking-investigative-ebook,https://abretas.github.io/health-reviews-directory-2026/p/elston-dossier-review-ground-breaking-investigative-ebook.html
320,Emperor’s Vigor Tonic Reviews,https://script.google.com/macros/s/AKfycbyEg7C5ZKjgkReinWdFyaSxp1lhEGgTAnmLWPQaMGhJpB9quv2v7hbbKNz6QFS_zvy0Lw/exec?p=emperor-s-vigor-tonic-reviews,https://abretas.github.io/health-reviews-directory-2026/p/emperor-s-vigor-tonic-reviews.html
321,EndoPeak Review: Top Rated Male Performance Supplement,https://script.google.com/macros/s/AKfycbyEg7C5ZKjgkReinWdFyaSxp1lhEGgTAnmLWPQaMGhJpB9quv2v7hbbKNz6QFS_zvy0Lw/exec?p=endopeak-review-top-rated-male-performance-supplement,https://abretas.github.io/health-reviews-directory-2026/p/endopeak-review-top-rated-male-performance-supplement.html
322,EndoPump Review: Proven Male Supplement That Really Works,https://script.google.com/macros/s/AKfycbyEg7C5ZKjgkReinWdFyaSxp1lhEGgTAnmLWPQaMGhJpB9quv2v7hbbKNz6QFS_zvy0Lw/exec?p=endopump-review-proven-male-supplement-that-really-works,https://abretas.github.io/health-reviews-directory-2026/p/endopump-review-proven-male-supplement-that-really-works.html
323,EndoPump Reviews & Complaints 2026 | Is it Worth Buying?,https://script.google.com/macros/s/AKfycbyEg7C5ZKjgkReinWdFyaSxp1lhEGgTAnmLWPQaMGhJpB9quv2v7hbbKNz6QFS_zvy0Lw/exec?p=endopump-reviews-complaints-2026-is-it-worth-buying,https://abretas.github.io/health-reviews-directory-2026/p/endopump-reviews-complaints-2026-is-it-worth-buying.html
324,Endopeak Reviews,https://script.google.com/macros/s/AKfycbyEg7C5ZKjgkReinWdFyaSxp1lhEGgTAnmLWPQaMGhJpB9quv2v7hbbKNz6QFS_zvy0Lw/exec?p=endopeak-reviews,https://abretas.github.io/health-reviews-directory-2026/p/endopeak-reviews.html
325,Energeia Reviews [2026]: Real Weight Loss Aid or Scam,https://script.google.com/macros/s/AKfycbyEg7C5ZKjgkReinWdFyaSxp1lhEGgTAnmLWPQaMGhJpB9quv2v7hbbKNz6QFS_zvy0Lw/exec?p=energeia-reviews-2026-real-weight-loss-aid-or-scam,https://abretas.github.io/health-reviews-directory-2026/p/energeia-reviews-2026-real-weight-loss-aid-or-scam.html
326,"Energeia Reviews: The Truth About Benefits, Side Effects & Results",https://script.google.com/macros/s/AKfycbyEg7C5ZKjgkReinWdFyaSxp1lhEGgTAnmLWPQaMGhJpB9quv2v7hbbKNz6QFS_zvy0Lw/exec?p=energeia-reviews-the-truth-about-benefits-side-effects-results,https://abretas.github.io/health-reviews-directory-2026/p/energeia-reviews-the-truth-about-benefits-side-effects-results.html
327,Energy Cube System Review: For Energy Efficiency Seekers,https://script.google.com/macros/s/AKfycbyEg7C5ZKjgkReinWdFyaSxp1lhEGgTAnmLWPQaMGhJpB9quv2v7hbbKNz6QFS_zvy0Lw/exec?p=energy-cube-system-review-for-energy-efficiency-seekers,https://abretas.github.io/health-reviews-directory-2026/p/energy-cube-system-review-for-energy-efficiency-seekers.html
328,Energy Revolution Reviews & Complaints 2026 | Is it Scam?,https://script.google.com/macros/s/AKfycbyEg7C5ZKjgkReinWdFyaSxp1lhEGgTAnmLWPQaMGhJpB9quv2v7hbbKNz6QFS_zvy0Lw/exec?p=energy-revolution-reviews-complaints-2026-is-it-scam,https://abretas.github.io/health-reviews-directory-2026/p/energy-revolution-reviews-complaints-2026-is-it-scam.html
329,Energy Revolution System Review: Cut Down Your Power Bills,https://script.google.com/macros/s/AKfycbyEg7C5ZKjgkReinWdFyaSxp1lhEGgTAnmLWPQaMGhJpB9quv2v7hbbKNz6QFS_zvy0Lw/exec?p=energy-revolution-system-review-cut-down-your-power-bills,https://abretas.github.io/health-reviews-directory-2026/p/energy-revolution-system-review-cut-down-your-power-bills.html
330,Energy Revolution System Reviews 2026 | My Honest Results,https://script.google.com/macros/s/AKfycbyEg7C5ZKjgkReinWdFyaSxp1lhEGgTAnmLWPQaMGhJpB9quv2v7hbbKNz6QFS_zvy0Lw/exec?p=energy-revolution-system-reviews-2026-my-honest-results,https://abretas.github.io/health-reviews-directory-2026/p/energy-revolution-system-reviews-2026-my-honest-results.html
331,Enki Elixir Review: Supplement To Manifest Your Healthiest Self,https://script.google.com/macros/s/AKfycbyEg7C5ZKjgkReinWdFyaSxp1lhEGgTAnmLWPQaMGhJpB9quv2v7hbbKNz6QFS_zvy0Lw/exec?p=enki-elixir-review-supplement-to-manifest-your-healthiest-self,https://abretas.github.io/health-reviews-directory-2026/p/enki-elixir-review-supplement-to-manifest-your-healthiest-self.html
332,ErecPrime Review: MALE ENHANCEMENT Supplement,https://script.google.com/macros/s/AKfycbyEg7C5ZKjgkReinWdFyaSxp1lhEGgTAnmLWPQaMGhJpB9quv2v7hbbKNz6QFS_zvy0Lw/exec?p=erecprime-review-male-enhancement-supplement,https://abretas.github.io/health-reviews-directory-2026/p/erecprime-review-male-enhancement-supplement.html
333,Estro Cleanse Plus Reviews,https://script.google.com/macros/s/AKfycbyEg7C5ZKjgkReinWdFyaSxp1lhEGgTAnmLWPQaMGhJpB9quv2v7hbbKNz6QFS_zvy0Lw/exec?p=estro-cleanse-plus-reviews,https://abretas.github.io/health-reviews-directory-2026/p/estro-cleanse-plus-reviews.html
334,Eva Bloom Soulmate Sketches Program Review,https://script.google.com/macros/s/AKfycbyEg7C5ZKjgkReinWdFyaSxp1lhEGgTAnmLWPQaMGhJpB9quv2v7hbbKNz6QFS_zvy0Lw/exec?p=eva-bloom-soulmate-sketches-program-review,https://abretas.github.io/health-reviews-directory-2026/p/eva-bloom-soulmate-sketches-program-review.html
335,Eye Fortin Reviews,https://script.google.com/macros/s/AKfycbyEg7C5ZKjgkReinWdFyaSxp1lhEGgTAnmLWPQaMGhJpB9quv2v7hbbKNz6QFS_zvy0Lw/exec?p=eye-fortin-reviews,https://abretas.github.io/health-reviews-directory-2026/p/eye-fortin-reviews.html
336,EyeFortin Review: This Vision Formula That Really Works,https://script.google.com/macros/s/AKfycbyEg7C5ZKjgkReinWdFyaSxp1lhEGgTAnmLWPQaMGhJpB9quv2v7hbbKNz6QFS_zvy0Lw/exec?p=eyefortin-review-this-vision-formula-that-really-works,https://abretas.github.io/health-reviews-directory-2026/p/eyefortin-review-this-vision-formula-that-really-works.html
337,Fast Lean Pro Review: The Nobel Fasting Formula For Weight Loss,https://script.google.com/macros/s/AKfycbyEg7C5ZKjgkReinWdFyaSxp1lhEGgTAnmLWPQaMGhJpB9quv2v7hbbKNz6QFS_zvy0Lw/exec?p=fast-lean-pro-review-the-nobel-fasting-formula-for-weight-loss,https://abretas.github.io/health-reviews-directory-2026/p/fast-lean-pro-review-the-nobel-fasting-formula-for-weight-loss.html
338,Fast Lean Pro Reviews & Complaints 2026 | Is it Worth Buying?,https://script.google.com/macros/s/AKfycbyEg7C5ZKjgkReinWdFyaSxp1lhEGgTAnmLWPQaMGhJpB9quv2v7hbbKNz6QFS_zvy0Lw/exec?p=fast-lean-pro-reviews-complaints-2026-is-it-worth-buying,https://abretas.github.io/health-reviews-directory-2026/p/fast-lean-pro-reviews-complaints-2026-is-it-worth-buying.html
339,Female Vitality Protocol Review: Upper Body Alignment Technique,https://script.google.com/macros/s/AKfycbyEg7C5ZKjgkReinWdFyaSxp1lhEGgTAnmLWPQaMGhJpB9quv2v7hbbKNz6QFS_zvy0Lw/exec?p=female-vitality-protocol-review-upper-body-alignment-technique,https://abretas.github.io/health-reviews-directory-2026/p/female-vitality-protocol-review-upper-body-alignment-technique.html
340,FemiCore Reviews 2026: Does It Actually Work?,https://script.google.com/macros/s/AKfycbyEg7C5ZKjgkReinWdFyaSxp1lhEGgTAnmLWPQaMGhJpB9quv2v7hbbKNz6QFS_zvy0Lw/exec?p=femicore-reviews-2026-does-it-actually-work,https://abretas.github.io/health-reviews-directory-2026/p/femicore-reviews-2026-does-it-actually-work.html
341,FemiCore Reviews – WARNING! Don’t Buy Until You Read This!,https://script.google.com/macros/s/AKfycbyEg7C5ZKjgkReinWdFyaSxp1lhEGgTAnmLWPQaMGhJpB9quv2v7hbbKNz6QFS_zvy0Lw/exec?p=femicore-reviews-warning-don-t-buy-until-you-read-this,https://abretas.github.io/health-reviews-directory-2026/p/femicore-reviews-warning-don-t-buy-until-you-read-this.html
342,FemiPro Review: Proven Supplement For Pelvic Floor,https://script.google.com/macros/s/AKfycbyEg7C5ZKjgkReinWdFyaSxp1lhEGgTAnmLWPQaMGhJpB9quv2v7hbbKNz6QFS_zvy0Lw/exec?p=femipro-review-proven-supplement-for-pelvic-floor,https://abretas.github.io/health-reviews-directory-2026/p/femipro-review-proven-supplement-for-pelvic-floor.html
343,FemiPro Reviews,https://script.google.com/macros/s/AKfycbyEg7C5ZKjgkReinWdFyaSxp1lhEGgTAnmLWPQaMGhJpB9quv2v7hbbKNz6QFS_zvy0Lw/exec?p=femipro-reviews,https://abretas.github.io/health-reviews-directory-2026/p/femipro-reviews.html
344,FemiPro Reviews & Complaints 2026 | Experts Advice,https://script.google.com/macros/s/AKfycbyEg7C5ZKjgkReinWdFyaSxp1lhEGgTAnmLWPQaMGhJpB9quv2v7hbbKNz6QFS_zvy0Lw/exec?p=femipro-reviews-complaints-2026-experts-advice,https://abretas.github.io/health-reviews-directory-2026/p/femipro-reviews-complaints-2026-experts-advice.html
345,FemiPro Reviews & Complaints 2026 | Is It Scam?,https://script.google.com/macros/s/AKfycbyEg7C5ZKjgkReinWdFyaSxp1lhEGgTAnmLWPQaMGhJpB9quv2v7hbbKNz6QFS_zvy0Lw/exec?p=femipro-reviews-complaints-2026-is-it-scam,https://abretas.github.io/health-reviews-directory-2026/p/femipro-reviews-complaints-2026-is-it-scam.html
346,FemiPro Reviews & Complaints 2026 | Is It Worth it?,https://script.google.com/macros/s/AKfycbyEg7C5ZKjgkReinWdFyaSxp1lhEGgTAnmLWPQaMGhJpB9quv2v7hbbKNz6QFS_zvy0Lw/exec?p=femipro-reviews-complaints-2026-is-it-worth-it,https://abretas.github.io/health-reviews-directory-2026/p/femipro-reviews-complaints-2026-is-it-worth-it.html
347,FemiPro Reviews [2026] | Is It a Scam or Legit Supplement?,https://script.google.com/macros/s/AKfycbyEg7C5ZKjgkReinWdFyaSxp1lhEGgTAnmLWPQaMGhJpB9quv2v7hbbKNz6QFS_zvy0Lw/exec?p=femipro-reviews-2026-is-it-a-scam-or-legit-supplement,https://abretas.github.io/health-reviews-directory-2026/p/femipro-reviews-2026-is-it-a-scam-or-legit-supplement.html
348,FemiPro Reviews | Is it Legit Or Scam?,https://script.google.com/macros/s/AKfycbyEg7C5ZKjgkReinWdFyaSxp1lhEGgTAnmLWPQaMGhJpB9quv2v7hbbKNz6QFS_zvy0Lw/exec?p=femipro-reviews-is-it-legit-or-scam,https://abretas.github.io/health-reviews-directory-2026/p/femipro-reviews-is-it-legit-or-scam.html
349,FemiPro Reviews – Is This Worth Your Money?,https://script.google.com/macros/s/AKfycbyEg7C5ZKjgkReinWdFyaSxp1lhEGgTAnmLWPQaMGhJpB9quv2v7hbbKNz6QFS_zvy0Lw/exec?p=femipro-reviews-is-this-worth-your-money,https://abretas.github.io/health-reviews-directory-2026/p/femipro-reviews-is-this-worth-your-money.html
350,Femipro Reviews Is This Worth Your Money 2,https://script.google.com/macros/s/AKfycbyEg7C5ZKjgkReinWdFyaSxp1lhEGgTAnmLWPQaMGhJpB9quv2v7hbbKNz6QFS_zvy0Lw/exec?p=femipro-reviews-is-this-worth-your-money-2,https://abretas.github.io/health-reviews-directory-2026/p/femipro-reviews-is-this-worth-your-money-2.html
351,Finessa Reviews & Complaints 2026 | Is it Worth Buying?,https://script.google.com/macros/s/AKfycbyEg7C5ZKjgkReinWdFyaSxp1lhEGgTAnmLWPQaMGhJpB9quv2v7hbbKNz6QFS_zvy0Lw/exec?p=finessa-reviews-complaints-2026-is-it-worth-buying,https://abretas.github.io/health-reviews-directory-2026/p/finessa-reviews-complaints-2026-is-it-worth-buying.html
352,"Finessa Reviews 2026 – It Really Clean Gut,Smooth Digestive Support",https://script.google.com/macros/s/AKfycbyEg7C5ZKjgkReinWdFyaSxp1lhEGgTAnmLWPQaMGhJpB9quv2v7hbbKNz6QFS_zvy0Lw/exec?p=finessa-reviews-2026-it-really-clean-gut-smooth-digestive-support,https://abretas.github.io/health-reviews-directory-2026/p/finessa-reviews-2026-it-really-clean-gut-smooth-digestive-support.html
353,Fit After 50 Reviews & Complaints 2026 | Is It Worth It?,https://script.google.com/macros/s/AKfycbyEg7C5ZKjgkReinWdFyaSxp1lhEGgTAnmLWPQaMGhJpB9quv2v7hbbKNz6QFS_zvy0Lw/exec?p=fit-after-50-reviews-complaints-2026-is-it-worth-it,https://abretas.github.io/health-reviews-directory-2026/p/fit-after-50-reviews-complaints-2026-is-it-worth-it.html
354,FitSpresso Reviews & Complaints 2026 | Is It Worth it?,https://script.google.com/macros/s/AKfycbyEg7C5ZKjgkReinWdFyaSxp1lhEGgTAnmLWPQaMGhJpB9quv2v7hbbKNz6QFS_zvy0Lw/exec?p=fitspresso-reviews-complaints-2026-is-it-worth-it,https://abretas.github.io/health-reviews-directory-2026/p/fitspresso-reviews-complaints-2026-is-it-worth-it.html
355,FitSpresso Reviews – Is It Worth Buying? User Opinion!,https://script.google.com/macros/s/AKfycbyEg7C5ZKjgkReinWdFyaSxp1lhEGgTAnmLWPQaMGhJpB9quv2v7hbbKNz6QFS_zvy0Lw/exec?p=fitspresso-reviews-is-it-worth-buying-user-opinion,https://abretas.github.io/health-reviews-directory-2026/p/fitspresso-reviews-is-it-worth-buying-user-opinion.html
356,FitSpresso vs GOLO – Which is Right for You? Find Out!,https://script.google.com/macros/s/AKfycbyEg7C5ZKjgkReinWdFyaSxp1lhEGgTAnmLWPQaMGhJpB9quv2v7hbbKNz6QFS_zvy0Lw/exec?p=fitspresso-vs-golo-which-is-right-for-you-find-out,https://abretas.github.io/health-reviews-directory-2026/p/fitspresso-vs-golo-which-is-right-for-you-find-out.html
357,Fitspresso Independent Reviews,https://script.google.com/macros/s/AKfycbyEg7C5ZKjgkReinWdFyaSxp1lhEGgTAnmLWPQaMGhJpB9quv2v7hbbKNz6QFS_zvy0Lw/exec?p=fitspresso-independent-reviews,https://abretas.github.io/health-reviews-directory-2026/p/fitspresso-independent-reviews.html
358,Fitspresso Real Reviews BBB,https://script.google.com/macros/s/AKfycbyEg7C5ZKjgkReinWdFyaSxp1lhEGgTAnmLWPQaMGhJpB9quv2v7hbbKNz6QFS_zvy0Lw/exec?p=fitspresso-real-reviews-bbb,https://abretas.github.io/health-reviews-directory-2026/p/fitspresso-real-reviews-bbb.html
359,Flat Belly Flush Review: Proven Weight Loss Program That Works,https://script.google.com/macros/s/AKfycbyEg7C5ZKjgkReinWdFyaSxp1lhEGgTAnmLWPQaMGhJpB9quv2v7hbbKNz6QFS_zvy0Lw/exec?p=flat-belly-flush-review-proven-weight-loss-program-that-works,https://abretas.github.io/health-reviews-directory-2026/p/flat-belly-flush-review-proven-weight-loss-program-that-works.html
360,Flexafen Review: Proven Joint Wellness Supplement Formula,https://script.google.com/macros/s/AKfycbyEg7C5ZKjgkReinWdFyaSxp1lhEGgTAnmLWPQaMGhJpB9quv2v7hbbKNz6QFS_zvy0Lw/exec?p=flexafen-review-proven-joint-wellness-supplement-formula,https://abretas.github.io/health-reviews-directory-2026/p/flexafen-review-proven-joint-wellness-supplement-formula.html
361,Flexafen Review: Revolutionary Supplement For Joint Pain,https://script.google.com/macros/s/AKfycbyEg7C5ZKjgkReinWdFyaSxp1lhEGgTAnmLWPQaMGhJpB9quv2v7hbbKNz6QFS_zvy0Lw/exec?p=flexafen-review-revolutionary-supplement-for-joint-pain,https://abretas.github.io/health-reviews-directory-2026/p/flexafen-review-revolutionary-supplement-for-joint-pain.html
362,Flexafen Reviews,https://script.google.com/macros/s/AKfycbyEg7C5ZKjgkReinWdFyaSxp1lhEGgTAnmLWPQaMGhJpB9quv2v7hbbKNz6QFS_zvy0Lw/exec?p=flexafen-reviews,https://abretas.github.io/health-reviews-directory-2026/p/flexafen-reviews.html
363,Flexafen Reviews & Complaints 2026 | Is it Worth Buying?,https://script.google.com/macros/s/AKfycbyEg7C5ZKjgkReinWdFyaSxp1lhEGgTAnmLWPQaMGhJpB9quv2v7hbbKNz6QFS_zvy0Lw/exec?p=flexafen-reviews-complaints-2026-is-it-worth-buying,https://abretas.github.io/health-reviews-directory-2026/p/flexafen-reviews-complaints-2026-is-it-worth-buying.html
364,Flexigenics Reviews & Complaints 2026 | Is It Worth Your Money?,https://script.google.com/macros/s/AKfycbyEg7C5ZKjgkReinWdFyaSxp1lhEGgTAnmLWPQaMGhJpB9quv2v7hbbKNz6QFS_zvy0Lw/exec?p=flexigenics-reviews-complaints-2026-is-it-worth-your-money,https://abretas.github.io/health-reviews-directory-2026/p/flexigenics-reviews-complaints-2026-is-it-worth-your-money.html
365,FlexoBliss Reviews,https://script.google.com/macros/s/AKfycbyEg7C5ZKjgkReinWdFyaSxp1lhEGgTAnmLWPQaMGhJpB9quv2v7hbbKNz6QFS_zvy0Lw/exec?p=flexobliss-reviews,https://abretas.github.io/health-reviews-directory-2026/p/flexobliss-reviews.html
366,Flexobliss Review: Back Pain Supplement That Works,https://script.google.com/macros/s/AKfycbyEg7C5ZKjgkReinWdFyaSxp1lhEGgTAnmLWPQaMGhJpB9quv2v7hbbKNz6QFS_zvy0Lw/exec?p=flexobliss-review-back-pain-supplement-that-works,https://abretas.github.io/health-reviews-directory-2026/p/flexobliss-review-back-pain-supplement-that-works.html
367,FlowForce Max Customer Reviews,https://script.google.com/macros/s/AKfycbyEg7C5ZKjgkReinWdFyaSxp1lhEGgTAnmLWPQaMGhJpB9quv2v7hbbKNz6QFS_zvy0Lw/exec?p=flowforce-max-customer-reviews,https://abretas.github.io/health-reviews-directory-2026/p/flowforce-max-customer-reviews.html
368,FlowForce Max Review: Ultimate Chew Candy That Supports Prostate Health,https://script.google.com/macros/s/AKfycbyEg7C5ZKjgkReinWdFyaSxp1lhEGgTAnmLWPQaMGhJpB9quv2v7hbbKNz6QFS_zvy0Lw/exec?p=flowforce-max-review-ultimate-chew-candy-that-supports-prostate-health,https://abretas.github.io/health-reviews-directory-2026/p/flowforce-max-review-ultimate-chew-candy-that-supports-prostate-health.html
369,FlowForce Max Reviews,https://script.google.com/macros/s/AKfycbyEg7C5ZKjgkReinWdFyaSxp1lhEGgTAnmLWPQaMGhJpB9quv2v7hbbKNz6QFS_zvy0Lw/exec?p=flowforce-max-reviews,https://abretas.github.io/health-reviews-directory-2026/p/flowforce-max-reviews.html
370,FlowForce Max Reviews & Complaints 2026 | Is It Really Effective?,https://script.google.com/macros/s/AKfycbyEg7C5ZKjgkReinWdFyaSxp1lhEGgTAnmLWPQaMGhJpB9quv2v7hbbKNz6QFS_zvy0Lw/exec?p=flowforce-max-reviews-complaints-2026-is-it-really-effective,https://abretas.github.io/health-reviews-directory-2026/p/flowforce-max-reviews-complaints-2026-is-it-really-effective.html
371,FlowForce Max Reviews & Complaints | Is It Worth it?,https://script.google.com/macros/s/AKfycbyEg7C5ZKjgkReinWdFyaSxp1lhEGgTAnmLWPQaMGhJpB9quv2v7hbbKNz6QFS_zvy0Lw/exec?p=flowforce-max-reviews-complaints-is-it-worth-it,https://abretas.github.io/health-reviews-directory-2026/p/flowforce-max-reviews-complaints-is-it-worth-it.html
372,FlowForce Max Reviews: The Natural Supplement For Prostate Health,https://script.google.com/macros/s/AKfycbyEg7C5ZKjgkReinWdFyaSxp1lhEGgTAnmLWPQaMGhJpB9quv2v7hbbKNz6QFS_zvy0Lw/exec?p=flowforce-max-reviews-the-natural-supplement-for-prostate-health,https://abretas.github.io/health-reviews-directory-2026/p/flowforce-max-reviews-the-natural-supplement-for-prostate-health.html
373,Flush Factor Plus Review: Proven Supplement For Joint Pain Relief,https://script.google.com/macros/s/AKfycbyEg7C5ZKjgkReinWdFyaSxp1lhEGgTAnmLWPQaMGhJpB9quv2v7hbbKNz6QFS_zvy0Lw/exec?p=flush-factor-plus-review-proven-supplement-for-joint-pain-relief,https://abretas.github.io/health-reviews-directory-2026/p/flush-factor-plus-review-proven-supplement-for-joint-pain-relief.html
374,Flush Factor Plus Reviews & Complaints 2026 | Is It Legit?,https://script.google.com/macros/s/AKfycbyEg7C5ZKjgkReinWdFyaSxp1lhEGgTAnmLWPQaMGhJpB9quv2v7hbbKNz6QFS_zvy0Lw/exec?p=flush-factor-plus-reviews-complaints-2026-is-it-legit,https://abretas.github.io/health-reviews-directory-2026/p/flush-factor-plus-reviews-complaints-2026-is-it-legit.html
375,Flush Factor Plus Reviews & Complaints 2026 | Is It Worth It?,https://script.google.com/macros/s/AKfycbyEg7C5ZKjgkReinWdFyaSxp1lhEGgTAnmLWPQaMGhJpB9quv2v7hbbKNz6QFS_zvy0Lw/exec?p=flush-factor-plus-reviews-complaints-2026-is-it-worth-it,https://abretas.github.io/health-reviews-directory-2026/p/flush-factor-plus-reviews-complaints-2026-is-it-worth-it.html
376,Flush Factor Plus Reviews & Complaints 2026 | Is it Scam?,https://script.google.com/macros/s/AKfycbyEg7C5ZKjgkReinWdFyaSxp1lhEGgTAnmLWPQaMGhJpB9quv2v7hbbKNz6QFS_zvy0Lw/exec?p=flush-factor-plus-reviews-complaints-2026-is-it-scam,https://abretas.github.io/health-reviews-directory-2026/p/flush-factor-plus-reviews-complaints-2026-is-it-scam.html
377,Flush Factor Plus Reviews & Complaints | Is it Worth Buying?,https://script.google.com/macros/s/AKfycbyEg7C5ZKjgkReinWdFyaSxp1lhEGgTAnmLWPQaMGhJpB9quv2v7hbbKNz6QFS_zvy0Lw/exec?p=flush-factor-plus-reviews-complaints-is-it-worth-buying,https://abretas.github.io/health-reviews-directory-2026/p/flush-factor-plus-reviews-complaints-is-it-worth-buying.html
378,Flush Factor Plus Reviews 2026 | Is It Worth it or a Scam?,https://script.google.com/macros/s/AKfycbyEg7C5ZKjgkReinWdFyaSxp1lhEGgTAnmLWPQaMGhJpB9quv2v7hbbKNz6QFS_zvy0Lw/exec?p=flush-factor-plus-reviews-2026-is-it-worth-it-or-a-scam,https://abretas.github.io/health-reviews-directory-2026/p/flush-factor-plus-reviews-2026-is-it-worth-it-or-a-scam.html
379,"Flush Factor Plus Reviews 2026: Pros, Cons & Complaints!",https://script.google.com/macros/s/AKfycbyEg7C5ZKjgkReinWdFyaSxp1lhEGgTAnmLWPQaMGhJpB9quv2v7hbbKNz6QFS_zvy0Lw/exec?p=flush-factor-plus-reviews-2026-pros-cons-complaints,https://abretas.github.io/health-reviews-directory-2026/p/flush-factor-plus-reviews-2026-pros-cons-complaints.html
380,FluxActive Review: Vital Prostate Wellness Supplement That Works,https://script.google.com/macros/s/AKfycbyEg7C5ZKjgkReinWdFyaSxp1lhEGgTAnmLWPQaMGhJpB9quv2v7hbbKNz6QFS_zvy0Lw/exec?p=fluxactive-review-vital-prostate-wellness-supplement-that-works,https://abretas.github.io/health-reviews-directory-2026/p/fluxactive-review-vital-prostate-wellness-supplement-that-works.html
381,Fluxactive Complete Reviews,https://script.google.com/macros/s/AKfycbyEg7C5ZKjgkReinWdFyaSxp1lhEGgTAnmLWPQaMGhJpB9quv2v7hbbKNz6QFS_zvy0Lw/exec?p=fluxactive-complete-reviews,https://abretas.github.io/health-reviews-directory-2026/p/fluxactive-complete-reviews.html
382,FoliPrime Review: Natural Egyptian Balm For Healthy Hair,https://script.google.com/macros/s/AKfycbyEg7C5ZKjgkReinWdFyaSxp1lhEGgTAnmLWPQaMGhJpB9quv2v7hbbKNz6QFS_zvy0Lw/exec?p=foliprime-review-natural-egyptian-balm-for-healthy-hair,https://abretas.github.io/health-reviews-directory-2026/p/foliprime-review-natural-egyptian-balm-for-healthy-hair.html
383,FoliPrime Reviews,https://script.google.com/macros/s/AKfycbyEg7C5ZKjgkReinWdFyaSxp1lhEGgTAnmLWPQaMGhJpB9quv2v7hbbKNz6QFS_zvy0Lw/exec?p=foliprime-reviews,https://abretas.github.io/health-reviews-directory-2026/p/foliprime-reviews.html
384,Football Profit Builder Review - Is It Worth Your Money,https://script.google.com/macros/s/AKfycbyEg7C5ZKjgkReinWdFyaSxp1lhEGgTAnmLWPQaMGhJpB9quv2v7hbbKNz6QFS_zvy0Lw/exec?p=football-profit-builder-review-is-it-worth-your-money,https://abretas.github.io/health-reviews-directory-2026/p/football-profit-builder-review-is-it-worth-your-money.html
385,Forti Prime Reviews,https://script.google.com/macros/s/AKfycbyEg7C5ZKjgkReinWdFyaSxp1lhEGgTAnmLWPQaMGhJpB9quv2v7hbbKNz6QFS_zvy0Lw/exec?p=forti-prime-reviews,https://abretas.github.io/health-reviews-directory-2026/p/forti-prime-reviews.html
386,Fortune Reading Reviews,https://script.google.com/macros/s/AKfycbyEg7C5ZKjgkReinWdFyaSxp1lhEGgTAnmLWPQaMGhJpB9quv2v7hbbKNz6QFS_zvy0Lw/exec?p=fortune-reading-reviews,https://abretas.github.io/health-reviews-directory-2026/p/fortune-reading-reviews.html
387,Forward Head Posture FIX By Rick Kaselj Review,https://script.google.com/macros/s/AKfycbyEg7C5ZKjgkReinWdFyaSxp1lhEGgTAnmLWPQaMGhJpB9quv2v7hbbKNz6QFS_zvy0Lw/exec?p=forward-head-posture-fix-by-rick-kaselj-review,https://abretas.github.io/health-reviews-directory-2026/p/forward-head-posture-fix-by-rick-kaselj-review.html
388,Forward Head Posture FIX Review: Proven Program By Rick Kaselj,https://script.google.com/macros/s/AKfycbyEg7C5ZKjgkReinWdFyaSxp1lhEGgTAnmLWPQaMGhJpB9quv2v7hbbKNz6QFS_zvy0Lw/exec?p=forward-head-posture-fix-review-proven-program-by-rick-kaselj,https://abretas.github.io/health-reviews-directory-2026/p/forward-head-posture-fix-review-proven-program-by-rick-kaselj.html
389,Free Sugar Pro Review : (Word of CautioN from a Sincere AnalysT)The Natural Solution for Blood Sugar Annapolis,https://script.google.com/macros/s/AKfycbyEg7C5ZKjgkReinWdFyaSxp1lhEGgTAnmLWPQaMGhJpB9quv2v7hbbKNz6QFS_zvy0Lw/exec?p=free-sugar-pro-review-word-of-caution-from-a-sincere-analyst-the-natural-solution-for-blood-sugar-annapolis,https://abretas.github.io/health-reviews-directory-2026/p/free-sugar-pro-review-word-of-caution-from-a-sincere-analyst-the-natural-solution-for-blood-sugar-annapolis.html
390,Free Sugar Pro Review: Proven Blood Sugar Formula That Works,https://script.google.com/macros/s/AKfycbyEg7C5ZKjgkReinWdFyaSxp1lhEGgTAnmLWPQaMGhJpB9quv2v7hbbKNz6QFS_zvy0Lw/exec?p=free-sugar-pro-review-proven-blood-sugar-formula-that-works,https://abretas.github.io/health-reviews-directory-2026/p/free-sugar-pro-review-proven-blood-sugar-formula-that-works.html
391,Free Sugar Pro Reviews,https://script.google.com/macros/s/AKfycbyEg7C5ZKjgkReinWdFyaSxp1lhEGgTAnmLWPQaMGhJpB9quv2v7hbbKNz6QFS_zvy0Lw/exec?p=free-sugar-pro-reviews,https://abretas.github.io/health-reviews-directory-2026/p/free-sugar-pro-reviews.html
392,Free Sugar Pro Reviews & Complaints 2026 | Is It Worth it?,https://script.google.com/macros/s/AKfycbyEg7C5ZKjgkReinWdFyaSxp1lhEGgTAnmLWPQaMGhJpB9quv2v7hbbKNz6QFS_zvy0Lw/exec?p=free-sugar-pro-reviews-complaints-2026-is-it-worth-it,https://abretas.github.io/health-reviews-directory-2026/p/free-sugar-pro-reviews-complaints-2026-is-it-worth-it.html
393,Free Sugar Pro Reviews | I Tried It For 30 Days (Honest Results),https://script.google.com/macros/s/AKfycbyEg7C5ZKjgkReinWdFyaSxp1lhEGgTAnmLWPQaMGhJpB9quv2v7hbbKNz6QFS_zvy0Lw/exec?p=free-sugar-pro-reviews-i-tried-it-for-30-days-honest-results,https://abretas.github.io/health-reviews-directory-2026/p/free-sugar-pro-reviews-i-tried-it-for-30-days-honest-results.html
394,Freedom Water 5 Reviews,https://script.google.com/macros/s/AKfycbyEg7C5ZKjgkReinWdFyaSxp1lhEGgTAnmLWPQaMGhJpB9quv2v7hbbKNz6QFS_zvy0Lw/exec?p=freedom-water-5-reviews,https://abretas.github.io/health-reviews-directory-2026/p/freedom-water-5-reviews.html
395,GORILLA FLOW Review: Solution for a Healthier Prostate,https://script.google.com/macros/s/AKfycbyEg7C5ZKjgkReinWdFyaSxp1lhEGgTAnmLWPQaMGhJpB9quv2v7hbbKNz6QFS_zvy0Lw/exec?p=gorilla-flow-review-solution-for-a-healthier-prostate,https://abretas.github.io/health-reviews-directory-2026/p/gorilla-flow-review-solution-for-a-healthier-prostate.html
396,GRS Ultra Reviews,https://script.google.com/macros/s/AKfycbyEg7C5ZKjgkReinWdFyaSxp1lhEGgTAnmLWPQaMGhJpB9quv2v7hbbKNz6QFS_zvy0Lw/exec?p=grs-ultra-reviews,https://abretas.github.io/health-reviews-directory-2026/p/grs-ultra-reviews.html
397,GRS Ultra Reviews & Complaints 2026 | Is It Worth Buying?,https://script.google.com/macros/s/AKfycbyEg7C5ZKjgkReinWdFyaSxp1lhEGgTAnmLWPQaMGhJpB9quv2v7hbbKNz6QFS_zvy0Lw/exec?p=grs-ultra-reviews-complaints-2026-is-it-worth-buying,https://abretas.github.io/health-reviews-directory-2026/p/grs-ultra-reviews-complaints-2026-is-it-worth-buying.html
398,GRS Ultra Reviews & Complaints 2026 | Is It Worth it?,https://script.google.com/macros/s/AKfycbyEg7C5ZKjgkReinWdFyaSxp1lhEGgTAnmLWPQaMGhJpB9quv2v7hbbKNz6QFS_zvy0Lw/exec?p=grs-ultra-reviews-complaints-2026-is-it-worth-it,https://abretas.github.io/health-reviews-directory-2026/p/grs-ultra-reviews-complaints-2026-is-it-worth-it.html
399,"Gelatine Sculpt Reviews (2026): Tested, Rated & Reviewed",https://script.google.com/macros/s/AKfycbyEg7C5ZKjgkReinWdFyaSxp1lhEGgTAnmLWPQaMGhJpB9quv2v7hbbKNz6QFS_zvy0Lw/exec?p=gelatine-sculpt-reviews-2026-tested-rated-reviewed,https://abretas.github.io/health-reviews-directory-2026/p/gelatine-sculpt-reviews-2026-tested-rated-reviewed.html
400,Gelatine Sculpt Reviews | Is It a Scam? (My Honest Experience!),https://script.google.com/macros/s/AKfycbyEg7C5ZKjgkReinWdFyaSxp1lhEGgTAnmLWPQaMGhJpB9quv2v7hbbKNz6QFS_zvy0Lw/exec?p=gelatine-sculpt-reviews-is-it-a-scam-my-honest-experience,https://abretas.github.io/health-reviews-directory-2026/p/gelatine-sculpt-reviews-is-it-a-scam-my-honest-experience.html
401,GenF20 Plus Reviews & Complaints 2026 | Is it Scam?,https://script.google.com/macros/s/AKfycbyEg7C5ZKjgkReinWdFyaSxp1lhEGgTAnmLWPQaMGhJpB9quv2v7hbbKNz6QFS_zvy0Lw/exec?p=genf20-plus-reviews-complaints-2026-is-it-scam,https://abretas.github.io/health-reviews-directory-2026/p/genf20-plus-reviews-complaints-2026-is-it-scam.html
402,Genesis Revival Reviews Complaints Is It Worth Your Money 2,https://script.google.com/macros/s/AKfycbyEg7C5ZKjgkReinWdFyaSxp1lhEGgTAnmLWPQaMGhJpB9quv2v7hbbKNz6QFS_zvy0Lw/exec?p=genesis-revival-reviews-complaints-is-it-worth-your-money-2,https://abretas.github.io/health-reviews-directory-2026/p/genesis-revival-reviews-complaints-is-it-worth-your-money-2.html
403,Genesis Revival Reviews Complaints | Is It Worth Your Money?,https://script.google.com/macros/s/AKfycbyEg7C5ZKjgkReinWdFyaSxp1lhEGgTAnmLWPQaMGhJpB9quv2v7hbbKNz6QFS_zvy0Lw/exec?p=genesis-revival-reviews-complaints-is-it-worth-your-money,https://abretas.github.io/health-reviews-directory-2026/p/genesis-revival-reviews-complaints-is-it-worth-your-money.html
404,Genetic Wealth Code Review: Ancient Wealth Secret To Manifest Wealth,https://script.google.com/macros/s/AKfycbyEg7C5ZKjgkReinWdFyaSxp1lhEGgTAnmLWPQaMGhJpB9quv2v7hbbKNz6QFS_zvy0Lw/exec?p=genetic-wealth-code-review-ancient-wealth-secret-to-manifest-wealth,https://abretas.github.io/health-reviews-directory-2026/p/genetic-wealth-code-review-ancient-wealth-secret-to-manifest-wealth.html
405,Genius Brain Signal Reviews & Complaints | Is It Worth it?,https://script.google.com/macros/s/AKfycbyEg7C5ZKjgkReinWdFyaSxp1lhEGgTAnmLWPQaMGhJpB9quv2v7hbbKNz6QFS_zvy0Lw/exec?p=genius-brain-signal-reviews-complaints-is-it-worth-it,https://abretas.github.io/health-reviews-directory-2026/p/genius-brain-signal-reviews-complaints-is-it-worth-it.html
406,Genius Mind Code Review: Proven Manifestation Program That Works,https://script.google.com/macros/s/AKfycbyEg7C5ZKjgkReinWdFyaSxp1lhEGgTAnmLWPQaMGhJpB9quv2v7hbbKNz6QFS_zvy0Lw/exec?p=genius-mind-code-review-proven-manifestation-program-that-works,https://abretas.github.io/health-reviews-directory-2026/p/genius-mind-code-review-proven-manifestation-program-that-works.html
407,Genius Switch Reviews & Complaints 2026 | Is It Worth it?,https://script.google.com/macros/s/AKfycbyEg7C5ZKjgkReinWdFyaSxp1lhEGgTAnmLWPQaMGhJpB9quv2v7hbbKNz6QFS_zvy0Lw/exec?p=genius-switch-reviews-complaints-2026-is-it-worth-it,https://abretas.github.io/health-reviews-directory-2026/p/genius-switch-reviews-complaints-2026-is-it-worth-it.html
408,Genius Wave Reviews: Dr James Rivers 7-Second Brain Trick,https://script.google.com/macros/s/AKfycbyEg7C5ZKjgkReinWdFyaSxp1lhEGgTAnmLWPQaMGhJpB9quv2v7hbbKNz6QFS_zvy0Lw/exec?p=genius-wave-reviews-dr-james-rivers-7-second-brain-trick,https://abretas.github.io/health-reviews-directory-2026/p/genius-wave-reviews-dr-james-rivers-7-second-brain-trick.html
409,Get Gut Go Review: Breakthrough Supplement For Gut Health,https://script.google.com/macros/s/AKfycbyEg7C5ZKjgkReinWdFyaSxp1lhEGgTAnmLWPQaMGhJpB9quv2v7hbbKNz6QFS_zvy0Lw/exec?p=get-gut-go-review-breakthrough-supplement-for-gut-health,https://abretas.github.io/health-reviews-directory-2026/p/get-gut-go-review-breakthrough-supplement-for-gut-health.html
410,Gluco Ally Reviews: Ground-Breaking Blood Sugar Supports,https://script.google.com/macros/s/AKfycbyEg7C5ZKjgkReinWdFyaSxp1lhEGgTAnmLWPQaMGhJpB9quv2v7hbbKNz6QFS_zvy0Lw/exec?p=gluco-ally-reviews-ground-breaking-blood-sugar-supports,https://abretas.github.io/health-reviews-directory-2026/p/gluco-ally-reviews-ground-breaking-blood-sugar-supports.html
411,Gluco Armor Reviews & Complaints | Is It Worth It?,https://script.google.com/macros/s/AKfycbyEg7C5ZKjgkReinWdFyaSxp1lhEGgTAnmLWPQaMGhJpB9quv2v7hbbKNz6QFS_zvy0Lw/exec?p=gluco-armor-reviews-complaints-is-it-worth-it,https://abretas.github.io/health-reviews-directory-2026/p/gluco-armor-reviews-complaints-is-it-worth-it.html
412,Gluco Extend Review: Ground Breaking Supplement For Healthy Blood Sugar,https://script.google.com/macros/s/AKfycbyEg7C5ZKjgkReinWdFyaSxp1lhEGgTAnmLWPQaMGhJpB9quv2v7hbbKNz6QFS_zvy0Lw/exec?p=gluco-extend-review-ground-breaking-supplement-for-healthy-blood-sugar,https://abretas.github.io/health-reviews-directory-2026/p/gluco-extend-review-ground-breaking-supplement-for-healthy-blood-sugar.html
413,Gluco Extend Reviews,https://script.google.com/macros/s/AKfycbyEg7C5ZKjgkReinWdFyaSxp1lhEGgTAnmLWPQaMGhJpB9quv2v7hbbKNz6QFS_zvy0Lw/exec?p=gluco-extend-reviews,https://abretas.github.io/health-reviews-directory-2026/p/gluco-extend-reviews.html
414,Gluco Extend Reviews & Complaints 2026 | Experts Advice,https://script.google.com/macros/s/AKfycbyEg7C5ZKjgkReinWdFyaSxp1lhEGgTAnmLWPQaMGhJpB9quv2v7hbbKNz6QFS_zvy0Lw/exec?p=gluco-extend-reviews-complaints-2026-experts-advice,https://abretas.github.io/health-reviews-directory-2026/p/gluco-extend-reviews-complaints-2026-experts-advice.html
415,Gluco Extend Reviews & Complaints 2026 | Is It Worth it?,https://script.google.com/macros/s/AKfycbyEg7C5ZKjgkReinWdFyaSxp1lhEGgTAnmLWPQaMGhJpB9quv2v7hbbKNz6QFS_zvy0Lw/exec?p=gluco-extend-reviews-complaints-2026-is-it-worth-it,https://abretas.github.io/health-reviews-directory-2026/p/gluco-extend-reviews-complaints-2026-is-it-worth-it.html
416,Gluco Extend Reviews 2026 | Does It Deliver Real Results?,https://script.google.com/macros/s/AKfycbyEg7C5ZKjgkReinWdFyaSxp1lhEGgTAnmLWPQaMGhJpB9quv2v7hbbKNz6QFS_zvy0Lw/exec?p=gluco-extend-reviews-2026-does-it-deliver-real-results,https://abretas.github.io/health-reviews-directory-2026/p/gluco-extend-reviews-2026-does-it-deliver-real-results.html
417,Gluco Extend Reviews | Is It a Scam or Legit? Honest Analysis,https://script.google.com/macros/s/AKfycbyEg7C5ZKjgkReinWdFyaSxp1lhEGgTAnmLWPQaMGhJpB9quv2v7hbbKNz6QFS_zvy0Lw/exec?p=gluco-extend-reviews-is-it-a-scam-or-legit-honest-analysis,https://abretas.github.io/health-reviews-directory-2026/p/gluco-extend-reviews-is-it-a-scam-or-legit-honest-analysis.html
418,Gluco6 Reviews,https://script.google.com/macros/s/AKfycbyEg7C5ZKjgkReinWdFyaSxp1lhEGgTAnmLWPQaMGhJpB9quv2v7hbbKNz6QFS_zvy0Lw/exec?p=gluco6-reviews,https://abretas.github.io/health-reviews-directory-2026/p/gluco6-reviews.html
419,Gluco6 Reviews & Complaints 2026 | Experts Advice,https://script.google.com/macros/s/AKfycbyEg7C5ZKjgkReinWdFyaSxp1lhEGgTAnmLWPQaMGhJpB9quv2v7hbbKNz6QFS_zvy0Lw/exec?p=gluco6-reviews-complaints-2026-experts-advice,https://abretas.github.io/health-reviews-directory-2026/p/gluco6-reviews-complaints-2026-experts-advice.html
420,Gluco6 Reviews & Complaints 2026 | Is It Really Effective?,https://script.google.com/macros/s/AKfycbyEg7C5ZKjgkReinWdFyaSxp1lhEGgTAnmLWPQaMGhJpB9quv2v7hbbKNz6QFS_zvy0Lw/exec?p=gluco6-reviews-complaints-2026-is-it-really-effective,https://abretas.github.io/health-reviews-directory-2026/p/gluco6-reviews-complaints-2026-is-it-really-effective.html
421,Gluco6 Reviews & Complaints 2026 | Is It Worth It?,https://script.google.com/macros/s/AKfycbyEg7C5ZKjgkReinWdFyaSxp1lhEGgTAnmLWPQaMGhJpB9quv2v7hbbKNz6QFS_zvy0Lw/exec?p=gluco6-reviews-complaints-2026-is-it-worth-it,https://abretas.github.io/health-reviews-directory-2026/p/gluco6-reviews-complaints-2026-is-it-worth-it.html
422,Gluco6 Reviews & Complaints 2026 | Is it Scam?,https://script.google.com/macros/s/AKfycbyEg7C5ZKjgkReinWdFyaSxp1lhEGgTAnmLWPQaMGhJpB9quv2v7hbbKNz6QFS_zvy0Lw/exec?p=gluco6-reviews-complaints-2026-is-it-scam,https://abretas.github.io/health-reviews-directory-2026/p/gluco6-reviews-complaints-2026-is-it-scam.html
423,Gluco6 Reviews & Complaints 2026 | Is it Worth Buying?,https://script.google.com/macros/s/AKfycbyEg7C5ZKjgkReinWdFyaSxp1lhEGgTAnmLWPQaMGhJpB9quv2v7hbbKNz6QFS_zvy0Lw/exec?p=gluco6-reviews-complaints-2026-is-it-worth-buying,https://abretas.github.io/health-reviews-directory-2026/p/gluco6-reviews-complaints-2026-is-it-worth-buying.html
424,Gluco6 Reviews 2026: Legit or Scam? Truth Revealed,https://script.google.com/macros/s/AKfycbyEg7C5ZKjgkReinWdFyaSxp1lhEGgTAnmLWPQaMGhJpB9quv2v7hbbKNz6QFS_zvy0Lw/exec?p=gluco6-reviews-2026-legit-or-scam-truth-revealed,https://abretas.github.io/health-reviews-directory-2026/p/gluco6-reviews-2026-legit-or-scam-truth-revealed.html
425,Gluco6 Reviews Complaints 2026 Is It Worth Buying 2,https://script.google.com/macros/s/AKfycbyEg7C5ZKjgkReinWdFyaSxp1lhEGgTAnmLWPQaMGhJpB9quv2v7hbbKNz6QFS_zvy0Lw/exec?p=gluco6-reviews-complaints-2026-is-it-worth-buying-2,https://abretas.github.io/health-reviews-directory-2026/p/gluco6-reviews-complaints-2026-is-it-worth-buying-2.html
426,Gluco6 Reviews Complaints 2026 Is It Worth Buying 3,https://script.google.com/macros/s/AKfycbyEg7C5ZKjgkReinWdFyaSxp1lhEGgTAnmLWPQaMGhJpB9quv2v7hbbKNz6QFS_zvy0Lw/exec?p=gluco6-reviews-complaints-2026-is-it-worth-buying-3,https://abretas.github.io/health-reviews-directory-2026/p/gluco6-reviews-complaints-2026-is-it-worth-buying-3.html
427,Gluco6 Reviews Complaints 2026 Is It Worth It 2,https://script.google.com/macros/s/AKfycbyEg7C5ZKjgkReinWdFyaSxp1lhEGgTAnmLWPQaMGhJpB9quv2v7hbbKNz6QFS_zvy0Lw/exec?p=gluco6-reviews-complaints-2026-is-it-worth-it-2,https://abretas.github.io/health-reviews-directory-2026/p/gluco6-reviews-complaints-2026-is-it-worth-it-2.html
428,Gluco6 Reviews: Does This Blood Sugar Supplement Really Work,https://script.google.com/macros/s/AKfycbyEg7C5ZKjgkReinWdFyaSxp1lhEGgTAnmLWPQaMGhJpB9quv2v7hbbKNz6QFS_zvy0Lw/exec?p=gluco6-reviews-does-this-blood-sugar-supplement-really-work,https://abretas.github.io/health-reviews-directory-2026/p/gluco6-reviews-does-this-blood-sugar-supplement-really-work.html
429,Gluco6 Supplement Reviews: Ground-breaking Blood Sugar Supports,https://script.google.com/macros/s/AKfycbyEg7C5ZKjgkReinWdFyaSxp1lhEGgTAnmLWPQaMGhJpB9quv2v7hbbKNz6QFS_zvy0Lw/exec?p=gluco6-supplement-reviews-ground-breaking-blood-sugar-supports,https://abretas.github.io/health-reviews-directory-2026/p/gluco6-supplement-reviews-ground-breaking-blood-sugar-supports.html
430,Gluco6™ Supplements: Ground-Breaking Blood Sugar Supports,https://script.google.com/macros/s/AKfycbyEg7C5ZKjgkReinWdFyaSxp1lhEGgTAnmLWPQaMGhJpB9quv2v7hbbKNz6QFS_zvy0Lw/exec?p=gluco6-supplements-ground-breaking-blood-sugar-supports,https://abretas.github.io/health-reviews-directory-2026/p/gluco6-supplements-ground-breaking-blood-sugar-supports.html
431,GlucoBerry Review: Supplement For Healthy Blood Sugar Level,https://script.google.com/macros/s/AKfycbyEg7C5ZKjgkReinWdFyaSxp1lhEGgTAnmLWPQaMGhJpB9quv2v7hbbKNz6QFS_zvy0Lw/exec?p=glucoberry-review-supplement-for-healthy-blood-sugar-level,https://abretas.github.io/health-reviews-directory-2026/p/glucoberry-review-supplement-for-healthy-blood-sugar-level.html
432,GlucoFlush Reviews,https://script.google.com/macros/s/AKfycbyEg7C5ZKjgkReinWdFyaSxp1lhEGgTAnmLWPQaMGhJpB9quv2v7hbbKNz6QFS_zvy0Lw/exec?p=glucoflush-reviews,https://abretas.github.io/health-reviews-directory-2026/p/glucoflush-reviews.html
433,GlucoFlush Reviews: Proven Supplement For Type 2 Diabetes,https://script.google.com/macros/s/AKfycbyEg7C5ZKjgkReinWdFyaSxp1lhEGgTAnmLWPQaMGhJpB9quv2v7hbbKNz6QFS_zvy0Lw/exec?p=glucoflush-reviews-proven-supplement-for-type-2-diabetes,https://abretas.github.io/health-reviews-directory-2026/p/glucoflush-reviews-proven-supplement-for-type-2-diabetes.html
434,GlucoPure Reviews,https://script.google.com/macros/s/AKfycbyEg7C5ZKjgkReinWdFyaSxp1lhEGgTAnmLWPQaMGhJpB9quv2v7hbbKNz6QFS_zvy0Lw/exec?p=glucopure-reviews,https://abretas.github.io/health-reviews-directory-2026/p/glucopure-reviews.html
435,GlucoSwitch Reviews | Is It Worth Trying Or Scam?,https://script.google.com/macros/s/AKfycbyEg7C5ZKjgkReinWdFyaSxp1lhEGgTAnmLWPQaMGhJpB9quv2v7hbbKNz6QFS_zvy0Lw/exec?p=glucoswitch-reviews-is-it-worth-trying-or-scam,https://abretas.github.io/health-reviews-directory-2026/p/glucoswitch-reviews-is-it-worth-trying-or-scam.html
436,GlucoTonic Reviews & Complaints 2026 | Is It Worth It?,https://script.google.com/macros/s/AKfycbyEg7C5ZKjgkReinWdFyaSxp1lhEGgTAnmLWPQaMGhJpB9quv2v7hbbKNz6QFS_zvy0Lw/exec?p=glucotonic-reviews-complaints-2026-is-it-worth-it,https://abretas.github.io/health-reviews-directory-2026/p/glucotonic-reviews-complaints-2026-is-it-worth-it.html
437,GlucoTrim Review: Blood Sugar Support Supplement That Works,https://script.google.com/macros/s/AKfycbyEg7C5ZKjgkReinWdFyaSxp1lhEGgTAnmLWPQaMGhJpB9quv2v7hbbKNz6QFS_zvy0Lw/exec?p=glucotrim-review-blood-sugar-support-supplement-that-works,https://abretas.github.io/health-reviews-directory-2026/p/glucotrim-review-blood-sugar-support-supplement-that-works.html
438,GlucoTrim Reviews,https://script.google.com/macros/s/AKfycbyEg7C5ZKjgkReinWdFyaSxp1lhEGgTAnmLWPQaMGhJpB9quv2v7hbbKNz6QFS_zvy0Lw/exec?p=glucotrim-reviews,https://abretas.github.io/health-reviews-directory-2026/p/glucotrim-reviews.html
439,GlucoTrust Review: Blood Sugar Support Supplement That Works,https://script.google.com/macros/s/AKfycbyEg7C5ZKjgkReinWdFyaSxp1lhEGgTAnmLWPQaMGhJpB9quv2v7hbbKNz6QFS_zvy0Lw/exec?p=glucotrust-review-blood-sugar-support-supplement-that-works,https://abretas.github.io/health-reviews-directory-2026/p/glucotrust-review-blood-sugar-support-supplement-that-works.html
440,GlucoTrust Review: The Innovative Blood Sugar Support Supplement,https://script.google.com/macros/s/AKfycbyEg7C5ZKjgkReinWdFyaSxp1lhEGgTAnmLWPQaMGhJpB9quv2v7hbbKNz6QFS_zvy0Lw/exec?p=glucotrust-review-the-innovative-blood-sugar-support-supplement,https://abretas.github.io/health-reviews-directory-2026/p/glucotrust-review-the-innovative-blood-sugar-support-supplement.html
441,GlucoTrust Reviews | Is It Worth Trying Or Scam?,https://script.google.com/macros/s/AKfycbyEg7C5ZKjgkReinWdFyaSxp1lhEGgTAnmLWPQaMGhJpB9quv2v7hbbKNz6QFS_zvy0Lw/exec?p=glucotrust-reviews-is-it-worth-trying-or-scam,https://abretas.github.io/health-reviews-directory-2026/p/glucotrust-reviews-is-it-worth-trying-or-scam.html
442,GlucoTrust Where to Buy,https://script.google.com/macros/s/AKfycbyEg7C5ZKjgkReinWdFyaSxp1lhEGgTAnmLWPQaMGhJpB9quv2v7hbbKNz6QFS_zvy0Lw/exec?p=glucotrust-where-to-buy,https://abretas.github.io/health-reviews-directory-2026/p/glucotrust-where-to-buy.html
443,GlucoTrust vs Glucotrust Max,https://script.google.com/macros/s/AKfycbyEg7C5ZKjgkReinWdFyaSxp1lhEGgTAnmLWPQaMGhJpB9quv2v7hbbKNz6QFS_zvy0Lw/exec?p=glucotrust-vs-glucotrust-max,https://abretas.github.io/health-reviews-directory-2026/p/glucotrust-vs-glucotrust-max.html
444,Glucoberry Reviews,https://script.google.com/macros/s/AKfycbyEg7C5ZKjgkReinWdFyaSxp1lhEGgTAnmLWPQaMGhJpB9quv2v7hbbKNz6QFS_zvy0Lw/exec?p=glucoberry-reviews,https://abretas.github.io/health-reviews-directory-2026/p/glucoberry-reviews.html
445,Gluconite Reviews,https://script.google.com/macros/s/AKfycbyEg7C5ZKjgkReinWdFyaSxp1lhEGgTAnmLWPQaMGhJpB9quv2v7hbbKNz6QFS_zvy0Lw/exec?p=gluconite-reviews,https://abretas.github.io/health-reviews-directory-2026/p/gluconite-reviews.html
446,Gluconite Reviews: Advanced Metabolism And Sleep Support,https://script.google.com/macros/s/AKfycbyEg7C5ZKjgkReinWdFyaSxp1lhEGgTAnmLWPQaMGhJpB9quv2v7hbbKNz6QFS_zvy0Lw/exec?p=gluconite-reviews-advanced-metabolism-and-sleep-support,https://abretas.github.io/health-reviews-directory-2026/p/gluconite-reviews-advanced-metabolism-and-sleep-support.html
447,Glucopure Reviews : (A Comprehensive Analysis of Its Effectiveness) How This Supplement Helps Regul Provo,https://script.google.com/macros/s/AKfycbyEg7C5ZKjgkReinWdFyaSxp1lhEGgTAnmLWPQaMGhJpB9quv2v7hbbKNz6QFS_zvy0Lw/exec?p=glucopure-reviews-a-comprehensive-analysis-of-its-effectiveness-how-this-supplement-helps-regul-provo,https://abretas.github.io/health-reviews-directory-2026/p/glucopure-reviews-a-comprehensive-analysis-of-its-effectiveness-how-this-supplement-helps-regul-provo.html
448,Glucoswitch Reviews,https://script.google.com/macros/s/AKfycbyEg7C5ZKjgkReinWdFyaSxp1lhEGgTAnmLWPQaMGhJpB9quv2v7hbbKNz6QFS_zvy0Lw/exec?p=glucoswitch-reviews,https://abretas.github.io/health-reviews-directory-2026/p/glucoswitch-reviews.html
449,Glucoswitch Reviews : Does It Really Control Blood Sugar,https://script.google.com/macros/s/AKfycbyEg7C5ZKjgkReinWdFyaSxp1lhEGgTAnmLWPQaMGhJpB9quv2v7hbbKNz6QFS_zvy0Lw/exec?p=glucoswitch-reviews-does-it-really-control-blood-sugar,https://abretas.github.io/health-reviews-directory-2026/p/glucoswitch-reviews-does-it-really-control-blood-sugar.html
450,GlycoMute Reviews | Is It Worth Your Money?,https://script.google.com/macros/s/AKfycbyEg7C5ZKjgkReinWdFyaSxp1lhEGgTAnmLWPQaMGhJpB9quv2v7hbbKNz6QFS_zvy0Lw/exec?p=glycomute-reviews-is-it-worth-your-money,https://abretas.github.io/health-reviews-directory-2026/p/glycomute-reviews-is-it-worth-your-money.html
451,Go All Night Formula Reviews & Complaints 2026 | Is It Scam?,https://script.google.com/macros/s/AKfycbyEg7C5ZKjgkReinWdFyaSxp1lhEGgTAnmLWPQaMGhJpB9quv2v7hbbKNz6QFS_zvy0Lw/exec?p=go-all-night-formula-reviews-complaints-2026-is-it-scam,https://abretas.github.io/health-reviews-directory-2026/p/go-all-night-formula-reviews-complaints-2026-is-it-scam.html
452,God Frequency Review: Unlocking the Power Within,https://script.google.com/macros/s/AKfycbyEg7C5ZKjgkReinWdFyaSxp1lhEGgTAnmLWPQaMGhJpB9quv2v7hbbKNz6QFS_zvy0Lw/exec?p=god-frequency-review-unlocking-the-power-within,https://abretas.github.io/health-reviews-directory-2026/p/god-frequency-review-unlocking-the-power-within.html
453,God Frequency Reviews,https://script.google.com/macros/s/AKfycbyEg7C5ZKjgkReinWdFyaSxp1lhEGgTAnmLWPQaMGhJpB9quv2v7hbbKNz6QFS_zvy0Lw/exec?p=god-frequency-reviews,https://abretas.github.io/health-reviews-directory-2026/p/god-frequency-reviews.html
454,God's Embrace Review: Unlocking Heaven’s Financial Blessings,https://script.google.com/macros/s/AKfycbyEg7C5ZKjgkReinWdFyaSxp1lhEGgTAnmLWPQaMGhJpB9quv2v7hbbKNz6QFS_zvy0Lw/exec?p=god-s-embrace-review-unlocking-heaven-s-financial-blessings,https://abretas.github.io/health-reviews-directory-2026/p/god-s-embrace-review-unlocking-heaven-s-financial-blessings.html
455,God's Sacred Promise Review: Are You Ready for God’s Plan,https://script.google.com/macros/s/AKfycbyEg7C5ZKjgkReinWdFyaSxp1lhEGgTAnmLWPQaMGhJpB9quv2v7hbbKNz6QFS_zvy0Lw/exec?p=god-s-sacred-promise-review-are-you-ready-for-god-s-plan,https://abretas.github.io/health-reviews-directory-2026/p/god-s-sacred-promise-review-are-you-ready-for-god-s-plan.html
456,Gold Align Reviews & Complaints 2026 | Is it Worth Buying?,https://script.google.com/macros/s/AKfycbyEg7C5ZKjgkReinWdFyaSxp1lhEGgTAnmLWPQaMGhJpB9quv2v7hbbKNz6QFS_zvy0Lw/exec?p=gold-align-reviews-complaints-2026-is-it-worth-buying,https://abretas.github.io/health-reviews-directory-2026/p/gold-align-reviews-complaints-2026-is-it-worth-buying.html
457,Gold Align Reviews | Warning! Don’t Buy Until You Read This!,https://script.google.com/macros/s/AKfycbyEg7C5ZKjgkReinWdFyaSxp1lhEGgTAnmLWPQaMGhJpB9quv2v7hbbKNz6QFS_zvy0Lw/exec?p=gold-align-reviews-warning-don-t-buy-until-you-read-this,https://abretas.github.io/health-reviews-directory-2026/p/gold-align-reviews-warning-don-t-buy-until-you-read-this.html
458,Good Vibes Manifestation Reviews: Make Your Life Better,https://script.google.com/macros/s/AKfycbyEg7C5ZKjgkReinWdFyaSxp1lhEGgTAnmLWPQaMGhJpB9quv2v7hbbKNz6QFS_zvy0Lw/exec?p=good-vibes-manifestation-reviews-make-your-life-better,https://abretas.github.io/health-reviews-directory-2026/p/good-vibes-manifestation-reviews-make-your-life-better.html
459,Gorilla Flow Reviews,https://script.google.com/macros/s/AKfycbyEg7C5ZKjgkReinWdFyaSxp1lhEGgTAnmLWPQaMGhJpB9quv2v7hbbKNz6QFS_zvy0Lw/exec?p=gorilla-flow-reviews,https://abretas.github.io/health-reviews-directory-2026/p/gorilla-flow-reviews.html
460,Green Antidote for Diabetes: Natural Remedy for Blood Sugar,https://script.google.com/macros/s/AKfycbyEg7C5ZKjgkReinWdFyaSxp1lhEGgTAnmLWPQaMGhJpB9quv2v7hbbKNz6QFS_zvy0Lw/exec?p=green-antidote-for-diabetes-natural-remedy-for-blood-sugar,https://abretas.github.io/health-reviews-directory-2026/p/green-antidote-for-diabetes-natural-remedy-for-blood-sugar.html
461,Green Glucose Review: Proven Weight Loss & Blood Sugar Supplement,https://script.google.com/macros/s/AKfycbyEg7C5ZKjgkReinWdFyaSxp1lhEGgTAnmLWPQaMGhJpB9quv2v7hbbKNz6QFS_zvy0Lw/exec?p=green-glucose-review-proven-weight-loss-blood-sugar-supplement,https://abretas.github.io/health-reviews-directory-2026/p/green-glucose-review-proven-weight-loss-blood-sugar-supplement.html
462,GroveX Review: Safe Male Testo Booster That Works,https://script.google.com/macros/s/AKfycbyEg7C5ZKjgkReinWdFyaSxp1lhEGgTAnmLWPQaMGhJpB9quv2v7hbbKNz6QFS_zvy0Lw/exec?p=grovex-review-safe-male-testo-booster-that-works,https://abretas.github.io/health-reviews-directory-2026/p/grovex-review-safe-male-testo-booster-that-works.html
463,Growth Matrix Reviews,https://script.google.com/macros/s/AKfycbyEg7C5ZKjgkReinWdFyaSxp1lhEGgTAnmLWPQaMGhJpB9quv2v7hbbKNz6QFS_zvy0Lw/exec?p=growth-matrix-reviews,https://abretas.github.io/health-reviews-directory-2026/p/growth-matrix-reviews.html
464,Grs Ultra Reviews 2,https://script.google.com/macros/s/AKfycbyEg7C5ZKjgkReinWdFyaSxp1lhEGgTAnmLWPQaMGhJpB9quv2v7hbbKNz6QFS_zvy0Lw/exec?p=grs-ultra-reviews-2,https://abretas.github.io/health-reviews-directory-2026/p/grs-ultra-reviews-2.html
465,Grs Ultra Reviews Complaints 2026 Is It Worth Buying 2,https://script.google.com/macros/s/AKfycbyEg7C5ZKjgkReinWdFyaSxp1lhEGgTAnmLWPQaMGhJpB9quv2v7hbbKNz6QFS_zvy0Lw/exec?p=grs-ultra-reviews-complaints-2026-is-it-worth-buying-2,https://abretas.github.io/health-reviews-directory-2026/p/grs-ultra-reviews-complaints-2026-is-it-worth-buying-2.html
466,Guerrilla Home Defense Review: This Program Really Worth,https://script.google.com/macros/s/AKfycbyEg7C5ZKjgkReinWdFyaSxp1lhEGgTAnmLWPQaMGhJpB9quv2v7hbbKNz6QFS_zvy0Lw/exec?p=guerrilla-home-defense-review-this-program-really-worth,https://abretas.github.io/health-reviews-directory-2026/p/guerrilla-home-defense-review-this-program-really-worth.html
467,GumAKtiv Customer Reviews,https://script.google.com/macros/s/AKfycbyEg7C5ZKjgkReinWdFyaSxp1lhEGgTAnmLWPQaMGhJpB9quv2v7hbbKNz6QFS_zvy0Lw/exec?p=gumaktiv-customer-reviews,https://abretas.github.io/health-reviews-directory-2026/p/gumaktiv-customer-reviews.html
468,GumAktiv Review: Sweet Probiotic To Fix Your Gums & Teeth,https://script.google.com/macros/s/AKfycbyEg7C5ZKjgkReinWdFyaSxp1lhEGgTAnmLWPQaMGhJpB9quv2v7hbbKNz6QFS_zvy0Lw/exec?p=gumaktiv-review-sweet-probiotic-to-fix-your-gums-teeth,https://abretas.github.io/health-reviews-directory-2026/p/gumaktiv-review-sweet-probiotic-to-fix-your-gums-teeth.html
469,Gut Go Reviews: Proven Supplement Drop for Digestive Health,https://script.google.com/macros/s/AKfycbyEg7C5ZKjgkReinWdFyaSxp1lhEGgTAnmLWPQaMGhJpB9quv2v7hbbKNz6QFS_zvy0Lw/exec?p=gut-go-reviews-proven-supplement-drop-for-digestive-health,https://abretas.github.io/health-reviews-directory-2026/p/gut-go-reviews-proven-supplement-drop-for-digestive-health.html
470,GutOptim Reviews & Complaints | Is it Worth Buying?,https://script.google.com/macros/s/AKfycbyEg7C5ZKjgkReinWdFyaSxp1lhEGgTAnmLWPQaMGhJpB9quv2v7hbbKNz6QFS_zvy0Lw/exec?p=gutoptim-reviews-complaints-is-it-worth-buying,https://abretas.github.io/health-reviews-directory-2026/p/gutoptim-reviews-complaints-is-it-worth-buying.html
471,HairFortin Review: Proven Supplement For Healthy Hair Growth,https://script.google.com/macros/s/AKfycbyEg7C5ZKjgkReinWdFyaSxp1lhEGgTAnmLWPQaMGhJpB9quv2v7hbbKNz6QFS_zvy0Lw/exec?p=hairfortin-review-proven-supplement-for-healthy-hair-growth,https://abretas.github.io/health-reviews-directory-2026/p/hairfortin-review-proven-supplement-for-healthy-hair-growth.html
472,HairFortin Reviews,https://script.google.com/macros/s/AKfycbyEg7C5ZKjgkReinWdFyaSxp1lhEGgTAnmLWPQaMGhJpB9quv2v7hbbKNz6QFS_zvy0Lw/exec?p=hairfortin-reviews,https://abretas.github.io/health-reviews-directory-2026/p/hairfortin-reviews.html
473,Halo Frequency Review: Quantum Leap or a Quantum Scam,https://script.google.com/macros/s/AKfycbyEg7C5ZKjgkReinWdFyaSxp1lhEGgTAnmLWPQaMGhJpB9quv2v7hbbKNz6QFS_zvy0Lw/exec?p=halo-frequency-review-quantum-leap-or-a-quantum-scam,https://abretas.github.io/health-reviews-directory-2026/p/halo-frequency-review-quantum-leap-or-a-quantum-scam.html
474,Heart Harmonics Review: Secretly Manifest Love Effortlessly,https://script.google.com/macros/s/AKfycbyEg7C5ZKjgkReinWdFyaSxp1lhEGgTAnmLWPQaMGhJpB9quv2v7hbbKNz6QFS_zvy0Lw/exec?p=heart-harmonics-review-secretly-manifest-love-effortlessly,https://abretas.github.io/health-reviews-directory-2026/p/heart-harmonics-review-secretly-manifest-love-effortlessly.html
475,Heart Harmonics Reviews & Complaints 2026 | Is it Worth it?,https://script.google.com/macros/s/AKfycbyEg7C5ZKjgkReinWdFyaSxp1lhEGgTAnmLWPQaMGhJpB9quv2v7hbbKNz6QFS_zvy0Lw/exec?p=heart-harmonics-reviews-complaints-2026-is-it-worth-it,https://abretas.github.io/health-reviews-directory-2026/p/heart-harmonics-reviews-complaints-2026-is-it-worth-it.html
476,Heavens Code Review: Discover the Forgotten Biblical Prayer Method,https://script.google.com/macros/s/AKfycbyEg7C5ZKjgkReinWdFyaSxp1lhEGgTAnmLWPQaMGhJpB9quv2v7hbbKNz6QFS_zvy0Lw/exec?p=heavens-code-review-discover-the-forgotten-biblical-prayer-method,https://abretas.github.io/health-reviews-directory-2026/p/heavens-code-review-discover-the-forgotten-biblical-prayer-method.html
477,Heavens Code Reviews & Complaints | Is It Worth it?,https://script.google.com/macros/s/AKfycbyEg7C5ZKjgkReinWdFyaSxp1lhEGgTAnmLWPQaMGhJpB9quv2v7hbbKNz6QFS_zvy0Lw/exec?p=heavens-code-reviews-complaints-is-it-worth-it,https://abretas.github.io/health-reviews-directory-2026/p/heavens-code-reviews-complaints-is-it-worth-it.html
478,HepatoBurn Review: Proven Supplement For Stubborn Belly Fat Loss,https://script.google.com/macros/s/AKfycbyEg7C5ZKjgkReinWdFyaSxp1lhEGgTAnmLWPQaMGhJpB9quv2v7hbbKNz6QFS_zvy0Lw/exec?p=hepatoburn-review-proven-supplement-for-stubborn-belly-fat-loss,https://abretas.github.io/health-reviews-directory-2026/p/hepatoburn-review-proven-supplement-for-stubborn-belly-fat-loss.html
479,HepatoBurn Reviews & Complaints 2026 | Is It Really Good for You?,https://script.google.com/macros/s/AKfycbyEg7C5ZKjgkReinWdFyaSxp1lhEGgTAnmLWPQaMGhJpB9quv2v7hbbKNz6QFS_zvy0Lw/exec?p=hepatoburn-reviews-complaints-2026-is-it-really-good-for-you,https://abretas.github.io/health-reviews-directory-2026/p/hepatoburn-reviews-complaints-2026-is-it-really-good-for-you.html
480,HepatoBurn Reviews & Complaints 2026 | Is It Worth it?,https://script.google.com/macros/s/AKfycbyEg7C5ZKjgkReinWdFyaSxp1lhEGgTAnmLWPQaMGhJpB9quv2v7hbbKNz6QFS_zvy0Lw/exec?p=hepatoburn-reviews-complaints-2026-is-it-worth-it,https://abretas.github.io/health-reviews-directory-2026/p/hepatoburn-reviews-complaints-2026-is-it-worth-it.html
481,HepatoBurn Reviews 2026 | Is It Worth it?,https://script.google.com/macros/s/AKfycbyEg7C5ZKjgkReinWdFyaSxp1lhEGgTAnmLWPQaMGhJpB9quv2v7hbbKNz6QFS_zvy0Lw/exec?p=hepatoburn-reviews-2026-is-it-worth-it,https://abretas.github.io/health-reviews-directory-2026/p/hepatoburn-reviews-2026-is-it-worth-it.html
482,"HepatoBurn Reviews | Real Results, Benefits & Is It Worth It?",https://script.google.com/macros/s/AKfycbyEg7C5ZKjgkReinWdFyaSxp1lhEGgTAnmLWPQaMGhJpB9quv2v7hbbKNz6QFS_zvy0Lw/exec?p=hepatoburn-reviews-real-results-benefits-is-it-worth-it,https://abretas.github.io/health-reviews-directory-2026/p/hepatoburn-reviews-real-results-benefits-is-it-worth-it.html
483,Hepatoburn Reviews Complaints 2026 Is It Worth It 2,https://script.google.com/macros/s/AKfycbyEg7C5ZKjgkReinWdFyaSxp1lhEGgTAnmLWPQaMGhJpB9quv2v7hbbKNz6QFS_zvy0Lw/exec?p=hepatoburn-reviews-complaints-2026-is-it-worth-it-2,https://abretas.github.io/health-reviews-directory-2026/p/hepatoburn-reviews-complaints-2026-is-it-worth-it-2.html
484,HerpaFend Reviews & Complaints 2026 | Is It Scam?,https://script.google.com/macros/s/AKfycbyEg7C5ZKjgkReinWdFyaSxp1lhEGgTAnmLWPQaMGhJpB9quv2v7hbbKNz6QFS_zvy0Lw/exec?p=herpafend-reviews-complaints-2026-is-it-scam,https://abretas.github.io/health-reviews-directory-2026/p/herpafend-reviews-complaints-2026-is-it-scam.html
485,Herpafend Reviews,https://script.google.com/macros/s/AKfycbyEg7C5ZKjgkReinWdFyaSxp1lhEGgTAnmLWPQaMGhJpB9quv2v7hbbKNz6QFS_zvy0Lw/exec?p=herpafend-reviews,https://abretas.github.io/health-reviews-directory-2026/p/herpafend-reviews.html
486,Herpafend Reviews & Complaints | Is It Worth it?,https://script.google.com/macros/s/AKfycbyEg7C5ZKjgkReinWdFyaSxp1lhEGgTAnmLWPQaMGhJpB9quv2v7hbbKNz6QFS_zvy0Lw/exec?p=herpafend-reviews-complaints-is-it-worth-it,https://abretas.github.io/health-reviews-directory-2026/p/herpafend-reviews-complaints-is-it-worth-it.html
487,"Herpafend Reviews 2026 | Results, Pros & Cons, Side Effects",https://script.google.com/macros/s/AKfycbyEg7C5ZKjgkReinWdFyaSxp1lhEGgTAnmLWPQaMGhJpB9quv2v7hbbKNz6QFS_zvy0Lw/exec?p=herpafend-reviews-2026-results-pros-cons-side-effects,https://abretas.github.io/health-reviews-directory-2026/p/herpafend-reviews-2026-results-pros-cons-side-effects.html
488,Herpafend Reviews | Is it a Scam or Legit? Honest Analysis,https://script.google.com/macros/s/AKfycbyEg7C5ZKjgkReinWdFyaSxp1lhEGgTAnmLWPQaMGhJpB9quv2v7hbbKNz6QFS_zvy0Lw/exec?p=herpafend-reviews-is-it-a-scam-or-legit-honest-analysis,https://abretas.github.io/health-reviews-directory-2026/p/herpafend-reviews-is-it-a-scam-or-legit-honest-analysis.html
489,"Herpafend Reviews: 2026 A Comprehensive Analysis on Ingredients, Benefits & Side Effects",https://script.google.com/macros/s/AKfycbyEg7C5ZKjgkReinWdFyaSxp1lhEGgTAnmLWPQaMGhJpB9quv2v7hbbKNz6QFS_zvy0Lw/exec?p=herpafend-reviews-2026-a-comprehensive-analysis-on-ingredients-benefits-side-effects,https://abretas.github.io/health-reviews-directory-2026/p/herpafend-reviews-2026-a-comprehensive-analysis-on-ingredients-benefits-side-effects.html
490,HidraGenix Reviews,https://script.google.com/macros/s/AKfycbyEg7C5ZKjgkReinWdFyaSxp1lhEGgTAnmLWPQaMGhJpB9quv2v7hbbKNz6QFS_zvy0Lw/exec?p=hidragenix-reviews,https://abretas.github.io/health-reviews-directory-2026/p/hidragenix-reviews.html
491,His Deep Obsession Review: Emotional and Biological Desires for Women,https://script.google.com/macros/s/AKfycbyEg7C5ZKjgkReinWdFyaSxp1lhEGgTAnmLWPQaMGhJpB9quv2v7hbbKNz6QFS_zvy0Lw/exec?p=his-deep-obsession-review-emotional-and-biological-desires-for-women,https://abretas.github.io/health-reviews-directory-2026/p/his-deep-obsession-review-emotional-and-biological-desires-for-women.html
492,His Secret Obsession Review: Is it Worth the Money,https://script.google.com/macros/s/AKfycbyEg7C5ZKjgkReinWdFyaSxp1lhEGgTAnmLWPQaMGhJpB9quv2v7hbbKNz6QFS_zvy0Lw/exec?p=his-secret-obsession-review-is-it-worth-the-money,https://abretas.github.io/health-reviews-directory-2026/p/his-secret-obsession-review-is-it-worth-the-money.html
493,His Secret Obsession Reviews & Complaints | Is It Legit?,https://script.google.com/macros/s/AKfycbyEg7C5ZKjgkReinWdFyaSxp1lhEGgTAnmLWPQaMGhJpB9quv2v7hbbKNz6QFS_zvy0Lw/exec?p=his-secret-obsession-reviews-complaints-is-it-legit,https://abretas.github.io/health-reviews-directory-2026/p/his-secret-obsession-reviews-complaints-is-it-legit.html
494,His Secret Obsession Reviews 2026 | Is It Legit or Scam?,https://script.google.com/macros/s/AKfycbyEg7C5ZKjgkReinWdFyaSxp1lhEGgTAnmLWPQaMGhJpB9quv2v7hbbKNz6QFS_zvy0Lw/exec?p=his-secret-obsession-reviews-2026-is-it-legit-or-scam,https://abretas.github.io/health-reviews-directory-2026/p/his-secret-obsession-reviews-2026-is-it-legit-or-scam.html
495,Holistic Nutrition Review: Fitness Postpartum 6 Week Program,https://script.google.com/macros/s/AKfycbyEg7C5ZKjgkReinWdFyaSxp1lhEGgTAnmLWPQaMGhJpB9quv2v7hbbKNz6QFS_zvy0Lw/exec?p=holistic-nutrition-review-fitness-postpartum-6-week-program,https://abretas.github.io/health-reviews-directory-2026/p/holistic-nutrition-review-fitness-postpartum-6-week-program.html
496,Home Doctor Review: Practical Guide That Really Works,https://script.google.com/macros/s/AKfycbyEg7C5ZKjgkReinWdFyaSxp1lhEGgTAnmLWPQaMGhJpB9quv2v7hbbKNz6QFS_zvy0Lw/exec?p=home-doctor-review-practical-guide-that-really-works,https://abretas.github.io/health-reviews-directory-2026/p/home-doctor-review-practical-guide-that-really-works.html
497,Home Power Shield Review: Generates Unlimited Power and Cut Down Energy Bills,https://script.google.com/macros/s/AKfycbyEg7C5ZKjgkReinWdFyaSxp1lhEGgTAnmLWPQaMGhJpB9quv2v7hbbKNz6QFS_zvy0Lw/exec?p=home-power-shield-review-generates-unlimited-power-and-cut-down-energy-bills,https://abretas.github.io/health-reviews-directory-2026/p/home-power-shield-review-generates-unlimited-power-and-cut-down-energy-bills.html
498,Home Power Shield Reviews & Complaints 2026 | Is It Legit?,https://script.google.com/macros/s/AKfycbyEg7C5ZKjgkReinWdFyaSxp1lhEGgTAnmLWPQaMGhJpB9quv2v7hbbKNz6QFS_zvy0Lw/exec?p=home-power-shield-reviews-complaints-2026-is-it-legit,https://abretas.github.io/health-reviews-directory-2026/p/home-power-shield-reviews-complaints-2026-is-it-legit.html
499,Honest Ejaculation By Command Review,https://script.google.com/macros/s/AKfycbyEg7C5ZKjgkReinWdFyaSxp1lhEGgTAnmLWPQaMGhJpB9quv2v7hbbKNz6QFS_zvy0Lw/exec?p=honest-ejaculation-by-command-review,https://abretas.github.io/health-reviews-directory-2026/p/honest-ejaculation-by-command-review.html
500,Honest Zoracel Dental Gummy Reviews: What You Need to Know,https://script.google.com/macros/s/AKfycbyEg7C5ZKjgkReinWdFyaSxp1lhEGgTAnmLWPQaMGhJpB9quv2v7hbbKNz6QFS_zvy0Lw/exec?p=honest-zoracel-dental-gummy-reviews-what-you-need-to-know,https://abretas.github.io/health-reviews-directory-2026/p/honest-zoracel-dental-gummy-reviews-what-you-need-to-know.html
501,Honey Burn Reviews : (A Comprehensive Analysis of Its Effectiveness) Boost Urinary Flow and Enhance,https://script.google.com/macros/s/AKfycbyEg7C5ZKjgkReinWdFyaSxp1lhEGgTAnmLWPQaMGhJpB9quv2v7hbbKNz6QFS_zvy0Lw/exec?p=honey-burn-reviews-a-comprehensive-analysis-of-its-effectiveness-boost-urinary-flow-and-enhance,https://abretas.github.io/health-reviews-directory-2026/p/honey-burn-reviews-a-comprehensive-analysis-of-its-effectiveness-boost-urinary-flow-and-enhance.html
502,HoneyBurn Review: Proven Weight Loss Supplement That Works,https://script.google.com/macros/s/AKfycbyEg7C5ZKjgkReinWdFyaSxp1lhEGgTAnmLWPQaMGhJpB9quv2v7hbbKNz6QFS_zvy0Lw/exec?p=honeyburn-review-proven-weight-loss-supplement-that-works,https://abretas.github.io/health-reviews-directory-2026/p/honeyburn-review-proven-weight-loss-supplement-that-works.html
503,How to Kickstart Your Wellness Journey with Green And Tonic Juice Cleanse,https://script.google.com/macros/s/AKfycbyEg7C5ZKjgkReinWdFyaSxp1lhEGgTAnmLWPQaMGhJpB9quv2v7hbbKNz6QFS_zvy0Lw/exec?p=how-to-kickstart-your-wellness-journey-with-green-and-tonic-juice-cleanse,https://abretas.github.io/health-reviews-directory-2026/p/how-to-kickstart-your-wellness-journey-with-green-and-tonic-juice-cleanse.html
504,HydroLean XT Review: A Unique Supplement For Healthy Weight Loss,https://script.google.com/macros/s/AKfycbyEg7C5ZKjgkReinWdFyaSxp1lhEGgTAnmLWPQaMGhJpB9quv2v7hbbKNz6QFS_zvy0Lw/exec?p=hydrolean-xt-review-a-unique-supplement-for-healthy-weight-loss,https://abretas.github.io/health-reviews-directory-2026/p/hydrolean-xt-review-a-unique-supplement-for-healthy-weight-loss.html
505,HydroLean XT for Better Health: Can Hydrogen-Rich Water Transform Your Wellness,https://script.google.com/macros/s/AKfycbyEg7C5ZKjgkReinWdFyaSxp1lhEGgTAnmLWPQaMGhJpB9quv2v7hbbKNz6QFS_zvy0Lw/exec?p=hydrolean-xt-for-better-health-can-hydrogen-rich-water-transform-your-wellness,https://abretas.github.io/health-reviews-directory-2026/p/hydrolean-xt-for-better-health-can-hydrogen-rich-water-transform-your-wellness.html
506,Hydrossential Reviews,https://script.google.com/macros/s/AKfycbyEg7C5ZKjgkReinWdFyaSxp1lhEGgTAnmLWPQaMGhJpB9quv2v7hbbKNz6QFS_zvy0Lw/exec?p=hydrossential-reviews,https://abretas.github.io/health-reviews-directory-2026/p/hydrossential-reviews.html
507,Ignite Amazonian Sunrise Drops Reviews,https://script.google.com/macros/s/AKfycbyEg7C5ZKjgkReinWdFyaSxp1lhEGgTAnmLWPQaMGhJpB9quv2v7hbbKNz6QFS_zvy0Lw/exec?p=ignite-amazonian-sunrise-drops-reviews,https://abretas.github.io/health-reviews-directory-2026/p/ignite-amazonian-sunrise-drops-reviews.html
508,Ignitra Reviews | Is It Worth Buying or Scam?,https://script.google.com/macros/s/AKfycbyEg7C5ZKjgkReinWdFyaSxp1lhEGgTAnmLWPQaMGhJpB9quv2v7hbbKNz6QFS_zvy0Lw/exec?p=ignitra-reviews-is-it-worth-buying-or-scam,https://abretas.github.io/health-reviews-directory-2026/p/ignitra-reviews-is-it-worth-buying-or-scam.html
509,Ikaria Gummies Review: Weight Loss Gummy That Really Works,https://script.google.com/macros/s/AKfycbyEg7C5ZKjgkReinWdFyaSxp1lhEGgTAnmLWPQaMGhJpB9quv2v7hbbKNz6QFS_zvy0Lw/exec?p=ikaria-gummies-review-weight-loss-gummy-that-really-works,https://abretas.github.io/health-reviews-directory-2026/p/ikaria-gummies-review-weight-loss-gummy-that-really-works.html
510,Ikaria Juice Review: Proven Flat Belly Tonic That Really Works,https://script.google.com/macros/s/AKfycbyEg7C5ZKjgkReinWdFyaSxp1lhEGgTAnmLWPQaMGhJpB9quv2v7hbbKNz6QFS_zvy0Lw/exec?p=ikaria-juice-review-proven-flat-belly-tonic-that-really-works,https://abretas.github.io/health-reviews-directory-2026/p/ikaria-juice-review-proven-flat-belly-tonic-that-really-works.html
511,Ikaria Lean Belly Juice For Fat Loss,https://script.google.com/macros/s/AKfycbyEg7C5ZKjgkReinWdFyaSxp1lhEGgTAnmLWPQaMGhJpB9quv2v7hbbKNz6QFS_zvy0Lw/exec?p=ikaria-lean-belly-juice-for-fat-loss,https://abretas.github.io/health-reviews-directory-2026/p/ikaria-lean-belly-juice-for-fat-loss.html
512,Ikaria Lean Belly Juice Reviews,https://script.google.com/macros/s/AKfycbyEg7C5ZKjgkReinWdFyaSxp1lhEGgTAnmLWPQaMGhJpB9quv2v7hbbKNz6QFS_zvy0Lw/exec?p=ikaria-lean-belly-juice-reviews,https://abretas.github.io/health-reviews-directory-2026/p/ikaria-lean-belly-juice-reviews.html
513,Ikaria Lean Belly Juice Reviews & Complaints 2026 | Is It Legit?,https://script.google.com/macros/s/AKfycbyEg7C5ZKjgkReinWdFyaSxp1lhEGgTAnmLWPQaMGhJpB9quv2v7hbbKNz6QFS_zvy0Lw/exec?p=ikaria-lean-belly-juice-reviews-complaints-2026-is-it-legit,https://abretas.github.io/health-reviews-directory-2026/p/ikaria-lean-belly-juice-reviews-complaints-2026-is-it-legit.html
514,Ikaria Lean Belly Juice Reviews & Complaints 2026 | Is It Scam?,https://script.google.com/macros/s/AKfycbyEg7C5ZKjgkReinWdFyaSxp1lhEGgTAnmLWPQaMGhJpB9quv2v7hbbKNz6QFS_zvy0Lw/exec?p=ikaria-lean-belly-juice-reviews-complaints-2026-is-it-scam,https://abretas.github.io/health-reviews-directory-2026/p/ikaria-lean-belly-juice-reviews-complaints-2026-is-it-scam.html
515,Ikaria Lean Belly Juice Reviews 2,https://script.google.com/macros/s/AKfycbyEg7C5ZKjgkReinWdFyaSxp1lhEGgTAnmLWPQaMGhJpB9quv2v7hbbKNz6QFS_zvy0Lw/exec?p=ikaria-lean-belly-juice-reviews-2,https://abretas.github.io/health-reviews-directory-2026/p/ikaria-lean-belly-juice-reviews-2.html
516,Ikaria Lean Belly Juice Reviews Complaints 2026 Is It Legit 2,https://script.google.com/macros/s/AKfycbyEg7C5ZKjgkReinWdFyaSxp1lhEGgTAnmLWPQaMGhJpB9quv2v7hbbKNz6QFS_zvy0Lw/exec?p=ikaria-lean-belly-juice-reviews-complaints-2026-is-it-legit-2,https://abretas.github.io/health-reviews-directory-2026/p/ikaria-lean-belly-juice-reviews-complaints-2026-is-it-legit-2.html
517,Ikaria Lean Belly Juice Reviews | Is It Worth Your Money?,https://script.google.com/macros/s/AKfycbyEg7C5ZKjgkReinWdFyaSxp1lhEGgTAnmLWPQaMGhJpB9quv2v7hbbKNz6QFS_zvy0Lw/exec?p=ikaria-lean-belly-juice-reviews-is-it-worth-your-money,https://abretas.github.io/health-reviews-directory-2026/p/ikaria-lean-belly-juice-reviews-is-it-worth-your-money.html
518,Ikaria Lean Belly Juice Reviews – Scam or Legit? My Honest Review,https://script.google.com/macros/s/AKfycbyEg7C5ZKjgkReinWdFyaSxp1lhEGgTAnmLWPQaMGhJpB9quv2v7hbbKNz6QFS_zvy0Lw/exec?p=ikaria-lean-belly-juice-reviews-scam-or-legit-my-honest-review,https://abretas.github.io/health-reviews-directory-2026/p/ikaria-lean-belly-juice-reviews-scam-or-legit-my-honest-review.html
519,Ikaria Lean Belly Juice Where to Buy?,https://script.google.com/macros/s/AKfycbyEg7C5ZKjgkReinWdFyaSxp1lhEGgTAnmLWPQaMGhJpB9quv2v7hbbKNz6QFS_zvy0Lw/exec?p=ikaria-lean-belly-juice-where-to-buy,https://abretas.github.io/health-reviews-directory-2026/p/ikaria-lean-belly-juice-where-to-buy.html
520,Illuderma Reviews,https://script.google.com/macros/s/AKfycbyEg7C5ZKjgkReinWdFyaSxp1lhEGgTAnmLWPQaMGhJpB9quv2v7hbbKNz6QFS_zvy0Lw/exec?p=illuderma-reviews,https://abretas.github.io/health-reviews-directory-2026/p/illuderma-reviews.html
521,Illuderma Reviews – Legit or NOT? Read This Before Buying,https://script.google.com/macros/s/AKfycbyEg7C5ZKjgkReinWdFyaSxp1lhEGgTAnmLWPQaMGhJpB9quv2v7hbbKNz6QFS_zvy0Lw/exec?p=illuderma-reviews-legit-or-not-read-this-before-buying,https://abretas.github.io/health-reviews-directory-2026/p/illuderma-reviews-legit-or-not-read-this-before-buying.html
522,Infinite Manifestation Code Review: Attract Infinite Abundance,https://script.google.com/macros/s/AKfycbyEg7C5ZKjgkReinWdFyaSxp1lhEGgTAnmLWPQaMGhJpB9quv2v7hbbKNz6QFS_zvy0Lw/exec?p=infinite-manifestation-code-review-attract-infinite-abundance,https://abretas.github.io/health-reviews-directory-2026/p/infinite-manifestation-code-review-attract-infinite-abundance.html
523,Infinite Wealth Code Reading Review: Rayna Meadows Wealth Reading,https://script.google.com/macros/s/AKfycbyEg7C5ZKjgkReinWdFyaSxp1lhEGgTAnmLWPQaMGhJpB9quv2v7hbbKNz6QFS_zvy0Lw/exec?p=infinite-wealth-code-reading-review-rayna-meadows-wealth-reading,https://abretas.github.io/health-reviews-directory-2026/p/infinite-wealth-code-reading-review-rayna-meadows-wealth-reading.html
524,Infinite Wealth Code Reading Reviews | Is It Worth Buying?,https://script.google.com/macros/s/AKfycbyEg7C5ZKjgkReinWdFyaSxp1lhEGgTAnmLWPQaMGhJpB9quv2v7hbbKNz6QFS_zvy0Lw/exec?p=infinite-wealth-code-reading-reviews-is-it-worth-buying,https://abretas.github.io/health-reviews-directory-2026/p/infinite-wealth-code-reading-reviews-is-it-worth-buying.html
525,Insta Soothe Review: Proven Knee and Joint Pain Relief Cream,https://script.google.com/macros/s/AKfycbyEg7C5ZKjgkReinWdFyaSxp1lhEGgTAnmLWPQaMGhJpB9quv2v7hbbKNz6QFS_zvy0Lw/exec?p=insta-soothe-review-proven-knee-and-joint-pain-relief-cream,https://abretas.github.io/health-reviews-directory-2026/p/insta-soothe-review-proven-knee-and-joint-pain-relief-cream.html
526,Irresistible Texts Review: Method To Wrapped Him Around Your Fingers,https://script.google.com/macros/s/AKfycbyEg7C5ZKjgkReinWdFyaSxp1lhEGgTAnmLWPQaMGhJpB9quv2v7hbbKNz6QFS_zvy0Lw/exec?p=irresistible-texts-review-method-to-wrapped-him-around-your-fingers,https://abretas.github.io/health-reviews-directory-2026/p/irresistible-texts-review-method-to-wrapped-him-around-your-fingers.html
527,Is GLPro the Breakthrough Solution for Blood Sugar Management,https://script.google.com/macros/s/AKfycbyEg7C5ZKjgkReinWdFyaSxp1lhEGgTAnmLWPQaMGhJpB9quv2v7hbbKNz6QFS_zvy0Lw/exec?p=is-glpro-the-breakthrough-solution-for-blood-sugar-management,https://abretas.github.io/health-reviews-directory-2026/p/is-glpro-the-breakthrough-solution-for-blood-sugar-management.html
528,Jack Hammer XL Review: Top Male Enhancement Supplement,https://script.google.com/macros/s/AKfycbyEg7C5ZKjgkReinWdFyaSxp1lhEGgTAnmLWPQaMGhJpB9quv2v7hbbKNz6QFS_zvy0Lw/exec?p=jack-hammer-xl-review-top-male-enhancement-supplement,https://abretas.github.io/health-reviews-directory-2026/p/jack-hammer-xl-review-top-male-enhancement-supplement.html
529,Java Brain Reviews 2026 – Does This Nootropic Really Work,https://script.google.com/macros/s/AKfycbyEg7C5ZKjgkReinWdFyaSxp1lhEGgTAnmLWPQaMGhJpB9quv2v7hbbKNz6QFS_zvy0Lw/exec?p=java-brain-reviews-2026-does-this-nootropic-really-work,https://abretas.github.io/health-reviews-directory-2026/p/java-brain-reviews-2026-does-this-nootropic-really-work.html
530,Java Brain Reviews | Is It Worth It? Honest Analysis,https://script.google.com/macros/s/AKfycbyEg7C5ZKjgkReinWdFyaSxp1lhEGgTAnmLWPQaMGhJpB9quv2v7hbbKNz6QFS_zvy0Lw/exec?p=java-brain-reviews-is-it-worth-it-honest-analysis,https://abretas.github.io/health-reviews-directory-2026/p/java-brain-reviews-is-it-worth-it-honest-analysis.html
531,Java Brain Reviews: Does It Really Enhance Focus and Mental Clarity,https://script.google.com/macros/s/AKfycbyEg7C5ZKjgkReinWdFyaSxp1lhEGgTAnmLWPQaMGhJpB9quv2v7hbbKNz6QFS_zvy0Lw/exec?p=java-brain-reviews-does-it-really-enhance-focus-and-mental-clarity,https://abretas.github.io/health-reviews-directory-2026/p/java-brain-reviews-does-it-really-enhance-focus-and-mental-clarity.html
532,Java Burn 2.0 Reviews 2026: Is It Worth Trying or a Scam?,https://script.google.com/macros/s/AKfycbyEg7C5ZKjgkReinWdFyaSxp1lhEGgTAnmLWPQaMGhJpB9quv2v7hbbKNz6QFS_zvy0Lw/exec?p=java-burn-2-0-reviews-2026-is-it-worth-trying-or-a-scam,https://abretas.github.io/health-reviews-directory-2026/p/java-burn-2-0-reviews-2026-is-it-worth-trying-or-a-scam.html
533,Java Burn Coffee Supplement Review: Fat Burning Coffee Mix,https://script.google.com/macros/s/AKfycbyEg7C5ZKjgkReinWdFyaSxp1lhEGgTAnmLWPQaMGhJpB9quv2v7hbbKNz6QFS_zvy0Lw/exec?p=java-burn-coffee-supplement-review-fat-burning-coffee-mix,https://abretas.github.io/health-reviews-directory-2026/p/java-burn-coffee-supplement-review-fat-burning-coffee-mix.html
534,Java Burn Drops Reviews & Complaints 2026 | Is It Worth Buying?,https://script.google.com/macros/s/AKfycbyEg7C5ZKjgkReinWdFyaSxp1lhEGgTAnmLWPQaMGhJpB9quv2v7hbbKNz6QFS_zvy0Lw/exec?p=java-burn-drops-reviews-complaints-2026-is-it-worth-buying,https://abretas.github.io/health-reviews-directory-2026/p/java-burn-drops-reviews-complaints-2026-is-it-worth-buying.html
535,Java Burn Reviews,https://script.google.com/macros/s/AKfycbyEg7C5ZKjgkReinWdFyaSxp1lhEGgTAnmLWPQaMGhJpB9quv2v7hbbKNz6QFS_zvy0Lw/exec?p=java-burn-reviews,https://abretas.github.io/health-reviews-directory-2026/p/java-burn-reviews.html
536,Java Burn Reviews & Complaints | Is It Worth It?,https://script.google.com/macros/s/AKfycbyEg7C5ZKjgkReinWdFyaSxp1lhEGgTAnmLWPQaMGhJpB9quv2v7hbbKNz6QFS_zvy0Lw/exec?p=java-burn-reviews-complaints-is-it-worth-it,https://abretas.github.io/health-reviews-directory-2026/p/java-burn-reviews-complaints-is-it-worth-it.html
537,Java Burn Reviews 2026 | Is It Legit or Scam?,https://script.google.com/macros/s/AKfycbyEg7C5ZKjgkReinWdFyaSxp1lhEGgTAnmLWPQaMGhJpB9quv2v7hbbKNz6QFS_zvy0Lw/exec?p=java-burn-reviews-2026-is-it-legit-or-scam,https://abretas.github.io/health-reviews-directory-2026/p/java-burn-reviews-2026-is-it-legit-or-scam.html
538,Java Burn Reviews: Is It Worth it? Must Read,https://script.google.com/macros/s/AKfycbyEg7C5ZKjgkReinWdFyaSxp1lhEGgTAnmLWPQaMGhJpB9quv2v7hbbKNz6QFS_zvy0Lw/exec?p=java-burn-reviews-is-it-worth-it-must-read,https://abretas.github.io/health-reviews-directory-2026/p/java-burn-reviews-is-it-worth-it-must-read.html
539,Java Burn Reviews: Ultimate Coffee Mix Powder For Weight Loss,https://script.google.com/macros/s/AKfycbyEg7C5ZKjgkReinWdFyaSxp1lhEGgTAnmLWPQaMGhJpB9quv2v7hbbKNz6QFS_zvy0Lw/exec?p=java-burn-reviews-ultimate-coffee-mix-powder-for-weight-loss,https://abretas.github.io/health-reviews-directory-2026/p/java-burn-reviews-ultimate-coffee-mix-powder-for-weight-loss.html
540,Java Burn vs Liv Pure – Which Is Better? Find Out!,https://script.google.com/macros/s/AKfycbyEg7C5ZKjgkReinWdFyaSxp1lhEGgTAnmLWPQaMGhJpB9quv2v7hbbKNz6QFS_zvy0Lw/exec?p=java-burn-vs-liv-pure-which-is-better-find-out,https://abretas.github.io/health-reviews-directory-2026/p/java-burn-vs-liv-pure-which-is-better-find-out.html
541,Jesus Holy Prayer Review: Enriches Your Life With Divine Prayer,https://script.google.com/macros/s/AKfycbyEg7C5ZKjgkReinWdFyaSxp1lhEGgTAnmLWPQaMGhJpB9quv2v7hbbKNz6QFS_zvy0Lw/exec?p=jesus-holy-prayer-review-enriches-your-life-with-divine-prayer,https://abretas.github.io/health-reviews-directory-2026/p/jesus-holy-prayer-review-enriches-your-life-with-divine-prayer.html
542,Joint Eternal Reviews,https://script.google.com/macros/s/AKfycbyEg7C5ZKjgkReinWdFyaSxp1lhEGgTAnmLWPQaMGhJpB9quv2v7hbbKNz6QFS_zvy0Lw/exec?p=joint-eternal-reviews,https://abretas.github.io/health-reviews-directory-2026/p/joint-eternal-reviews.html
543,Joint Genesis Review 2026: Does It Really Work,https://script.google.com/macros/s/AKfycbyEg7C5ZKjgkReinWdFyaSxp1lhEGgTAnmLWPQaMGhJpB9quv2v7hbbKNz6QFS_zvy0Lw/exec?p=joint-genesis-review-2026-does-it-really-work,https://abretas.github.io/health-reviews-directory-2026/p/joint-genesis-review-2026-does-it-really-work.html
544,Joint Genesis Review: Award-Winning Joint Pain Relief Supplement,https://script.google.com/macros/s/AKfycbyEg7C5ZKjgkReinWdFyaSxp1lhEGgTAnmLWPQaMGhJpB9quv2v7hbbKNz6QFS_zvy0Lw/exec?p=joint-genesis-review-award-winning-joint-pain-relief-supplement,https://abretas.github.io/health-reviews-directory-2026/p/joint-genesis-review-award-winning-joint-pain-relief-supplement.html
545,Joint Genesis Reviews  | Is it Worth it or a Scam? The Truth,https://script.google.com/macros/s/AKfycbyEg7C5ZKjgkReinWdFyaSxp1lhEGgTAnmLWPQaMGhJpB9quv2v7hbbKNz6QFS_zvy0Lw/exec?p=joint-genesis-reviews-is-it-worth-it-or-a-scam-the-truth,https://abretas.github.io/health-reviews-directory-2026/p/joint-genesis-reviews-is-it-worth-it-or-a-scam-the-truth.html
546,Joint Genesis Reviews & Complaints 2026 | Is It Scam?,https://script.google.com/macros/s/AKfycbyEg7C5ZKjgkReinWdFyaSxp1lhEGgTAnmLWPQaMGhJpB9quv2v7hbbKNz6QFS_zvy0Lw/exec?p=joint-genesis-reviews-complaints-2026-is-it-scam,https://abretas.github.io/health-reviews-directory-2026/p/joint-genesis-reviews-complaints-2026-is-it-scam.html
547,Joint Genesis Reviews & Complaints 2026 | Is It Worth it?,https://script.google.com/macros/s/AKfycbyEg7C5ZKjgkReinWdFyaSxp1lhEGgTAnmLWPQaMGhJpB9quv2v7hbbKNz6QFS_zvy0Lw/exec?p=joint-genesis-reviews-complaints-2026-is-it-worth-it,https://abretas.github.io/health-reviews-directory-2026/p/joint-genesis-reviews-complaints-2026-is-it-worth-it.html
548,Joint Genesis Reviews & Complaints | Is It Worth It?,https://script.google.com/macros/s/AKfycbyEg7C5ZKjgkReinWdFyaSxp1lhEGgTAnmLWPQaMGhJpB9quv2v7hbbKNz6QFS_zvy0Lw/exec?p=joint-genesis-reviews-complaints-is-it-worth-it,https://abretas.github.io/health-reviews-directory-2026/p/joint-genesis-reviews-complaints-is-it-worth-it.html
549,Joint Genesis Reviews 2026 | Honest Expert Analysis,https://script.google.com/macros/s/AKfycbyEg7C5ZKjgkReinWdFyaSxp1lhEGgTAnmLWPQaMGhJpB9quv2v7hbbKNz6QFS_zvy0Lw/exec?p=joint-genesis-reviews-2026-honest-expert-analysis,https://abretas.github.io/health-reviews-directory-2026/p/joint-genesis-reviews-2026-honest-expert-analysis.html
550,Joint Genesis Reviews 2026 | Is It Worth Buying or Scam?,https://script.google.com/macros/s/AKfycbyEg7C5ZKjgkReinWdFyaSxp1lhEGgTAnmLWPQaMGhJpB9quv2v7hbbKNz6QFS_zvy0Lw/exec?p=joint-genesis-reviews-2026-is-it-worth-buying-or-scam,https://abretas.github.io/health-reviews-directory-2026/p/joint-genesis-reviews-2026-is-it-worth-buying-or-scam.html
551,Joint Genesis Reviews 2026 – Is It Worth Buying?,https://script.google.com/macros/s/AKfycbyEg7C5ZKjgkReinWdFyaSxp1lhEGgTAnmLWPQaMGhJpB9quv2v7hbbKNz6QFS_zvy0Lw/exec?p=joint-genesis-reviews-2026-is-it-worth-buying,https://abretas.github.io/health-reviews-directory-2026/p/joint-genesis-reviews-2026-is-it-worth-buying.html
552,Joint Genesis Reviews 2026: Is It Scam or Legit?,https://script.google.com/macros/s/AKfycbyEg7C5ZKjgkReinWdFyaSxp1lhEGgTAnmLWPQaMGhJpB9quv2v7hbbKNz6QFS_zvy0Lw/exec?p=joint-genesis-reviews-2026-is-it-scam-or-legit,https://abretas.github.io/health-reviews-directory-2026/p/joint-genesis-reviews-2026-is-it-scam-or-legit.html
553,Joint N 11 Reviews Complaints 2026 Is It Worth Buying 2,https://script.google.com/macros/s/AKfycbyEg7C5ZKjgkReinWdFyaSxp1lhEGgTAnmLWPQaMGhJpB9quv2v7hbbKNz6QFS_zvy0Lw/exec?p=joint-n-11-reviews-complaints-2026-is-it-worth-buying-2,https://abretas.github.io/health-reviews-directory-2026/p/joint-n-11-reviews-complaints-2026-is-it-worth-buying-2.html
554,Joint N-11 Reviews & Complaints 2026 | Is it Worth Buying?,https://script.google.com/macros/s/AKfycbyEg7C5ZKjgkReinWdFyaSxp1lhEGgTAnmLWPQaMGhJpB9quv2v7hbbKNz6QFS_zvy0Lw/exec?p=joint-n-11-reviews-complaints-2026-is-it-worth-buying,https://abretas.github.io/health-reviews-directory-2026/p/joint-n-11-reviews-complaints-2026-is-it-worth-buying.html
555,Joint Restore Gummies Customer Reviews,https://script.google.com/macros/s/AKfycbyEg7C5ZKjgkReinWdFyaSxp1lhEGgTAnmLWPQaMGhJpB9quv2v7hbbKNz6QFS_zvy0Lw/exec?p=joint-restore-gummies-customer-reviews,https://abretas.github.io/health-reviews-directory-2026/p/joint-restore-gummies-customer-reviews.html
556,Joint Restore Gummies Review: Effective Joint Supplement,https://script.google.com/macros/s/AKfycbyEg7C5ZKjgkReinWdFyaSxp1lhEGgTAnmLWPQaMGhJpB9quv2v7hbbKNz6QFS_zvy0Lw/exec?p=joint-restore-gummies-review-effective-joint-supplement,https://abretas.github.io/health-reviews-directory-2026/p/joint-restore-gummies-review-effective-joint-supplement.html
557,Joint Restore Gummies Reviews & Complaints | Is It Worth It?,https://script.google.com/macros/s/AKfycbyEg7C5ZKjgkReinWdFyaSxp1lhEGgTAnmLWPQaMGhJpB9quv2v7hbbKNz6QFS_zvy0Lw/exec?p=joint-restore-gummies-reviews-complaints-is-it-worth-it,https://abretas.github.io/health-reviews-directory-2026/p/joint-restore-gummies-reviews-complaints-is-it-worth-it.html
558,JointVive Reviews & Complaints 2026 | Is It Worth It?,https://script.google.com/macros/s/AKfycbyEg7C5ZKjgkReinWdFyaSxp1lhEGgTAnmLWPQaMGhJpB9quv2v7hbbKNz6QFS_zvy0Lw/exec?p=jointvive-reviews-complaints-2026-is-it-worth-it,https://abretas.github.io/health-reviews-directory-2026/p/jointvive-reviews-complaints-2026-is-it-worth-it.html
559,JointVive Reviews 2026 | Is It Legit or Scam?,https://script.google.com/macros/s/AKfycbyEg7C5ZKjgkReinWdFyaSxp1lhEGgTAnmLWPQaMGhJpB9quv2v7hbbKNz6QFS_zvy0Lw/exec?p=jointvive-reviews-2026-is-it-legit-or-scam,https://abretas.github.io/health-reviews-directory-2026/p/jointvive-reviews-2026-is-it-legit-or-scam.html
560,Joseph’s Well System Reviews: Does It Really Work or Not?,https://script.google.com/macros/s/AKfycbyEg7C5ZKjgkReinWdFyaSxp1lhEGgTAnmLWPQaMGhJpB9quv2v7hbbKNz6QFS_zvy0Lw/exec?p=joseph-s-well-system-reviews-does-it-really-work-or-not,https://abretas.github.io/health-reviews-directory-2026/p/joseph-s-well-system-reviews-does-it-really-work-or-not.html
561,KeraBiotics Reviews,https://script.google.com/macros/s/AKfycbyEg7C5ZKjgkReinWdFyaSxp1lhEGgTAnmLWPQaMGhJpB9quv2v7hbbKNz6QFS_zvy0Lw/exec?p=kerabiotics-reviews,https://abretas.github.io/health-reviews-directory-2026/p/kerabiotics-reviews.html
562,KeraGenis Reviews,https://script.google.com/macros/s/AKfycbyEg7C5ZKjgkReinWdFyaSxp1lhEGgTAnmLWPQaMGhJpB9quv2v7hbbKNz6QFS_zvy0Lw/exec?p=keragenis-reviews,https://abretas.github.io/health-reviews-directory-2026/p/keragenis-reviews.html
563,Kerassentials Review: Proven Fungus Drop Supplement That Works,https://script.google.com/macros/s/AKfycbyEg7C5ZKjgkReinWdFyaSxp1lhEGgTAnmLWPQaMGhJpB9quv2v7hbbKNz6QFS_zvy0Lw/exec?p=kerassentials-review-proven-fungus-drop-supplement-that-works,https://abretas.github.io/health-reviews-directory-2026/p/kerassentials-review-proven-fungus-drop-supplement-that-works.html
564,Kerassentials Reviews & Complaints 2026 | Is It Worth Trying?,https://script.google.com/macros/s/AKfycbyEg7C5ZKjgkReinWdFyaSxp1lhEGgTAnmLWPQaMGhJpB9quv2v7hbbKNz6QFS_zvy0Lw/exec?p=kerassentials-reviews-complaints-2026-is-it-worth-trying,https://abretas.github.io/health-reviews-directory-2026/p/kerassentials-reviews-complaints-2026-is-it-worth-trying.html
565,Kerassentials Reviews & Complaints 2026 | Is It Worth it?,https://script.google.com/macros/s/AKfycbyEg7C5ZKjgkReinWdFyaSxp1lhEGgTAnmLWPQaMGhJpB9quv2v7hbbKNz6QFS_zvy0Lw/exec?p=kerassentials-reviews-complaints-2026-is-it-worth-it,https://abretas.github.io/health-reviews-directory-2026/p/kerassentials-reviews-complaints-2026-is-it-worth-it.html
566,Kerassentials Reviews & Complaints 2026 | Is it Scam?,https://script.google.com/macros/s/AKfycbyEg7C5ZKjgkReinWdFyaSxp1lhEGgTAnmLWPQaMGhJpB9quv2v7hbbKNz6QFS_zvy0Lw/exec?p=kerassentials-reviews-complaints-2026-is-it-scam,https://abretas.github.io/health-reviews-directory-2026/p/kerassentials-reviews-complaints-2026-is-it-scam.html
567,Kerassentials Reviews 2026 | Is It Effective for Nail Fungus?,https://script.google.com/macros/s/AKfycbyEg7C5ZKjgkReinWdFyaSxp1lhEGgTAnmLWPQaMGhJpB9quv2v7hbbKNz6QFS_zvy0Lw/exec?p=kerassentials-reviews-2026-is-it-effective-for-nail-fungus,https://abretas.github.io/health-reviews-directory-2026/p/kerassentials-reviews-2026-is-it-effective-for-nail-fungus.html
568,Kerassentials Reviews 2026 – Does It Really Improve Nail Health,https://script.google.com/macros/s/AKfycbyEg7C5ZKjgkReinWdFyaSxp1lhEGgTAnmLWPQaMGhJpB9quv2v7hbbKNz6QFS_zvy0Lw/exec?p=kerassentials-reviews-2026-does-it-really-improve-nail-health,https://abretas.github.io/health-reviews-directory-2026/p/kerassentials-reviews-2026-does-it-really-improve-nail-health.html
569,Kerassentials Reviews 2026 – Is It Worth It or a Scam?,https://script.google.com/macros/s/AKfycbyEg7C5ZKjgkReinWdFyaSxp1lhEGgTAnmLWPQaMGhJpB9quv2v7hbbKNz6QFS_zvy0Lw/exec?p=kerassentials-reviews-2026-is-it-worth-it-or-a-scam,https://abretas.github.io/health-reviews-directory-2026/p/kerassentials-reviews-2026-is-it-worth-it-or-a-scam.html
570,Kerassentials Reviews Complaints 2026 Is It Scam 2,https://script.google.com/macros/s/AKfycbyEg7C5ZKjgkReinWdFyaSxp1lhEGgTAnmLWPQaMGhJpB9quv2v7hbbKNz6QFS_zvy0Lw/exec?p=kerassentials-reviews-complaints-2026-is-it-scam-2,https://abretas.github.io/health-reviews-directory-2026/p/kerassentials-reviews-complaints-2026-is-it-scam-2.html
571,Kerassentials Reviews Complaints 2026 Is It Scam 3,https://script.google.com/macros/s/AKfycbyEg7C5ZKjgkReinWdFyaSxp1lhEGgTAnmLWPQaMGhJpB9quv2v7hbbKNz6QFS_zvy0Lw/exec?p=kerassentials-reviews-complaints-2026-is-it-scam-3,https://abretas.github.io/health-reviews-directory-2026/p/kerassentials-reviews-complaints-2026-is-it-scam-3.html
572,Kerassentials Reviews Complaints 2026 Is It Worth It 2,https://script.google.com/macros/s/AKfycbyEg7C5ZKjgkReinWdFyaSxp1lhEGgTAnmLWPQaMGhJpB9quv2v7hbbKNz6QFS_zvy0Lw/exec?p=kerassentials-reviews-complaints-2026-is-it-worth-it-2,https://abretas.github.io/health-reviews-directory-2026/p/kerassentials-reviews-complaints-2026-is-it-worth-it-2.html
573,Kerassentials Reviews – Is This Worth Your Money?,https://script.google.com/macros/s/AKfycbyEg7C5ZKjgkReinWdFyaSxp1lhEGgTAnmLWPQaMGhJpB9quv2v7hbbKNz6QFS_zvy0Lw/exec?p=kerassentials-reviews-is-this-worth-your-money,https://abretas.github.io/health-reviews-directory-2026/p/kerassentials-reviews-is-this-worth-your-money.html
574,Kerassentials Where to Buy,https://script.google.com/macros/s/AKfycbyEg7C5ZKjgkReinWdFyaSxp1lhEGgTAnmLWPQaMGhJpB9quv2v7hbbKNz6QFS_zvy0Lw/exec?p=kerassentials-where-to-buy,https://abretas.github.io/health-reviews-directory-2026/p/kerassentials-where-to-buy.html
575,Keravita Pro Reviews | Is It Worth Buying? Honest Review,https://script.google.com/macros/s/AKfycbyEg7C5ZKjgkReinWdFyaSxp1lhEGgTAnmLWPQaMGhJpB9quv2v7hbbKNz6QFS_zvy0Lw/exec?p=keravita-pro-reviews-is-it-worth-buying-honest-review,https://abretas.github.io/health-reviews-directory-2026/p/keravita-pro-reviews-is-it-worth-buying-honest-review.html
576,Keravita Pro Reviews: Proven Supplement For Toenail Fungus,https://script.google.com/macros/s/AKfycbyEg7C5ZKjgkReinWdFyaSxp1lhEGgTAnmLWPQaMGhJpB9quv2v7hbbKNz6QFS_zvy0Lw/exec?p=keravita-pro-reviews-proven-supplement-for-toenail-fungus,https://abretas.github.io/health-reviews-directory-2026/p/keravita-pro-reviews-proven-supplement-for-toenail-fungus.html
577,KeySlim Review: Proven Weight Loss Drops That Works,https://script.google.com/macros/s/AKfycbyEg7C5ZKjgkReinWdFyaSxp1lhEGgTAnmLWPQaMGhJpB9quv2v7hbbKNz6QFS_zvy0Lw/exec?p=keyslim-review-proven-weight-loss-drops-that-works,https://abretas.github.io/health-reviews-directory-2026/p/keyslim-review-proven-weight-loss-drops-that-works.html
578,Kinetic Power System Review: Simple Energy Trick Cuts Power Bills,https://script.google.com/macros/s/AKfycbyEg7C5ZKjgkReinWdFyaSxp1lhEGgTAnmLWPQaMGhJpB9quv2v7hbbKNz6QFS_zvy0Lw/exec?p=kinetic-power-system-review-simple-energy-trick-cuts-power-bills,https://abretas.github.io/health-reviews-directory-2026/p/kinetic-power-system-review-simple-energy-trick-cuts-power-bills.html
579,Kinetic Power System Reviews,https://script.google.com/macros/s/AKfycbyEg7C5ZKjgkReinWdFyaSxp1lhEGgTAnmLWPQaMGhJpB9quv2v7hbbKNz6QFS_zvy0Lw/exec?p=kinetic-power-system-reviews,https://abretas.github.io/health-reviews-directory-2026/p/kinetic-power-system-reviews.html
580,Laellium Reviews [2026]: Real Weight Loss or a Scam,https://script.google.com/macros/s/AKfycbyEg7C5ZKjgkReinWdFyaSxp1lhEGgTAnmLWPQaMGhJpB9quv2v7hbbKNz6QFS_zvy0Lw/exec?p=laellium-reviews-2026-real-weight-loss-or-a-scam,https://abretas.github.io/health-reviews-directory-2026/p/laellium-reviews-2026-real-weight-loss-or-a-scam.html
581,Lanta Flat Belly Shake Review: Ancient Fat Loss Shake For Really Works,https://script.google.com/macros/s/AKfycbyEg7C5ZKjgkReinWdFyaSxp1lhEGgTAnmLWPQaMGhJpB9quv2v7hbbKNz6QFS_zvy0Lw/exec?p=lanta-flat-belly-shake-review-ancient-fat-loss-shake-for-really-works,https://abretas.github.io/health-reviews-directory-2026/p/lanta-flat-belly-shake-review-ancient-fat-loss-shake-for-really-works.html
582,Lanta Flat Belly Shake Reviews,https://script.google.com/macros/s/AKfycbyEg7C5ZKjgkReinWdFyaSxp1lhEGgTAnmLWPQaMGhJpB9quv2v7hbbKNz6QFS_zvy0Lw/exec?p=lanta-flat-belly-shake-reviews,https://abretas.github.io/health-reviews-directory-2026/p/lanta-flat-belly-shake-reviews.html
583,Lanta Flat Belly Shake Reviews: Is It the Key to Effortless Weight Loss,https://script.google.com/macros/s/AKfycbyEg7C5ZKjgkReinWdFyaSxp1lhEGgTAnmLWPQaMGhJpB9quv2v7hbbKNz6QFS_zvy0Lw/exec?p=lanta-flat-belly-shake-reviews-is-it-the-key-to-effortless-weight-loss,https://abretas.github.io/health-reviews-directory-2026/p/lanta-flat-belly-shake-reviews-is-it-the-key-to-effortless-weight-loss.html
584,Lean Gene Review: Brazilian Water Recipe Burns Fat Faster,https://script.google.com/macros/s/AKfycbyEg7C5ZKjgkReinWdFyaSxp1lhEGgTAnmLWPQaMGhJpB9quv2v7hbbKNz6QFS_zvy0Lw/exec?p=lean-gene-review-brazilian-water-recipe-burns-fat-faster,https://abretas.github.io/health-reviews-directory-2026/p/lean-gene-review-brazilian-water-recipe-burns-fat-faster.html
585,LeanBioMe Reviews,https://script.google.com/macros/s/AKfycbyEg7C5ZKjgkReinWdFyaSxp1lhEGgTAnmLWPQaMGhJpB9quv2v7hbbKNz6QFS_zvy0Lw/exec?p=leanbiome-reviews,https://abretas.github.io/health-reviews-directory-2026/p/leanbiome-reviews.html
586,LeanBioMe Reviews & Complaints 2026 | Is It Worth it?,https://script.google.com/macros/s/AKfycbyEg7C5ZKjgkReinWdFyaSxp1lhEGgTAnmLWPQaMGhJpB9quv2v7hbbKNz6QFS_zvy0Lw/exec?p=leanbiome-reviews-complaints-2026-is-it-worth-it,https://abretas.github.io/health-reviews-directory-2026/p/leanbiome-reviews-complaints-2026-is-it-worth-it.html
587,LeanBioMe Reviews: Is it a Scam or Legit? Honest Analysis,https://script.google.com/macros/s/AKfycbyEg7C5ZKjgkReinWdFyaSxp1lhEGgTAnmLWPQaMGhJpB9quv2v7hbbKNz6QFS_zvy0Lw/exec?p=leanbiome-reviews-is-it-a-scam-or-legit-honest-analysis,https://abretas.github.io/health-reviews-directory-2026/p/leanbiome-reviews-is-it-a-scam-or-legit-honest-analysis.html
588,LeanBiome Reviews & Complaints 2026 | Is It Scam?,https://script.google.com/macros/s/AKfycbyEg7C5ZKjgkReinWdFyaSxp1lhEGgTAnmLWPQaMGhJpB9quv2v7hbbKNz6QFS_zvy0Lw/exec?p=leanbiome-reviews-complaints-2026-is-it-scam,https://abretas.github.io/health-reviews-directory-2026/p/leanbiome-reviews-complaints-2026-is-it-scam.html
589,LeanBiome Reviews: Natural Lean For Good Supplement That Works,https://script.google.com/macros/s/AKfycbyEg7C5ZKjgkReinWdFyaSxp1lhEGgTAnmLWPQaMGhJpB9quv2v7hbbKNz6QFS_zvy0Lw/exec?p=leanbiome-reviews-natural-lean-for-good-supplement-that-works,https://abretas.github.io/health-reviews-directory-2026/p/leanbiome-reviews-natural-lean-for-good-supplement-that-works.html
590,LeanBliss Review: Natural Supplement for Healthy Weight Loss,https://script.google.com/macros/s/AKfycbyEg7C5ZKjgkReinWdFyaSxp1lhEGgTAnmLWPQaMGhJpB9quv2v7hbbKNz6QFS_zvy0Lw/exec?p=leanbliss-review-natural-supplement-for-healthy-weight-loss,https://abretas.github.io/health-reviews-directory-2026/p/leanbliss-review-natural-supplement-for-healthy-weight-loss.html
591,Leanotox Reviews,https://script.google.com/macros/s/AKfycbyEg7C5ZKjgkReinWdFyaSxp1lhEGgTAnmLWPQaMGhJpB9quv2v7hbbKNz6QFS_zvy0Lw/exec?p=leanotox-reviews,https://abretas.github.io/health-reviews-directory-2026/p/leanotox-reviews.html
592,Leptozan Review: A Strange Sea Secret That Melts Pounds Overnight,https://script.google.com/macros/s/AKfycbyEg7C5ZKjgkReinWdFyaSxp1lhEGgTAnmLWPQaMGhJpB9quv2v7hbbKNz6QFS_zvy0Lw/exec?p=leptozan-review-a-strange-sea-secret-that-melts-pounds-overnight,https://abretas.github.io/health-reviews-directory-2026/p/leptozan-review-a-strange-sea-secret-that-melts-pounds-overnight.html
593,Leptozan Reviews | Is It Worth Buying or Scam?,https://script.google.com/macros/s/AKfycbyEg7C5ZKjgkReinWdFyaSxp1lhEGgTAnmLWPQaMGhJpB9quv2v7hbbKNz6QFS_zvy0Lw/exec?p=leptozan-reviews-is-it-worth-buying-or-scam,https://abretas.github.io/health-reviews-directory-2026/p/leptozan-reviews-is-it-worth-buying-or-scam.html
594,Light of Devotion Review: Step into God’s Supernatural Favor,https://script.google.com/macros/s/AKfycbyEg7C5ZKjgkReinWdFyaSxp1lhEGgTAnmLWPQaMGhJpB9quv2v7hbbKNz6QFS_zvy0Lw/exec?p=light-of-devotion-review-step-into-god-s-supernatural-favor,https://abretas.github.io/health-reviews-directory-2026/p/light-of-devotion-review-step-into-god-s-supernatural-favor.html
595,LipoJaro Reviews & Complaints 2026 | Is it Worth Buying?,https://script.google.com/macros/s/AKfycbyEg7C5ZKjgkReinWdFyaSxp1lhEGgTAnmLWPQaMGhJpB9quv2v7hbbKNz6QFS_zvy0Lw/exec?p=lipojaro-reviews-complaints-2026-is-it-worth-buying,https://abretas.github.io/health-reviews-directory-2026/p/lipojaro-reviews-complaints-2026-is-it-worth-buying.html
596,LipoJaro Reviews: I Tried It For 30 Days (My Honest Results),https://script.google.com/macros/s/AKfycbyEg7C5ZKjgkReinWdFyaSxp1lhEGgTAnmLWPQaMGhJpB9quv2v7hbbKNz6QFS_zvy0Lw/exec?p=lipojaro-reviews-i-tried-it-for-30-days-my-honest-results,https://abretas.github.io/health-reviews-directory-2026/p/lipojaro-reviews-i-tried-it-for-30-days-my-honest-results.html
597,LipoSlend Reviews,https://script.google.com/macros/s/AKfycbyEg7C5ZKjgkReinWdFyaSxp1lhEGgTAnmLWPQaMGhJpB9quv2v7hbbKNz6QFS_zvy0Lw/exec?p=liposlend-reviews,https://abretas.github.io/health-reviews-directory-2026/p/liposlend-reviews.html
598,"LipoZem Reviews: Ingredients, Benefits, Pros and Cons, Safety, Efficacy, and Real User Reviews Orange Cove",https://script.google.com/macros/s/AKfycbyEg7C5ZKjgkReinWdFyaSxp1lhEGgTAnmLWPQaMGhJpB9quv2v7hbbKNz6QFS_zvy0Lw/exec?p=lipozem-reviews-ingredients-benefits-pros-and-cons-safety-efficacy-and-real-user-reviews-orange-cove,https://abretas.github.io/health-reviews-directory-2026/p/lipozem-reviews-ingredients-benefits-pros-and-cons-safety-efficacy-and-real-user-reviews-orange-cove.html
599,Lipojaro Reviews Complaints 2026 Is It Worth Buying 2,https://script.google.com/macros/s/AKfycbyEg7C5ZKjgkReinWdFyaSxp1lhEGgTAnmLWPQaMGhJpB9quv2v7hbbKNz6QFS_zvy0Lw/exec?p=lipojaro-reviews-complaints-2026-is-it-worth-buying-2,https://abretas.github.io/health-reviews-directory-2026/p/lipojaro-reviews-complaints-2026-is-it-worth-buying-2.html
600,Lipozem Reviews & Complaints: A Genuine Customer Experience Report (2026 Update) Altheimer,https://script.google.com/macros/s/AKfycbyEg7C5ZKjgkReinWdFyaSxp1lhEGgTAnmLWPQaMGhJpB9quv2v7hbbKNz6QFS_zvy0Lw/exec?p=lipozem-reviews-complaints-a-genuine-customer-experience-report-2026-update-altheimer,https://abretas.github.io/health-reviews-directory-2026/p/lipozem-reviews-complaints-a-genuine-customer-experience-report-2026-update-altheimer.html
601,Lipozem Reviews: (2026 We Tried It 180) Does This Weight Loss Supplement Really Work,https://script.google.com/macros/s/AKfycbyEg7C5ZKjgkReinWdFyaSxp1lhEGgTAnmLWPQaMGhJpB9quv2v7hbbKNz6QFS_zvy0Lw/exec?p=lipozem-reviews-2026-we-tried-it-180-does-this-weight-loss-supplement-really-work,https://abretas.github.io/health-reviews-directory-2026/p/lipozem-reviews-2026-we-tried-it-180-does-this-weight-loss-supplement-really-work.html
602,Lipozem Reviews: The Truth About Its Effectiveness & Safety,https://script.google.com/macros/s/AKfycbyEg7C5ZKjgkReinWdFyaSxp1lhEGgTAnmLWPQaMGhJpB9quv2v7hbbKNz6QFS_zvy0Lw/exec?p=lipozem-reviews-the-truth-about-its-effectiveness-safety,https://abretas.github.io/health-reviews-directory-2026/p/lipozem-reviews-the-truth-about-its-effectiveness-safety.html
603,Liv Pure Reviews & Complaints 2026 | Worth it?,https://script.google.com/macros/s/AKfycbyEg7C5ZKjgkReinWdFyaSxp1lhEGgTAnmLWPQaMGhJpB9quv2v7hbbKNz6QFS_zvy0Lw/exec?p=liv-pure-reviews-complaints-2026-worth-it,https://abretas.github.io/health-reviews-directory-2026/p/liv-pure-reviews-complaints-2026-worth-it.html
604,Liver Guard Plus Review: Perfect Supplement For Your Liver Health,https://script.google.com/macros/s/AKfycbyEg7C5ZKjgkReinWdFyaSxp1lhEGgTAnmLWPQaMGhJpB9quv2v7hbbKNz6QFS_zvy0Lw/exec?p=liver-guard-plus-review-perfect-supplement-for-your-liver-health,https://abretas.github.io/health-reviews-directory-2026/p/liver-guard-plus-review-perfect-supplement-for-your-liver-health.html
605,Liver Guard Plus Reviews,https://script.google.com/macros/s/AKfycbyEg7C5ZKjgkReinWdFyaSxp1lhEGgTAnmLWPQaMGhJpB9quv2v7hbbKNz6QFS_zvy0Lw/exec?p=liver-guard-plus-reviews,https://abretas.github.io/health-reviews-directory-2026/p/liver-guard-plus-reviews.html
606,Liver Renew Reviews,https://script.google.com/macros/s/AKfycbyEg7C5ZKjgkReinWdFyaSxp1lhEGgTAnmLWPQaMGhJpB9quv2v7hbbKNz6QFS_zvy0Lw/exec?p=liver-renew-reviews,https://abretas.github.io/health-reviews-directory-2026/p/liver-renew-reviews.html
607,Longevity Activator Reviews,https://script.google.com/macros/s/AKfycbyEg7C5ZKjgkReinWdFyaSxp1lhEGgTAnmLWPQaMGhJpB9quv2v7hbbKNz6QFS_zvy0Lw/exec?p=longevity-activator-reviews,https://abretas.github.io/health-reviews-directory-2026/p/longevity-activator-reviews.html
608,Longevity Activator Reviews & Complaints 2026 | Is it Scam?,https://script.google.com/macros/s/AKfycbyEg7C5ZKjgkReinWdFyaSxp1lhEGgTAnmLWPQaMGhJpB9quv2v7hbbKNz6QFS_zvy0Lw/exec?p=longevity-activator-reviews-complaints-2026-is-it-scam,https://abretas.github.io/health-reviews-directory-2026/p/longevity-activator-reviews-complaints-2026-is-it-scam.html
609,Longevity Activator Reviews & Complaints| Is It Worth it?,https://script.google.com/macros/s/AKfycbyEg7C5ZKjgkReinWdFyaSxp1lhEGgTAnmLWPQaMGhJpB9quv2v7hbbKNz6QFS_zvy0Lw/exec?p=longevity-activator-reviews-complaints-is-it-worth-it,https://abretas.github.io/health-reviews-directory-2026/p/longevity-activator-reviews-complaints-is-it-worth-it.html
610,Longevity Activator Reviews Complaints 2026 Is It Scam 2,https://script.google.com/macros/s/AKfycbyEg7C5ZKjgkReinWdFyaSxp1lhEGgTAnmLWPQaMGhJpB9quv2v7hbbKNz6QFS_zvy0Lw/exec?p=longevity-activator-reviews-complaints-2026-is-it-scam-2,https://abretas.github.io/health-reviews-directory-2026/p/longevity-activator-reviews-complaints-2026-is-it-scam-2.html
611,Lost Abundance Review: An Ancient Sound That Unlocks Wealth,https://script.google.com/macros/s/AKfycbyEg7C5ZKjgkReinWdFyaSxp1lhEGgTAnmLWPQaMGhJpB9quv2v7hbbKNz6QFS_zvy0Lw/exec?p=lost-abundance-review-an-ancient-sound-that-unlocks-wealth,https://abretas.github.io/health-reviews-directory-2026/p/lost-abundance-review-an-ancient-sound-that-unlocks-wealth.html
612,Lost Frontier Handbook Reviews,https://script.google.com/macros/s/AKfycbyEg7C5ZKjgkReinWdFyaSxp1lhEGgTAnmLWPQaMGhJpB9quv2v7hbbKNz6QFS_zvy0Lw/exec?p=lost-frontier-handbook-reviews,https://abretas.github.io/health-reviews-directory-2026/p/lost-frontier-handbook-reviews.html
613,Lost Generator Reviews,https://script.google.com/macros/s/AKfycbyEg7C5ZKjgkReinWdFyaSxp1lhEGgTAnmLWPQaMGhJpB9quv2v7hbbKNz6QFS_zvy0Lw/exec?p=lost-generator-reviews,https://abretas.github.io/health-reviews-directory-2026/p/lost-generator-reviews.html
614,Lost Gospel of Abundance Reviews | Is It Worth Trying?,https://script.google.com/macros/s/AKfycbyEg7C5ZKjgkReinWdFyaSxp1lhEGgTAnmLWPQaMGhJpB9quv2v7hbbKNz6QFS_zvy0Lw/exec?p=lost-gospel-of-abundance-reviews-is-it-worth-trying,https://abretas.github.io/health-reviews-directory-2026/p/lost-gospel-of-abundance-reviews-is-it-worth-trying.html
615,Lottery Defeated Review: Kenneth Leffer's Proven Formula,https://script.google.com/macros/s/AKfycbyEg7C5ZKjgkReinWdFyaSxp1lhEGgTAnmLWPQaMGhJpB9quv2v7hbbKNz6QFS_zvy0Lw/exec?p=lottery-defeated-review-kenneth-leffer-s-proven-formula,https://abretas.github.io/health-reviews-directory-2026/p/lottery-defeated-review-kenneth-leffer-s-proven-formula.html
616,Lottery Defeated Reviews & Complaints 2026 | Is It Worth it?,https://script.google.com/macros/s/AKfycbyEg7C5ZKjgkReinWdFyaSxp1lhEGgTAnmLWPQaMGhJpB9quv2v7hbbKNz6QFS_zvy0Lw/exec?p=lottery-defeated-reviews-complaints-2026-is-it-worth-it,https://abretas.github.io/health-reviews-directory-2026/p/lottery-defeated-reviews-complaints-2026-is-it-worth-it.html
617,Lottery Defeated Reviews: Is Lottery Defeater Scam or Legit? Read,https://script.google.com/macros/s/AKfycbyEg7C5ZKjgkReinWdFyaSxp1lhEGgTAnmLWPQaMGhJpB9quv2v7hbbKNz6QFS_zvy0Lw/exec?p=lottery-defeated-reviews-is-lottery-defeater-scam-or-legit-read,https://abretas.github.io/health-reviews-directory-2026/p/lottery-defeated-reviews-is-lottery-defeater-scam-or-legit-read.html
618,Lottery Defeater Software Reviews,https://script.google.com/macros/s/AKfycbyEg7C5ZKjgkReinWdFyaSxp1lhEGgTAnmLWPQaMGhJpB9quv2v7hbbKNz6QFS_zvy0Lw/exec?p=lottery-defeater-software-reviews,https://abretas.github.io/health-reviews-directory-2026/p/lottery-defeater-software-reviews.html
619,Lottery Maximizer Review: Is it Worth Your Money,https://script.google.com/macros/s/AKfycbyEg7C5ZKjgkReinWdFyaSxp1lhEGgTAnmLWPQaMGhJpB9quv2v7hbbKNz6QFS_zvy0Lw/exec?p=lottery-maximizer-review-is-it-worth-your-money,https://abretas.github.io/health-reviews-directory-2026/p/lottery-maximizer-review-is-it-worth-your-money.html
620,Lottery Unlocked Reviews & Complaints | Is It Worth It?,https://script.google.com/macros/s/AKfycbyEg7C5ZKjgkReinWdFyaSxp1lhEGgTAnmLWPQaMGhJpB9quv2v7hbbKNz6QFS_zvy0Lw/exec?p=lottery-unlocked-reviews-complaints-is-it-worth-it,https://abretas.github.io/health-reviews-directory-2026/p/lottery-unlocked-reviews-complaints-is-it-worth-it.html
621,Lotto Champ Reviews & Complaints 2026 | Is it Scam?,https://script.google.com/macros/s/AKfycbyEg7C5ZKjgkReinWdFyaSxp1lhEGgTAnmLWPQaMGhJpB9quv2v7hbbKNz6QFS_zvy0Lw/exec?p=lotto-champ-reviews-complaints-2026-is-it-scam,https://abretas.github.io/health-reviews-directory-2026/p/lotto-champ-reviews-complaints-2026-is-it-scam.html
622,"Lotto Champ Reviews 2026 | Honest Results, Pros & Cons",https://script.google.com/macros/s/AKfycbyEg7C5ZKjgkReinWdFyaSxp1lhEGgTAnmLWPQaMGhJpB9quv2v7hbbKNz6QFS_zvy0Lw/exec?p=lotto-champ-reviews-2026-honest-results-pros-cons,https://abretas.github.io/health-reviews-directory-2026/p/lotto-champ-reviews-2026-honest-results-pros-cons.html
623,Lotto Master Key Reviews & Complaints 2026 | Is It Scam?,https://script.google.com/macros/s/AKfycbyEg7C5ZKjgkReinWdFyaSxp1lhEGgTAnmLWPQaMGhJpB9quv2v7hbbKNz6QFS_zvy0Lw/exec?p=lotto-master-key-reviews-complaints-2026-is-it-scam,https://abretas.github.io/health-reviews-directory-2026/p/lotto-master-key-reviews-complaints-2026-is-it-scam.html
624,LottoChamp Review: Proven AI-Based Lottery Software That Works,https://script.google.com/macros/s/AKfycbyEg7C5ZKjgkReinWdFyaSxp1lhEGgTAnmLWPQaMGhJpB9quv2v7hbbKNz6QFS_zvy0Lw/exec?p=lottochamp-review-proven-ai-based-lottery-software-that-works,https://abretas.github.io/health-reviews-directory-2026/p/lottochamp-review-proven-ai-based-lottery-software-that-works.html
625,LottoChamp Reviews,https://script.google.com/macros/s/AKfycbyEg7C5ZKjgkReinWdFyaSxp1lhEGgTAnmLWPQaMGhJpB9quv2v7hbbKNz6QFS_zvy0Lw/exec?p=lottochamp-reviews,https://abretas.github.io/health-reviews-directory-2026/p/lottochamp-reviews.html
626,LottoChamp Reviews & Complaints 2026 | Is It Scam?,https://script.google.com/macros/s/AKfycbyEg7C5ZKjgkReinWdFyaSxp1lhEGgTAnmLWPQaMGhJpB9quv2v7hbbKNz6QFS_zvy0Lw/exec?p=lottochamp-reviews-complaints-2026-is-it-scam,https://abretas.github.io/health-reviews-directory-2026/p/lottochamp-reviews-complaints-2026-is-it-scam.html
627,LottoChamp Reviews & Complaints | Is It Worth Buying?,https://script.google.com/macros/s/AKfycbyEg7C5ZKjgkReinWdFyaSxp1lhEGgTAnmLWPQaMGhJpB9quv2v7hbbKNz6QFS_zvy0Lw/exec?p=lottochamp-reviews-complaints-is-it-worth-buying,https://abretas.github.io/health-reviews-directory-2026/p/lottochamp-reviews-complaints-is-it-worth-buying.html
628,LottoChamp Reviews – Legit or Not? Read This Before Buying,https://script.google.com/macros/s/AKfycbyEg7C5ZKjgkReinWdFyaSxp1lhEGgTAnmLWPQaMGhJpB9quv2v7hbbKNz6QFS_zvy0Lw/exec?p=lottochamp-reviews-legit-or-not-read-this-before-buying,https://abretas.github.io/health-reviews-directory-2026/p/lottochamp-reviews-legit-or-not-read-this-before-buying.html
629,LungExpand Pro Review: Proven Supplement For Healthy Lungs,https://script.google.com/macros/s/AKfycbyEg7C5ZKjgkReinWdFyaSxp1lhEGgTAnmLWPQaMGhJpB9quv2v7hbbKNz6QFS_zvy0Lw/exec?p=lungexpand-pro-review-proven-supplement-for-healthy-lungs,https://abretas.github.io/health-reviews-directory-2026/p/lungexpand-pro-review-proven-supplement-for-healthy-lungs.html
630,LungExpand Pro Reviews [2026]: Scam or Legit,https://script.google.com/macros/s/AKfycbyEg7C5ZKjgkReinWdFyaSxp1lhEGgTAnmLWPQaMGhJpB9quv2v7hbbKNz6QFS_zvy0Lw/exec?p=lungexpand-pro-reviews-2026-scam-or-legit,https://abretas.github.io/health-reviews-directory-2026/p/lungexpand-pro-reviews-2026-scam-or-legit.html
631,MGS Eagle Eye Rangefinder Review: Shoot Lower Scores in Golf,https://script.google.com/macros/s/AKfycbyEg7C5ZKjgkReinWdFyaSxp1lhEGgTAnmLWPQaMGhJpB9quv2v7hbbKNz6QFS_zvy0Lw/exec?p=mgs-eagle-eye-rangefinder-review-shoot-lower-scores-in-golf,https://abretas.github.io/health-reviews-directory-2026/p/mgs-eagle-eye-rangefinder-review-shoot-lower-scores-in-golf.html
632,Magical Tactics Review: Proven Tactics to Attract any Women,https://script.google.com/macros/s/AKfycbyEg7C5ZKjgkReinWdFyaSxp1lhEGgTAnmLWPQaMGhJpB9quv2v7hbbKNz6QFS_zvy0Lw/exec?p=magical-tactics-review-proven-tactics-to-attract-any-women,https://abretas.github.io/health-reviews-directory-2026/p/magical-tactics-review-proven-tactics-to-attract-any-women.html
633,Magnetic Messaging Review: Revolutionary Approach to Texting,https://script.google.com/macros/s/AKfycbyEg7C5ZKjgkReinWdFyaSxp1lhEGgTAnmLWPQaMGhJpB9quv2v7hbbKNz6QFS_zvy0Lw/exec?p=magnetic-messaging-review-revolutionary-approach-to-texting,https://abretas.github.io/health-reviews-directory-2026/p/magnetic-messaging-review-revolutionary-approach-to-texting.html
634,Make America Slim Again Reviews | Is It Worth it Or Scam?,https://script.google.com/macros/s/AKfycbyEg7C5ZKjgkReinWdFyaSxp1lhEGgTAnmLWPQaMGhJpB9quv2v7hbbKNz6QFS_zvy0Lw/exec?p=make-america-slim-again-reviews-is-it-worth-it-or-scam,https://abretas.github.io/health-reviews-directory-2026/p/make-america-slim-again-reviews-is-it-worth-it-or-scam.html
635,Man Greens Review: Proven Virility Tonic For Boosting Testosterone,https://script.google.com/macros/s/AKfycbyEg7C5ZKjgkReinWdFyaSxp1lhEGgTAnmLWPQaMGhJpB9quv2v7hbbKNz6QFS_zvy0Lw/exec?p=man-greens-review-proven-virility-tonic-for-boosting-testosterone,https://abretas.github.io/health-reviews-directory-2026/p/man-greens-review-proven-virility-tonic-for-boosting-testosterone.html
636,Manifest Abundance Wealth: Unlocking Your Financial Potential,https://script.google.com/macros/s/AKfycbyEg7C5ZKjgkReinWdFyaSxp1lhEGgTAnmLWPQaMGhJpB9quv2v7hbbKNz6QFS_zvy0Lw/exec?p=manifest-abundance-wealth-unlocking-your-financial-potential,https://abretas.github.io/health-reviews-directory-2026/p/manifest-abundance-wealth-unlocking-your-financial-potential.html
637,Manifestation Code Reading Reviews | Is It Worth Buying?,https://script.google.com/macros/s/AKfycbyEg7C5ZKjgkReinWdFyaSxp1lhEGgTAnmLWPQaMGhJpB9quv2v7hbbKNz6QFS_zvy0Lw/exec?p=manifestation-code-reading-reviews-is-it-worth-buying,https://abretas.github.io/health-reviews-directory-2026/p/manifestation-code-reading-reviews-is-it-worth-buying.html
638,Manifestation Prayer: Full Moon Prayer For Manifestation,https://script.google.com/macros/s/AKfycbyEg7C5ZKjgkReinWdFyaSxp1lhEGgTAnmLWPQaMGhJpB9quv2v7hbbKNz6QFS_zvy0Lw/exec?p=manifestation-prayer-full-moon-prayer-for-manifestation,https://abretas.github.io/health-reviews-directory-2026/p/manifestation-prayer-full-moon-prayer-for-manifestation.html
639,Manifesting Spiritual Sticks Review: David Segal's Sticks Worth,https://script.google.com/macros/s/AKfycbyEg7C5ZKjgkReinWdFyaSxp1lhEGgTAnmLWPQaMGhJpB9quv2v7hbbKNz6QFS_zvy0Lw/exec?p=manifesting-spiritual-sticks-review-david-segal-s-sticks-worth,https://abretas.github.io/health-reviews-directory-2026/p/manifesting-spiritual-sticks-review-david-segal-s-sticks-worth.html
640,MannaFlux Reviews & Complaints 2026 | Is It Worth it?,https://script.google.com/macros/s/AKfycbyEg7C5ZKjgkReinWdFyaSxp1lhEGgTAnmLWPQaMGhJpB9quv2v7hbbKNz6QFS_zvy0Lw/exec?p=mannaflux-reviews-complaints-2026-is-it-worth-it,https://abretas.github.io/health-reviews-directory-2026/p/mannaflux-reviews-complaints-2026-is-it-worth-it.html
641,Mastering Book Publishing Review: Unleashing Your Inner Author,https://script.google.com/macros/s/AKfycbyEg7C5ZKjgkReinWdFyaSxp1lhEGgTAnmLWPQaMGhJpB9quv2v7hbbKNz6QFS_zvy0Lw/exec?p=mastering-book-publishing-review-unleashing-your-inner-author,https://abretas.github.io/health-reviews-directory-2026/p/mastering-book-publishing-review-unleashing-your-inner-author.html
642,Masuda Prayer Reviews | Is it Scam? Honest Results!,https://script.google.com/macros/s/AKfycbyEg7C5ZKjgkReinWdFyaSxp1lhEGgTAnmLWPQaMGhJpB9quv2v7hbbKNz6QFS_zvy0Lw/exec?p=masuda-prayer-reviews-is-it-scam-honest-results,https://abretas.github.io/health-reviews-directory-2026/p/masuda-prayer-reviews-is-it-scam-honest-results.html
643,Max Boost Review: Ground Breaking Supplement For ED,https://script.google.com/macros/s/AKfycbyEg7C5ZKjgkReinWdFyaSxp1lhEGgTAnmLWPQaMGhJpB9quv2v7hbbKNz6QFS_zvy0Lw/exec?p=max-boost-review-ground-breaking-supplement-for-ed,https://abretas.github.io/health-reviews-directory-2026/p/max-boost-review-ground-breaking-supplement-for-ed.html
644,MaxBoost Juice Review: A Powerful New Formula To Support Healthy Erections,https://script.google.com/macros/s/AKfycbyEg7C5ZKjgkReinWdFyaSxp1lhEGgTAnmLWPQaMGhJpB9quv2v7hbbKNz6QFS_zvy0Lw/exec?p=maxboost-juice-review-a-powerful-new-formula-to-support-healthy-erections,https://abretas.github.io/health-reviews-directory-2026/p/maxboost-juice-review-a-powerful-new-formula-to-support-healthy-erections.html
645,Md Process Glucoberry Reviews: FDA Approved Blood Sugar Capsules,https://script.google.com/macros/s/AKfycbyEg7C5ZKjgkReinWdFyaSxp1lhEGgTAnmLWPQaMGhJpB9quv2v7hbbKNz6QFS_zvy0Lw/exec?p=md-process-glucoberry-reviews-fda-approved-blood-sugar-capsules,https://abretas.github.io/health-reviews-directory-2026/p/md-process-glucoberry-reviews-fda-approved-blood-sugar-capsules.html
646,Medicinal Garden Kit Review: Empower Your Health With Nature,https://script.google.com/macros/s/AKfycbyEg7C5ZKjgkReinWdFyaSxp1lhEGgTAnmLWPQaMGhJpB9quv2v7hbbKNz6QFS_zvy0Lw/exec?p=medicinal-garden-kit-review-empower-your-health-with-nature,https://abretas.github.io/health-reviews-directory-2026/p/medicinal-garden-kit-review-empower-your-health-with-nature.html
647,Memo Max Pro Reviews : Does It Really Improve Memory,https://script.google.com/macros/s/AKfycbyEg7C5ZKjgkReinWdFyaSxp1lhEGgTAnmLWPQaMGhJpB9quv2v7hbbKNz6QFS_zvy0Lw/exec?p=memo-max-pro-reviews-does-it-really-improve-memory,https://abretas.github.io/health-reviews-directory-2026/p/memo-max-pro-reviews-does-it-really-improve-memory.html
648,Memory Lift Reviews & Complaints 2026 | Is It Worth It?,https://script.google.com/macros/s/AKfycbyEg7C5ZKjgkReinWdFyaSxp1lhEGgTAnmLWPQaMGhJpB9quv2v7hbbKNz6QFS_zvy0Lw/exec?p=memory-lift-reviews-complaints-2026-is-it-worth-it,https://abretas.github.io/health-reviews-directory-2026/p/memory-lift-reviews-complaints-2026-is-it-worth-it.html
649,Memory Lift Reviews 2026 Does This Brain Booster Really Work 2,https://script.google.com/macros/s/AKfycbyEg7C5ZKjgkReinWdFyaSxp1lhEGgTAnmLWPQaMGhJpB9quv2v7hbbKNz6QFS_zvy0Lw/exec?p=memory-lift-reviews-2026-does-this-brain-booster-really-work-2,https://abretas.github.io/health-reviews-directory-2026/p/memory-lift-reviews-2026-does-this-brain-booster-really-work-2.html
650,Memory Lift Reviews 2026 – Does This Brain Booster Really Work,https://script.google.com/macros/s/AKfycbyEg7C5ZKjgkReinWdFyaSxp1lhEGgTAnmLWPQaMGhJpB9quv2v7hbbKNz6QFS_zvy0Lw/exec?p=memory-lift-reviews-2026-does-this-brain-booster-really-work,https://abretas.github.io/health-reviews-directory-2026/p/memory-lift-reviews-2026-does-this-brain-booster-really-work.html
651,MemoryFuel Reviews (2026) | Is It Worth Your Money?,https://script.google.com/macros/s/AKfycbyEg7C5ZKjgkReinWdFyaSxp1lhEGgTAnmLWPQaMGhJpB9quv2v7hbbKNz6QFS_zvy0Lw/exec?p=memoryfuel-reviews-2026-is-it-worth-your-money,https://abretas.github.io/health-reviews-directory-2026/p/memoryfuel-reviews-2026-is-it-worth-your-money.html
652,MemoryFuel Reviews | I Tried for 30 Days (Honest Experience),https://script.google.com/macros/s/AKfycbyEg7C5ZKjgkReinWdFyaSxp1lhEGgTAnmLWPQaMGhJpB9quv2v7hbbKNz6QFS_zvy0Lw/exec?p=memoryfuel-reviews-i-tried-for-30-days-honest-experience,https://abretas.github.io/health-reviews-directory-2026/p/memoryfuel-reviews-i-tried-for-30-days-honest-experience.html
653,Mend The Marriage By Brad Browning: Save Your Marriage,https://script.google.com/macros/s/AKfycbyEg7C5ZKjgkReinWdFyaSxp1lhEGgTAnmLWPQaMGhJpB9quv2v7hbbKNz6QFS_zvy0Lw/exec?p=mend-the-marriage-by-brad-browning-save-your-marriage,https://abretas.github.io/health-reviews-directory-2026/p/mend-the-marriage-by-brad-browning-save-your-marriage.html
654,MenoPhix Review: Genuine and Safe Formula For Menopause,https://script.google.com/macros/s/AKfycbyEg7C5ZKjgkReinWdFyaSxp1lhEGgTAnmLWPQaMGhJpB9quv2v7hbbKNz6QFS_zvy0Lw/exec?p=menophix-review-genuine-and-safe-formula-for-menopause,https://abretas.github.io/health-reviews-directory-2026/p/menophix-review-genuine-and-safe-formula-for-menopause.html
655,MenoRescue Review: Proven Supplement For Healthy Hormone Levels,https://script.google.com/macros/s/AKfycbyEg7C5ZKjgkReinWdFyaSxp1lhEGgTAnmLWPQaMGhJpB9quv2v7hbbKNz6QFS_zvy0Lw/exec?p=menorescue-review-proven-supplement-for-healthy-hormone-levels,https://abretas.github.io/health-reviews-directory-2026/p/menorescue-review-proven-supplement-for-healthy-hormone-levels.html
656,Menosoothe Review: Natural Supplement for Menopause Problems,https://script.google.com/macros/s/AKfycbyEg7C5ZKjgkReinWdFyaSxp1lhEGgTAnmLWPQaMGhJpB9quv2v7hbbKNz6QFS_zvy0Lw/exec?p=menosoothe-review-natural-supplement-for-menopause-problems,https://abretas.github.io/health-reviews-directory-2026/p/menosoothe-review-natural-supplement-for-menopause-problems.html
657,Menovelle Reviews & Complaints 2026 | Is It Worth it?,https://script.google.com/macros/s/AKfycbyEg7C5ZKjgkReinWdFyaSxp1lhEGgTAnmLWPQaMGhJpB9quv2v7hbbKNz6QFS_zvy0Lw/exec?p=menovelle-reviews-complaints-2026-is-it-worth-it,https://abretas.github.io/health-reviews-directory-2026/p/menovelle-reviews-complaints-2026-is-it-worth-it.html
658,Menovelle Reviews [2025]: Can It Fix Hot Flashes & Mood Swings,https://script.google.com/macros/s/AKfycbyEg7C5ZKjgkReinWdFyaSxp1lhEGgTAnmLWPQaMGhJpB9quv2v7hbbKNz6QFS_zvy0Lw/exec?p=menovelle-reviews-2025-can-it-fix-hot-flashes-mood-swings,https://abretas.github.io/health-reviews-directory-2026/p/menovelle-reviews-2025-can-it-fix-hot-flashes-mood-swings.html
659,Men’s Growth Reviews: It’s Truly Boost Performance & Stamina,https://script.google.com/macros/s/AKfycbyEg7C5ZKjgkReinWdFyaSxp1lhEGgTAnmLWPQaMGhJpB9quv2v7hbbKNz6QFS_zvy0Lw/exec?p=men-s-growth-reviews-it-s-truly-boost-performance-stamina,https://abretas.github.io/health-reviews-directory-2026/p/men-s-growth-reviews-it-s-truly-boost-performance-stamina.html
660,Metabo Drops Reviews 2026 | Is It Worth Trying Or Scam?,https://script.google.com/macros/s/AKfycbyEg7C5ZKjgkReinWdFyaSxp1lhEGgTAnmLWPQaMGhJpB9quv2v7hbbKNz6QFS_zvy0Lw/exec?p=metabo-drops-reviews-2026-is-it-worth-trying-or-scam,https://abretas.github.io/health-reviews-directory-2026/p/metabo-drops-reviews-2026-is-it-worth-trying-or-scam.html
661,Metabo Flex Review: Ultimate Metabolic Flexibility for Weight Loss,https://script.google.com/macros/s/AKfycbyEg7C5ZKjgkReinWdFyaSxp1lhEGgTAnmLWPQaMGhJpB9quv2v7hbbKNz6QFS_zvy0Lw/exec?p=metabo-flex-review-ultimate-metabolic-flexibility-for-weight-loss,https://abretas.github.io/health-reviews-directory-2026/p/metabo-flex-review-ultimate-metabolic-flexibility-for-weight-loss.html
662,Metabo Flex Reviews,https://script.google.com/macros/s/AKfycbyEg7C5ZKjgkReinWdFyaSxp1lhEGgTAnmLWPQaMGhJpB9quv2v7hbbKNz6QFS_zvy0Lw/exec?p=metabo-flex-reviews,https://abretas.github.io/health-reviews-directory-2026/p/metabo-flex-reviews.html
663,MetaboFix Review: Weight Loss Supplement That Works,https://script.google.com/macros/s/AKfycbyEg7C5ZKjgkReinWdFyaSxp1lhEGgTAnmLWPQaMGhJpB9quv2v7hbbKNz6QFS_zvy0Lw/exec?p=metabofix-review-weight-loss-supplement-that-works,https://abretas.github.io/health-reviews-directory-2026/p/metabofix-review-weight-loss-supplement-that-works.html
664,MetaboFix Reviews,https://script.google.com/macros/s/AKfycbyEg7C5ZKjgkReinWdFyaSxp1lhEGgTAnmLWPQaMGhJpB9quv2v7hbbKNz6QFS_zvy0Lw/exec?p=metabofix-reviews,https://abretas.github.io/health-reviews-directory-2026/p/metabofix-reviews.html
665,Metabolic Stretching Review: Simple Stretches Can Rapidly Melt Body Fat,https://script.google.com/macros/s/AKfycbyEg7C5ZKjgkReinWdFyaSxp1lhEGgTAnmLWPQaMGhJpB9quv2v7hbbKNz6QFS_zvy0Lw/exec?p=metabolic-stretching-review-simple-stretches-can-rapidly-melt-body-fat,https://abretas.github.io/health-reviews-directory-2026/p/metabolic-stretching-review-simple-stretches-can-rapidly-melt-body-fat.html
666,Metaceptine Review: The Ultimate Blood Sugar Support Supplement,https://script.google.com/macros/s/AKfycbyEg7C5ZKjgkReinWdFyaSxp1lhEGgTAnmLWPQaMGhJpB9quv2v7hbbKNz6QFS_zvy0Lw/exec?p=metaceptine-review-the-ultimate-blood-sugar-support-supplement,https://abretas.github.io/health-reviews-directory-2026/p/metaceptine-review-the-ultimate-blood-sugar-support-supplement.html
667,Metanail Complex Review: Solution for Healthy Nails and Feet,https://script.google.com/macros/s/AKfycbyEg7C5ZKjgkReinWdFyaSxp1lhEGgTAnmLWPQaMGhJpB9quv2v7hbbKNz6QFS_zvy0Lw/exec?p=metanail-complex-review-solution-for-healthy-nails-and-feet,https://abretas.github.io/health-reviews-directory-2026/p/metanail-complex-review-solution-for-healthy-nails-and-feet.html
668,Metanail Complex Reviews | Complaints Is It Worth Buying?,https://script.google.com/macros/s/AKfycbyEg7C5ZKjgkReinWdFyaSxp1lhEGgTAnmLWPQaMGhJpB9quv2v7hbbKNz6QFS_zvy0Lw/exec?p=metanail-complex-reviews-complaints-is-it-worth-buying,https://abretas.github.io/health-reviews-directory-2026/p/metanail-complex-reviews-complaints-is-it-worth-buying.html
669,MicroBanking Method Review: Rick Melero's Course That Works,https://script.google.com/macros/s/AKfycbyEg7C5ZKjgkReinWdFyaSxp1lhEGgTAnmLWPQaMGhJpB9quv2v7hbbKNz6QFS_zvy0Lw/exec?p=microbanking-method-review-rick-melero-s-course-that-works,https://abretas.github.io/health-reviews-directory-2026/p/microbanking-method-review-rick-melero-s-course-that-works.html
670,Midas Manifestation Review: Vincent Smith's Program That Works,https://script.google.com/macros/s/AKfycbyEg7C5ZKjgkReinWdFyaSxp1lhEGgTAnmLWPQaMGhJpB9quv2v7hbbKNz6QFS_zvy0Lw/exec?p=midas-manifestation-review-vincent-smith-s-program-that-works,https://abretas.github.io/health-reviews-directory-2026/p/midas-manifestation-review-vincent-smith-s-program-that-works.html
671,Millionaire Element Review Worth For Chasing Financial Stability 2,https://script.google.com/macros/s/AKfycbyEg7C5ZKjgkReinWdFyaSxp1lhEGgTAnmLWPQaMGhJpB9quv2v7hbbKNz6QFS_zvy0Lw/exec?p=millionaire-element-review-worth-for-chasing-financial-stability-2,https://abretas.github.io/health-reviews-directory-2026/p/millionaire-element-review-worth-for-chasing-financial-stability-2.html
672,Millionaire Element Review: Worth For Chasing Financial Stability,https://script.google.com/macros/s/AKfycbyEg7C5ZKjgkReinWdFyaSxp1lhEGgTAnmLWPQaMGhJpB9quv2v7hbbKNz6QFS_zvy0Lw/exec?p=millionaire-element-review-worth-for-chasing-financial-stability,https://abretas.github.io/health-reviews-directory-2026/p/millionaire-element-review-worth-for-chasing-financial-stability.html
673,MindQuell Review: Proven Supplement To Boost Memory Health,https://script.google.com/macros/s/AKfycbyEg7C5ZKjgkReinWdFyaSxp1lhEGgTAnmLWPQaMGhJpB9quv2v7hbbKNz6QFS_zvy0Lw/exec?p=mindquell-review-proven-supplement-to-boost-memory-health,https://abretas.github.io/health-reviews-directory-2026/p/mindquell-review-proven-supplement-to-boost-memory-health.html
674,Miracle Lash Reviews & Complaints 2026 | Is It Worth Buying?,https://script.google.com/macros/s/AKfycbyEg7C5ZKjgkReinWdFyaSxp1lhEGgTAnmLWPQaMGhJpB9quv2v7hbbKNz6QFS_zvy0Lw/exec?p=miracle-lash-reviews-complaints-2026-is-it-worth-buying,https://abretas.github.io/health-reviews-directory-2026/p/miracle-lash-reviews-complaints-2026-is-it-worth-buying.html
675,Miracle Lash Reviews 2026: Is It Worth the Hype?,https://script.google.com/macros/s/AKfycbyEg7C5ZKjgkReinWdFyaSxp1lhEGgTAnmLWPQaMGhJpB9quv2v7hbbKNz6QFS_zvy0Lw/exec?p=miracle-lash-reviews-2026-is-it-worth-the-hype,https://abretas.github.io/health-reviews-directory-2026/p/miracle-lash-reviews-2026-is-it-worth-the-hype.html
676,MitoSculpt Review: Is This Weight Loss Supplement Worth It,https://script.google.com/macros/s/AKfycbyEg7C5ZKjgkReinWdFyaSxp1lhEGgTAnmLWPQaMGhJpB9quv2v7hbbKNz6QFS_zvy0Lw/exec?p=mitosculpt-review-is-this-weight-loss-supplement-worth-it,https://abretas.github.io/health-reviews-directory-2026/p/mitosculpt-review-is-this-weight-loss-supplement-worth-it.html
677,MitoThrive Review: A Next-Generation Longevity Supplement,https://script.google.com/macros/s/AKfycbyEg7C5ZKjgkReinWdFyaSxp1lhEGgTAnmLWPQaMGhJpB9quv2v7hbbKNz6QFS_zvy0Lw/exec?p=mitothrive-review-a-next-generation-longevity-supplement,https://abretas.github.io/health-reviews-directory-2026/p/mitothrive-review-a-next-generation-longevity-supplement.html
678,Mitolyn Ingredients – Detailed Review and Analysis!,https://script.google.com/macros/s/AKfycbyEg7C5ZKjgkReinWdFyaSxp1lhEGgTAnmLWPQaMGhJpB9quv2v7hbbKNz6QFS_zvy0Lw/exec?p=mitolyn-ingredients-detailed-review-and-analysis,https://abretas.github.io/health-reviews-directory-2026/p/mitolyn-ingredients-detailed-review-and-analysis.html
679,Mitolyn Review: Supplement To Unlock Your Metabolic Power,https://script.google.com/macros/s/AKfycbyEg7C5ZKjgkReinWdFyaSxp1lhEGgTAnmLWPQaMGhJpB9quv2v7hbbKNz6QFS_zvy0Lw/exec?p=mitolyn-review-supplement-to-unlock-your-metabolic-power,https://abretas.github.io/health-reviews-directory-2026/p/mitolyn-review-supplement-to-unlock-your-metabolic-power.html
680,Mitolyn Reviews & Complaints 2026 | Experts Advice,https://script.google.com/macros/s/AKfycbyEg7C5ZKjgkReinWdFyaSxp1lhEGgTAnmLWPQaMGhJpB9quv2v7hbbKNz6QFS_zvy0Lw/exec?p=mitolyn-reviews-complaints-2026-experts-advice,https://abretas.github.io/health-reviews-directory-2026/p/mitolyn-reviews-complaints-2026-experts-advice.html
681,Mitolyn Reviews & Complaints 2026 | Is It Effective & Safe?,https://script.google.com/macros/s/AKfycbyEg7C5ZKjgkReinWdFyaSxp1lhEGgTAnmLWPQaMGhJpB9quv2v7hbbKNz6QFS_zvy0Lw/exec?p=mitolyn-reviews-complaints-2026-is-it-effective-safe,https://abretas.github.io/health-reviews-directory-2026/p/mitolyn-reviews-complaints-2026-is-it-effective-safe.html
682,Mitolyn Reviews & Complaints 2026 | Is It Legit?,https://script.google.com/macros/s/AKfycbyEg7C5ZKjgkReinWdFyaSxp1lhEGgTAnmLWPQaMGhJpB9quv2v7hbbKNz6QFS_zvy0Lw/exec?p=mitolyn-reviews-complaints-2026-is-it-legit,https://abretas.github.io/health-reviews-directory-2026/p/mitolyn-reviews-complaints-2026-is-it-legit.html
683,Mitolyn Reviews & Complaints 2026 | Is It Really Effective?,https://script.google.com/macros/s/AKfycbyEg7C5ZKjgkReinWdFyaSxp1lhEGgTAnmLWPQaMGhJpB9quv2v7hbbKNz6QFS_zvy0Lw/exec?p=mitolyn-reviews-complaints-2026-is-it-really-effective,https://abretas.github.io/health-reviews-directory-2026/p/mitolyn-reviews-complaints-2026-is-it-really-effective.html
684,Mitolyn Reviews & Complaints 2026 | Is It Worth It?,https://script.google.com/macros/s/AKfycbyEg7C5ZKjgkReinWdFyaSxp1lhEGgTAnmLWPQaMGhJpB9quv2v7hbbKNz6QFS_zvy0Lw/exec?p=mitolyn-reviews-complaints-2026-is-it-worth-it,https://abretas.github.io/health-reviews-directory-2026/p/mitolyn-reviews-complaints-2026-is-it-worth-it.html
685,Mitolyn Reviews & Complaints 2026 | Is It Worth The Hype?,https://script.google.com/macros/s/AKfycbyEg7C5ZKjgkReinWdFyaSxp1lhEGgTAnmLWPQaMGhJpB9quv2v7hbbKNz6QFS_zvy0Lw/exec?p=mitolyn-reviews-complaints-2026-is-it-worth-the-hype,https://abretas.github.io/health-reviews-directory-2026/p/mitolyn-reviews-complaints-2026-is-it-worth-the-hype.html
686,Mitolyn Reviews & Complaints 2026 | Is It Worth Your Money?,https://script.google.com/macros/s/AKfycbyEg7C5ZKjgkReinWdFyaSxp1lhEGgTAnmLWPQaMGhJpB9quv2v7hbbKNz6QFS_zvy0Lw/exec?p=mitolyn-reviews-complaints-2026-is-it-worth-your-money,https://abretas.github.io/health-reviews-directory-2026/p/mitolyn-reviews-complaints-2026-is-it-worth-your-money.html
687,Mitolyn Reviews & Complaints 2026 | Is It a Scam? The Truth,https://script.google.com/macros/s/AKfycbyEg7C5ZKjgkReinWdFyaSxp1lhEGgTAnmLWPQaMGhJpB9quv2v7hbbKNz6QFS_zvy0Lw/exec?p=mitolyn-reviews-complaints-2026-is-it-a-scam-the-truth,https://abretas.github.io/health-reviews-directory-2026/p/mitolyn-reviews-complaints-2026-is-it-a-scam-the-truth.html
688,Mitolyn Reviews & Complaints 2026 | Is it Scam?,https://script.google.com/macros/s/AKfycbyEg7C5ZKjgkReinWdFyaSxp1lhEGgTAnmLWPQaMGhJpB9quv2v7hbbKNz6QFS_zvy0Lw/exec?p=mitolyn-reviews-complaints-2026-is-it-scam,https://abretas.github.io/health-reviews-directory-2026/p/mitolyn-reviews-complaints-2026-is-it-scam.html
689,Mitolyn Reviews & Complaints 2026 – Is It Worth Buying?,https://script.google.com/macros/s/AKfycbyEg7C5ZKjgkReinWdFyaSxp1lhEGgTAnmLWPQaMGhJpB9quv2v7hbbKNz6QFS_zvy0Lw/exec?p=mitolyn-reviews-complaints-2026-is-it-worth-buying,https://abretas.github.io/health-reviews-directory-2026/p/mitolyn-reviews-complaints-2026-is-it-worth-buying.html
690,Mitolyn Reviews & Complaints NEW UPDATE – Is Mitolyn a Scam?,https://script.google.com/macros/s/AKfycbyEg7C5ZKjgkReinWdFyaSxp1lhEGgTAnmLWPQaMGhJpB9quv2v7hbbKNz6QFS_zvy0Lw/exec?p=mitolyn-reviews-complaints-new-update-is-mitolyn-a-scam,https://abretas.github.io/health-reviews-directory-2026/p/mitolyn-reviews-complaints-new-update-is-mitolyn-a-scam.html
691,Mitolyn Reviews & Complaints | Is It Worth it?,https://script.google.com/macros/s/AKfycbyEg7C5ZKjgkReinWdFyaSxp1lhEGgTAnmLWPQaMGhJpB9quv2v7hbbKNz6QFS_zvy0Lw/exec?p=mitolyn-reviews-complaints-is-it-worth-it,https://abretas.github.io/health-reviews-directory-2026/p/mitolyn-reviews-complaints-is-it-worth-it.html
692,Mitolyn Reviews 2026 Is It Legit Or A Scam The Truth 2,https://script.google.com/macros/s/AKfycbyEg7C5ZKjgkReinWdFyaSxp1lhEGgTAnmLWPQaMGhJpB9quv2v7hbbKNz6QFS_zvy0Lw/exec?p=mitolyn-reviews-2026-is-it-legit-or-a-scam-the-truth-2,https://abretas.github.io/health-reviews-directory-2026/p/mitolyn-reviews-2026-is-it-legit-or-a-scam-the-truth-2.html
693,Mitolyn Reviews 2026 Legit Or Scam User Insights 2,https://script.google.com/macros/s/AKfycbyEg7C5ZKjgkReinWdFyaSxp1lhEGgTAnmLWPQaMGhJpB9quv2v7hbbKNz6QFS_zvy0Lw/exec?p=mitolyn-reviews-2026-legit-or-scam-user-insights-2,https://abretas.github.io/health-reviews-directory-2026/p/mitolyn-reviews-2026-legit-or-scam-user-insights-2.html
694,Mitolyn Reviews 2026 | Is It Genuine and Effective Solution?,https://script.google.com/macros/s/AKfycbyEg7C5ZKjgkReinWdFyaSxp1lhEGgTAnmLWPQaMGhJpB9quv2v7hbbKNz6QFS_zvy0Lw/exec?p=mitolyn-reviews-2026-is-it-genuine-and-effective-solution,https://abretas.github.io/health-reviews-directory-2026/p/mitolyn-reviews-2026-is-it-genuine-and-effective-solution.html
695,Mitolyn Reviews 2026 | Is It Legit or Scam?,https://script.google.com/macros/s/AKfycbyEg7C5ZKjgkReinWdFyaSxp1lhEGgTAnmLWPQaMGhJpB9quv2v7hbbKNz6QFS_zvy0Lw/exec?p=mitolyn-reviews-2026-is-it-legit-or-scam,https://abretas.github.io/health-reviews-directory-2026/p/mitolyn-reviews-2026-is-it-legit-or-scam.html
696,Mitolyn Reviews 2026 | Is It Worth Buying?,https://script.google.com/macros/s/AKfycbyEg7C5ZKjgkReinWdFyaSxp1lhEGgTAnmLWPQaMGhJpB9quv2v7hbbKNz6QFS_zvy0Lw/exec?p=mitolyn-reviews-2026-is-it-worth-buying,https://abretas.github.io/health-reviews-directory-2026/p/mitolyn-reviews-2026-is-it-worth-buying.html
697,Mitolyn Reviews 2026 | Is it Worth Buying? Or Scam? The Truth,https://script.google.com/macros/s/AKfycbyEg7C5ZKjgkReinWdFyaSxp1lhEGgTAnmLWPQaMGhJpB9quv2v7hbbKNz6QFS_zvy0Lw/exec?p=mitolyn-reviews-2026-is-it-worth-buying-or-scam-the-truth,https://abretas.github.io/health-reviews-directory-2026/p/mitolyn-reviews-2026-is-it-worth-buying-or-scam-the-truth.html
698,Mitolyn Reviews 2026 | Is it Worth it Or Scam? The Truth,https://script.google.com/macros/s/AKfycbyEg7C5ZKjgkReinWdFyaSxp1lhEGgTAnmLWPQaMGhJpB9quv2v7hbbKNz6QFS_zvy0Lw/exec?p=mitolyn-reviews-2026-is-it-worth-it-or-scam-the-truth,https://abretas.github.io/health-reviews-directory-2026/p/mitolyn-reviews-2026-is-it-worth-it-or-scam-the-truth.html
699,Mitolyn Reviews 2026 – Does It Really Boost Energy & Fat Loss?,https://script.google.com/macros/s/AKfycbyEg7C5ZKjgkReinWdFyaSxp1lhEGgTAnmLWPQaMGhJpB9quv2v7hbbKNz6QFS_zvy0Lw/exec?p=mitolyn-reviews-2026-does-it-really-boost-energy-fat-loss,https://abretas.github.io/health-reviews-directory-2026/p/mitolyn-reviews-2026-does-it-really-boost-energy-fat-loss.html
700,Mitolyn Reviews 2026 – Is It Legit or a Scam? The Truth,https://script.google.com/macros/s/AKfycbyEg7C5ZKjgkReinWdFyaSxp1lhEGgTAnmLWPQaMGhJpB9quv2v7hbbKNz6QFS_zvy0Lw/exec?p=mitolyn-reviews-2026-is-it-legit-or-a-scam-the-truth,https://abretas.github.io/health-reviews-directory-2026/p/mitolyn-reviews-2026-is-it-legit-or-a-scam-the-truth.html
701,Mitolyn Reviews 2026 – Legit or Scam? User Insights,https://script.google.com/macros/s/AKfycbyEg7C5ZKjgkReinWdFyaSxp1lhEGgTAnmLWPQaMGhJpB9quv2v7hbbKNz6QFS_zvy0Lw/exec?p=mitolyn-reviews-2026-legit-or-scam-user-insights,https://abretas.github.io/health-reviews-directory-2026/p/mitolyn-reviews-2026-legit-or-scam-user-insights.html
702,Mitolyn Reviews Complaints 2026 Is It Really Effective 2,https://script.google.com/macros/s/AKfycbyEg7C5ZKjgkReinWdFyaSxp1lhEGgTAnmLWPQaMGhJpB9quv2v7hbbKNz6QFS_zvy0Lw/exec?p=mitolyn-reviews-complaints-2026-is-it-really-effective-2,https://abretas.github.io/health-reviews-directory-2026/p/mitolyn-reviews-complaints-2026-is-it-really-effective-2.html
703,Mitolyn Reviews Complaints 2026 Is It Scam 2,https://script.google.com/macros/s/AKfycbyEg7C5ZKjgkReinWdFyaSxp1lhEGgTAnmLWPQaMGhJpB9quv2v7hbbKNz6QFS_zvy0Lw/exec?p=mitolyn-reviews-complaints-2026-is-it-scam-2,https://abretas.github.io/health-reviews-directory-2026/p/mitolyn-reviews-complaints-2026-is-it-scam-2.html
704,Mitolyn Reviews Complaints 2026 Is It Scam 3,https://script.google.com/macros/s/AKfycbyEg7C5ZKjgkReinWdFyaSxp1lhEGgTAnmLWPQaMGhJpB9quv2v7hbbKNz6QFS_zvy0Lw/exec?p=mitolyn-reviews-complaints-2026-is-it-scam-3,https://abretas.github.io/health-reviews-directory-2026/p/mitolyn-reviews-complaints-2026-is-it-scam-3.html
705,Mitolyn Reviews Complaints 2026 Is It Worth Buying 2,https://script.google.com/macros/s/AKfycbyEg7C5ZKjgkReinWdFyaSxp1lhEGgTAnmLWPQaMGhJpB9quv2v7hbbKNz6QFS_zvy0Lw/exec?p=mitolyn-reviews-complaints-2026-is-it-worth-buying-2,https://abretas.github.io/health-reviews-directory-2026/p/mitolyn-reviews-complaints-2026-is-it-worth-buying-2.html
706,Mitolyn Reviews Complaints 2026 Is It Worth Buying 3,https://script.google.com/macros/s/AKfycbyEg7C5ZKjgkReinWdFyaSxp1lhEGgTAnmLWPQaMGhJpB9quv2v7hbbKNz6QFS_zvy0Lw/exec?p=mitolyn-reviews-complaints-2026-is-it-worth-buying-3,https://abretas.github.io/health-reviews-directory-2026/p/mitolyn-reviews-complaints-2026-is-it-worth-buying-3.html
707,Mitolyn Reviews Complaints 2026 Is It Worth It 2,https://script.google.com/macros/s/AKfycbyEg7C5ZKjgkReinWdFyaSxp1lhEGgTAnmLWPQaMGhJpB9quv2v7hbbKNz6QFS_zvy0Lw/exec?p=mitolyn-reviews-complaints-2026-is-it-worth-it-2,https://abretas.github.io/health-reviews-directory-2026/p/mitolyn-reviews-complaints-2026-is-it-worth-it-2.html
708,Mitolyn Reviews Complaints 2026 Is It Worth It 3,https://script.google.com/macros/s/AKfycbyEg7C5ZKjgkReinWdFyaSxp1lhEGgTAnmLWPQaMGhJpB9quv2v7hbbKNz6QFS_zvy0Lw/exec?p=mitolyn-reviews-complaints-2026-is-it-worth-it-3,https://abretas.github.io/health-reviews-directory-2026/p/mitolyn-reviews-complaints-2026-is-it-worth-it-3.html
709,Mitolyn Reviews Complaints 2026 Is It Worth It 4,https://script.google.com/macros/s/AKfycbyEg7C5ZKjgkReinWdFyaSxp1lhEGgTAnmLWPQaMGhJpB9quv2v7hbbKNz6QFS_zvy0Lw/exec?p=mitolyn-reviews-complaints-2026-is-it-worth-it-4,https://abretas.github.io/health-reviews-directory-2026/p/mitolyn-reviews-complaints-2026-is-it-worth-it-4.html
710,Mitolyn Reviews | Fat‑loss pills that deliver real results,https://script.google.com/macros/s/AKfycbyEg7C5ZKjgkReinWdFyaSxp1lhEGgTAnmLWPQaMGhJpB9quv2v7hbbKNz6QFS_zvy0Lw/exec?p=mitolyn-reviews-fat-loss-pills-that-deliver-real-results,https://abretas.github.io/health-reviews-directory-2026/p/mitolyn-reviews-fat-loss-pills-that-deliver-real-results.html
711,Mitolyn Reviews | I Tried It For 30 Days (My Honest Results),https://script.google.com/macros/s/AKfycbyEg7C5ZKjgkReinWdFyaSxp1lhEGgTAnmLWPQaMGhJpB9quv2v7hbbKNz6QFS_zvy0Lw/exec?p=mitolyn-reviews-i-tried-it-for-30-days-my-honest-results,https://abretas.github.io/health-reviews-directory-2026/p/mitolyn-reviews-i-tried-it-for-30-days-my-honest-results.html
712,Mitolyn Reviews | Warning! Don’t Buy Until You Read This!,https://script.google.com/macros/s/AKfycbyEg7C5ZKjgkReinWdFyaSxp1lhEGgTAnmLWPQaMGhJpB9quv2v7hbbKNz6QFS_zvy0Lw/exec?p=mitolyn-reviews-warning-don-t-buy-until-you-read-this,https://abretas.github.io/health-reviews-directory-2026/p/mitolyn-reviews-warning-don-t-buy-until-you-read-this.html
713,Mitolyn Reviews – Does It Really Work for Weight Loss?,https://script.google.com/macros/s/AKfycbyEg7C5ZKjgkReinWdFyaSxp1lhEGgTAnmLWPQaMGhJpB9quv2v7hbbKNz6QFS_zvy0Lw/exec?p=mitolyn-reviews-does-it-really-work-for-weight-loss,https://abretas.github.io/health-reviews-directory-2026/p/mitolyn-reviews-does-it-really-work-for-weight-loss.html
714,Mitolyn Reviews – Is This Fat Burning Support Worth Buying?,https://script.google.com/macros/s/AKfycbyEg7C5ZKjgkReinWdFyaSxp1lhEGgTAnmLWPQaMGhJpB9quv2v7hbbKNz6QFS_zvy0Lw/exec?p=mitolyn-reviews-is-this-fat-burning-support-worth-buying,https://abretas.github.io/health-reviews-directory-2026/p/mitolyn-reviews-is-this-fat-burning-support-worth-buying.html
715,Mitolyn Reviews – Scam or Legit? Read This Before Buying,https://script.google.com/macros/s/AKfycbyEg7C5ZKjgkReinWdFyaSxp1lhEGgTAnmLWPQaMGhJpB9quv2v7hbbKNz6QFS_zvy0Lw/exec?p=mitolyn-reviews-scam-or-legit-read-this-before-buying,https://abretas.github.io/health-reviews-directory-2026/p/mitolyn-reviews-scam-or-legit-read-this-before-buying.html
716,"Mitolyn Reviews: Scam or Legit, Uncovering the Truth!",https://script.google.com/macros/s/AKfycbyEg7C5ZKjgkReinWdFyaSxp1lhEGgTAnmLWPQaMGhJpB9quv2v7hbbKNz6QFS_zvy0Lw/exec?p=mitolyn-reviews-scam-or-legit-uncovering-the-truth,https://abretas.github.io/health-reviews-directory-2026/p/mitolyn-reviews-scam-or-legit-uncovering-the-truth.html
717,Mitolyn Side Effects: Does It Work?,https://script.google.com/macros/s/AKfycbyEg7C5ZKjgkReinWdFyaSxp1lhEGgTAnmLWPQaMGhJpB9quv2v7hbbKNz6QFS_zvy0Lw/exec?p=mitolyn-side-effects-does-it-work,https://abretas.github.io/health-reviews-directory-2026/p/mitolyn-side-effects-does-it-work.html
718,Mitolyn official Website Buy Online,https://script.google.com/macros/s/AKfycbyEg7C5ZKjgkReinWdFyaSxp1lhEGgTAnmLWPQaMGhJpB9quv2v7hbbKNz6QFS_zvy0Lw/exec?p=mitolyn-official-website-buy-online,https://abretas.github.io/health-reviews-directory-2026/p/mitolyn-official-website-buy-online.html
719,Mitolyn™ Official Site | Metabolism Booster & Fat Burner,https://script.google.com/macros/s/AKfycbyEg7C5ZKjgkReinWdFyaSxp1lhEGgTAnmLWPQaMGhJpB9quv2v7hbbKNz6QFS_zvy0Lw/exec?p=mitolyn-official-site-metabolism-booster-fat-burner,https://abretas.github.io/health-reviews-directory-2026/p/mitolyn-official-site-metabolism-booster-fat-burner.html
720,Money Amulet Review: Attracts a Positive Money Flow,https://script.google.com/macros/s/AKfycbyEg7C5ZKjgkReinWdFyaSxp1lhEGgTAnmLWPQaMGhJpB9quv2v7hbbKNz6QFS_zvy0Lw/exec?p=money-amulet-review-attracts-a-positive-money-flow,https://abretas.github.io/health-reviews-directory-2026/p/money-amulet-review-attracts-a-positive-money-flow.html
721,Money Bracelet Review: Lucky Magnet Bracelet For Money,https://script.google.com/macros/s/AKfycbyEg7C5ZKjgkReinWdFyaSxp1lhEGgTAnmLWPQaMGhJpB9quv2v7hbbKNz6QFS_zvy0Lw/exec?p=money-bracelet-review-lucky-magnet-bracelet-for-money,https://abretas.github.io/health-reviews-directory-2026/p/money-bracelet-review-lucky-magnet-bracelet-for-money.html
722,Money Cell Activation System Review: Does It Work,https://script.google.com/macros/s/AKfycbyEg7C5ZKjgkReinWdFyaSxp1lhEGgTAnmLWPQaMGhJpB9quv2v7hbbKNz6QFS_zvy0Lw/exec?p=money-cell-activation-system-review-does-it-work,https://abretas.github.io/health-reviews-directory-2026/p/money-cell-activation-system-review-does-it-work.html
723,Moon Reading Reviews & Complaints 2026 | Is It Scam?,https://script.google.com/macros/s/AKfycbyEg7C5ZKjgkReinWdFyaSxp1lhEGgTAnmLWPQaMGhJpB9quv2v7hbbKNz6QFS_zvy0Lw/exec?p=moon-reading-reviews-complaints-2026-is-it-scam,https://abretas.github.io/health-reviews-directory-2026/p/moon-reading-reviews-complaints-2026-is-it-scam.html
724,Moon Reading Reviews | Is it a Scam or Legit? Honest Analysis,https://script.google.com/macros/s/AKfycbyEg7C5ZKjgkReinWdFyaSxp1lhEGgTAnmLWPQaMGhJpB9quv2v7hbbKNz6QFS_zvy0Lw/exec?p=moon-reading-reviews-is-it-a-scam-or-legit-honest-analysis,https://abretas.github.io/health-reviews-directory-2026/p/moon-reading-reviews-is-it-a-scam-or-legit-honest-analysis.html
725,Moringa Magic Customer Reviews,https://script.google.com/macros/s/AKfycbyEg7C5ZKjgkReinWdFyaSxp1lhEGgTAnmLWPQaMGhJpB9quv2v7hbbKNz6QFS_zvy0Lw/exec?p=moringa-magic-customer-reviews,https://abretas.github.io/health-reviews-directory-2026/p/moringa-magic-customer-reviews.html
726,Moringa Magic Review: Boost Your Health with Natural Superfood,https://script.google.com/macros/s/AKfycbyEg7C5ZKjgkReinWdFyaSxp1lhEGgTAnmLWPQaMGhJpB9quv2v7hbbKNz6QFS_zvy0Lw/exec?p=moringa-magic-review-boost-your-health-with-natural-superfood,https://abretas.github.io/health-reviews-directory-2026/p/moringa-magic-review-boost-your-health-with-natural-superfood.html
727,Morning Fat Melter Reviews,https://script.google.com/macros/s/AKfycbyEg7C5ZKjgkReinWdFyaSxp1lhEGgTAnmLWPQaMGhJpB9quv2v7hbbKNz6QFS_zvy0Lw/exec?p=morning-fat-melter-reviews,https://abretas.github.io/health-reviews-directory-2026/p/morning-fat-melter-reviews.html
728,Morning Fat Melter Supplement Review: Lose Fat Faster,https://script.google.com/macros/s/AKfycbyEg7C5ZKjgkReinWdFyaSxp1lhEGgTAnmLWPQaMGhJpB9quv2v7hbbKNz6QFS_zvy0Lw/exec?p=morning-fat-melter-supplement-review-lose-fat-faster,https://abretas.github.io/health-reviews-directory-2026/p/morning-fat-melter-supplement-review-lose-fat-faster.html
729,Moses Wealth Code Review: Attracts Money To You Effortlessly In 7 Days,https://script.google.com/macros/s/AKfycbyEg7C5ZKjgkReinWdFyaSxp1lhEGgTAnmLWPQaMGhJpB9quv2v7hbbKNz6QFS_zvy0Lw/exec?p=moses-wealth-code-review-attracts-money-to-you-effortlessly-in-7-days,https://abretas.github.io/health-reviews-directory-2026/p/moses-wealth-code-review-attracts-money-to-you-effortlessly-in-7-days.html
730,My Back Pain Coach Review: Ian Hart’s Exercises Program For Pain,https://script.google.com/macros/s/AKfycbyEg7C5ZKjgkReinWdFyaSxp1lhEGgTAnmLWPQaMGhJpB9quv2v7hbbKNz6QFS_zvy0Lw/exec?p=my-back-pain-coach-review-ian-hart-s-exercises-program-for-pain,https://abretas.github.io/health-reviews-directory-2026/p/my-back-pain-coach-review-ian-hart-s-exercises-program-for-pain.html
731,My Birth Angel Review: Unlocking Your True Self,https://script.google.com/macros/s/AKfycbyEg7C5ZKjgkReinWdFyaSxp1lhEGgTAnmLWPQaMGhJpB9quv2v7hbbKNz6QFS_zvy0Lw/exec?p=my-birth-angel-review-unlocking-your-true-self,https://abretas.github.io/health-reviews-directory-2026/p/my-birth-angel-review-unlocking-your-true-self.html
732,My Shed Plans Review: Secrets to Perfect Shed Construction,https://script.google.com/macros/s/AKfycbyEg7C5ZKjgkReinWdFyaSxp1lhEGgTAnmLWPQaMGhJpB9quv2v7hbbKNz6QFS_zvy0Lw/exec?p=my-shed-plans-review-secrets-to-perfect-shed-construction,https://abretas.github.io/health-reviews-directory-2026/p/my-shed-plans-review-secrets-to-perfect-shed-construction.html
733,My Soulmate Profile Review: First Ever Love Sketch Program,https://script.google.com/macros/s/AKfycbyEg7C5ZKjgkReinWdFyaSxp1lhEGgTAnmLWPQaMGhJpB9quv2v7hbbKNz6QFS_zvy0Lw/exec?p=my-soulmate-profile-review-first-ever-love-sketch-program,https://abretas.github.io/health-reviews-directory-2026/p/my-soulmate-profile-review-first-ever-love-sketch-program.html
734,Mycosyn Pro Ingredients,https://script.google.com/macros/s/AKfycbyEg7C5ZKjgkReinWdFyaSxp1lhEGgTAnmLWPQaMGhJpB9quv2v7hbbKNz6QFS_zvy0Lw/exec?p=mycosyn-pro-ingredients,https://abretas.github.io/health-reviews-directory-2026/p/mycosyn-pro-ingredients.html
735,Mycosyn Pro Review: Treat Fungal Infection by This Supplement,https://script.google.com/macros/s/AKfycbyEg7C5ZKjgkReinWdFyaSxp1lhEGgTAnmLWPQaMGhJpB9quv2v7hbbKNz6QFS_zvy0Lw/exec?p=mycosyn-pro-review-treat-fungal-infection-by-this-supplement,https://abretas.github.io/health-reviews-directory-2026/p/mycosyn-pro-review-treat-fungal-infection-by-this-supplement.html
736,Mystery School Code Reviews & Complaints | Is It Worth It?,https://script.google.com/macros/s/AKfycbyEg7C5ZKjgkReinWdFyaSxp1lhEGgTAnmLWPQaMGhJpB9quv2v7hbbKNz6QFS_zvy0Lw/exec?p=mystery-school-code-reviews-complaints-is-it-worth-it,https://abretas.github.io/health-reviews-directory-2026/p/mystery-school-code-reviews-complaints-is-it-worth-it.html
737,Mystery School Code Reviews: The Secret Ancient Egypt That Works,https://script.google.com/macros/s/AKfycbyEg7C5ZKjgkReinWdFyaSxp1lhEGgTAnmLWPQaMGhJpB9quv2v7hbbKNz6QFS_zvy0Lw/exec?p=mystery-school-code-reviews-the-secret-ancient-egypt-that-works,https://abretas.github.io/health-reviews-directory-2026/p/mystery-school-code-reviews-the-secret-ancient-egypt-that-works.html
738,NITRIC BOOST Review: Natural Supplement for Long-Lasting Erections,https://script.google.com/macros/s/AKfycbyEg7C5ZKjgkReinWdFyaSxp1lhEGgTAnmLWPQaMGhJpB9quv2v7hbbKNz6QFS_zvy0Lw/exec?p=nitric-boost-review-natural-supplement-for-long-lasting-erections,https://abretas.github.io/health-reviews-directory-2026/p/nitric-boost-review-natural-supplement-for-long-lasting-erections.html
739,NITRIC BOOST™: Supplement For ED,https://script.google.com/macros/s/AKfycbyEg7C5ZKjgkReinWdFyaSxp1lhEGgTAnmLWPQaMGhJpB9quv2v7hbbKNz6QFS_zvy0Lw/exec?p=nitric-boost-supplement-for-ed,https://abretas.github.io/health-reviews-directory-2026/p/nitric-boost-supplement-for-ed.html
740,Nag Hammadi Wealth Code Review: Does It Really Attract Money Instantly,https://script.google.com/macros/s/AKfycbyEg7C5ZKjgkReinWdFyaSxp1lhEGgTAnmLWPQaMGhJpB9quv2v7hbbKNz6QFS_zvy0Lw/exec?p=nag-hammadi-wealth-code-review-does-it-really-attract-money-instantly,https://abretas.github.io/health-reviews-directory-2026/p/nag-hammadi-wealth-code-review-does-it-really-attract-money-instantly.html
741,Nag Hammadi Wealth Code Reviews & Complaints | Is it Scam?,https://script.google.com/macros/s/AKfycbyEg7C5ZKjgkReinWdFyaSxp1lhEGgTAnmLWPQaMGhJpB9quv2v7hbbKNz6QFS_zvy0Lw/exec?p=nag-hammadi-wealth-code-reviews-complaints-is-it-scam,https://abretas.github.io/health-reviews-directory-2026/p/nag-hammadi-wealth-code-reviews-complaints-is-it-scam.html
742,Nagano Lean Body Tonic Reviews: A Holistic Weight Loss Formula,https://script.google.com/macros/s/AKfycbyEg7C5ZKjgkReinWdFyaSxp1lhEGgTAnmLWPQaMGhJpB9quv2v7hbbKNz6QFS_zvy0Lw/exec?p=nagano-lean-body-tonic-reviews-a-holistic-weight-loss-formula,https://abretas.github.io/health-reviews-directory-2026/p/nagano-lean-body-tonic-reviews-a-holistic-weight-loss-formula.html
743,Nagano Tonic Lean Body Tonic For Weight Loss 2,https://script.google.com/macros/s/AKfycbyEg7C5ZKjgkReinWdFyaSxp1lhEGgTAnmLWPQaMGhJpB9quv2v7hbbKNz6QFS_zvy0Lw/exec?p=nagano-tonic-lean-body-tonic-for-weight-loss-2,https://abretas.github.io/health-reviews-directory-2026/p/nagano-tonic-lean-body-tonic-for-weight-loss-2.html
744,Nagano Tonic Review: Proven Lean Body Tonic For Weight Loss,https://script.google.com/macros/s/AKfycbyEg7C5ZKjgkReinWdFyaSxp1lhEGgTAnmLWPQaMGhJpB9quv2v7hbbKNz6QFS_zvy0Lw/exec?p=nagano-tonic-review-proven-lean-body-tonic-for-weight-loss,https://abretas.github.io/health-reviews-directory-2026/p/nagano-tonic-review-proven-lean-body-tonic-for-weight-loss.html
745,Nagano Tonic Reviews & Complaints 2026 | Is It Worth it?,https://script.google.com/macros/s/AKfycbyEg7C5ZKjgkReinWdFyaSxp1lhEGgTAnmLWPQaMGhJpB9quv2v7hbbKNz6QFS_zvy0Lw/exec?p=nagano-tonic-reviews-complaints-2026-is-it-worth-it,https://abretas.github.io/health-reviews-directory-2026/p/nagano-tonic-reviews-complaints-2026-is-it-worth-it.html
746,Nagano Tonic Reviews & Complaints 2026 | Is it Scam?,https://script.google.com/macros/s/AKfycbyEg7C5ZKjgkReinWdFyaSxp1lhEGgTAnmLWPQaMGhJpB9quv2v7hbbKNz6QFS_zvy0Lw/exec?p=nagano-tonic-reviews-complaints-2026-is-it-scam,https://abretas.github.io/health-reviews-directory-2026/p/nagano-tonic-reviews-complaints-2026-is-it-scam.html
747,Nagano Tonic Reviews & Complaints | Is it Worth Buying?,https://script.google.com/macros/s/AKfycbyEg7C5ZKjgkReinWdFyaSxp1lhEGgTAnmLWPQaMGhJpB9quv2v7hbbKNz6QFS_zvy0Lw/exec?p=nagano-tonic-reviews-complaints-is-it-worth-buying,https://abretas.github.io/health-reviews-directory-2026/p/nagano-tonic-reviews-complaints-is-it-worth-buying.html
748,Nagano Tonic™ : Lean Body Tonic,https://script.google.com/macros/s/AKfycbyEg7C5ZKjgkReinWdFyaSxp1lhEGgTAnmLWPQaMGhJpB9quv2v7hbbKNz6QFS_zvy0Lw/exec?p=nagano-tonic-lean-body-tonic,https://abretas.github.io/health-reviews-directory-2026/p/nagano-tonic-lean-body-tonic.html
749,Nagano Tonic™ : Lean Body Tonic For Weight Loss,https://script.google.com/macros/s/AKfycbyEg7C5ZKjgkReinWdFyaSxp1lhEGgTAnmLWPQaMGhJpB9quv2v7hbbKNz6QFS_zvy0Lw/exec?p=nagano-tonic-lean-body-tonic-for-weight-loss,https://abretas.github.io/health-reviews-directory-2026/p/nagano-tonic-lean-body-tonic-for-weight-loss.html
750,Nail Refresh Reviews | Is It a Scam? (My Honest Analysis!),https://script.google.com/macros/s/AKfycbyEg7C5ZKjgkReinWdFyaSxp1lhEGgTAnmLWPQaMGhJpB9quv2v7hbbKNz6QFS_zvy0Lw/exec?p=nail-refresh-reviews-is-it-a-scam-my-honest-analysis,https://abretas.github.io/health-reviews-directory-2026/p/nail-refresh-reviews-is-it-a-scam-my-honest-analysis.html
751,Nail Refresh Reviews – Is It a Scam or Legit? Honest Analysis,https://script.google.com/macros/s/AKfycbyEg7C5ZKjgkReinWdFyaSxp1lhEGgTAnmLWPQaMGhJpB9quv2v7hbbKNz6QFS_zvy0Lw/exec?p=nail-refresh-reviews-is-it-a-scam-or-legit-honest-analysis,https://abretas.github.io/health-reviews-directory-2026/p/nail-refresh-reviews-is-it-a-scam-or-legit-honest-analysis.html
752,Nano-Ease Reviews,https://script.google.com/macros/s/AKfycbyEg7C5ZKjgkReinWdFyaSxp1lhEGgTAnmLWPQaMGhJpB9quv2v7hbbKNz6QFS_zvy0Lw/exec?p=nano-ease-reviews,https://abretas.github.io/health-reviews-directory-2026/p/nano-ease-reviews.html
753,Nano-Ease Reviews & Complaints 2026 | Is It Worth Buying,https://script.google.com/macros/s/AKfycbyEg7C5ZKjgkReinWdFyaSxp1lhEGgTAnmLWPQaMGhJpB9quv2v7hbbKNz6QFS_zvy0Lw/exec?p=nano-ease-reviews-complaints-2026-is-it-worth-buying,https://abretas.github.io/health-reviews-directory-2026/p/nano-ease-reviews-complaints-2026-is-it-worth-buying.html
754,Nano-Ease Reviews & Complaints 2026 | Is It Worth It?,https://script.google.com/macros/s/AKfycbyEg7C5ZKjgkReinWdFyaSxp1lhEGgTAnmLWPQaMGhJpB9quv2v7hbbKNz6QFS_zvy0Lw/exec?p=nano-ease-reviews-complaints-2026-is-it-worth-it,https://abretas.github.io/health-reviews-directory-2026/p/nano-ease-reviews-complaints-2026-is-it-worth-it.html
755,NanoDefense Pro Reviews,https://script.google.com/macros/s/AKfycbyEg7C5ZKjgkReinWdFyaSxp1lhEGgTAnmLWPQaMGhJpB9quv2v7hbbKNz6QFS_zvy0Lw/exec?p=nanodefense-pro-reviews,https://abretas.github.io/health-reviews-directory-2026/p/nanodefense-pro-reviews.html
756,NanoDefense Pro Reviews & Complaints 2026 | Is it Scam?,https://script.google.com/macros/s/AKfycbyEg7C5ZKjgkReinWdFyaSxp1lhEGgTAnmLWPQaMGhJpB9quv2v7hbbKNz6QFS_zvy0Lw/exec?p=nanodefense-pro-reviews-complaints-2026-is-it-scam,https://abretas.github.io/health-reviews-directory-2026/p/nanodefense-pro-reviews-complaints-2026-is-it-scam.html
757,NanoDefense Pro Reviews & Complaints 2026| Is It Worth it?,https://script.google.com/macros/s/AKfycbyEg7C5ZKjgkReinWdFyaSxp1lhEGgTAnmLWPQaMGhJpB9quv2v7hbbKNz6QFS_zvy0Lw/exec?p=nanodefense-pro-reviews-complaints-2026-is-it-worth-it,https://abretas.github.io/health-reviews-directory-2026/p/nanodefense-pro-reviews-complaints-2026-is-it-worth-it.html
758,NanoDefense Pro Reviews: Proven Supplement For Healthy Nails And Skin,https://script.google.com/macros/s/AKfycbyEg7C5ZKjgkReinWdFyaSxp1lhEGgTAnmLWPQaMGhJpB9quv2v7hbbKNz6QFS_zvy0Lw/exec?p=nanodefense-pro-reviews-proven-supplement-for-healthy-nails-and-skin,https://abretas.github.io/health-reviews-directory-2026/p/nanodefense-pro-reviews-proven-supplement-for-healthy-nails-and-skin.html
759,Nanodefense Pro Reviews Complaints 2026 Is It Scam 2,https://script.google.com/macros/s/AKfycbyEg7C5ZKjgkReinWdFyaSxp1lhEGgTAnmLWPQaMGhJpB9quv2v7hbbKNz6QFS_zvy0Lw/exec?p=nanodefense-pro-reviews-complaints-2026-is-it-scam-2,https://abretas.github.io/health-reviews-directory-2026/p/nanodefense-pro-reviews-complaints-2026-is-it-scam-2.html
760,NeoTonics Reviews,https://script.google.com/macros/s/AKfycbyEg7C5ZKjgkReinWdFyaSxp1lhEGgTAnmLWPQaMGhJpB9quv2v7hbbKNz6QFS_zvy0Lw/exec?p=neotonics-reviews,https://abretas.github.io/health-reviews-directory-2026/p/neotonics-reviews.html
761,NeoTonics Reviews & Complaints 2026 | Is It Worth it?,https://script.google.com/macros/s/AKfycbyEg7C5ZKjgkReinWdFyaSxp1lhEGgTAnmLWPQaMGhJpB9quv2v7hbbKNz6QFS_zvy0Lw/exec?p=neotonics-reviews-complaints-2026-is-it-worth-it,https://abretas.github.io/health-reviews-directory-2026/p/neotonics-reviews-complaints-2026-is-it-worth-it.html
762,NeoTonics Reviews 2026 | Is This Worth Your Money?,https://script.google.com/macros/s/AKfycbyEg7C5ZKjgkReinWdFyaSxp1lhEGgTAnmLWPQaMGhJpB9quv2v7hbbKNz6QFS_zvy0Lw/exec?p=neotonics-reviews-2026-is-this-worth-your-money,https://abretas.github.io/health-reviews-directory-2026/p/neotonics-reviews-2026-is-this-worth-your-money.html
763,Neotonics Review: Proven Natural Supplement For Healthy Skin and Gut,https://script.google.com/macros/s/AKfycbyEg7C5ZKjgkReinWdFyaSxp1lhEGgTAnmLWPQaMGhJpB9quv2v7hbbKNz6QFS_zvy0Lw/exec?p=neotonics-review-proven-natural-supplement-for-healthy-skin-and-gut,https://abretas.github.io/health-reviews-directory-2026/p/neotonics-review-proven-natural-supplement-for-healthy-skin-and-gut.html
764,Neotonics Reviews 2026 Is This Worth Your Money 2,https://script.google.com/macros/s/AKfycbyEg7C5ZKjgkReinWdFyaSxp1lhEGgTAnmLWPQaMGhJpB9quv2v7hbbKNz6QFS_zvy0Lw/exec?p=neotonics-reviews-2026-is-this-worth-your-money-2,https://abretas.github.io/health-reviews-directory-2026/p/neotonics-reviews-2026-is-this-worth-your-money-2.html
765,Neotonics Reviews Complaints 2026 Is It Worth It 2,https://script.google.com/macros/s/AKfycbyEg7C5ZKjgkReinWdFyaSxp1lhEGgTAnmLWPQaMGhJpB9quv2v7hbbKNz6QFS_zvy0Lw/exec?p=neotonics-reviews-complaints-2026-is-it-worth-it-2,https://abretas.github.io/health-reviews-directory-2026/p/neotonics-reviews-complaints-2026-is-it-worth-it-2.html
766,Nervala Reviews & Complaints 2026 | Is It Worth Buying?,https://script.google.com/macros/s/AKfycbyEg7C5ZKjgkReinWdFyaSxp1lhEGgTAnmLWPQaMGhJpB9quv2v7hbbKNz6QFS_zvy0Lw/exec?p=nervala-reviews-complaints-2026-is-it-worth-buying,https://abretas.github.io/health-reviews-directory-2026/p/nervala-reviews-complaints-2026-is-it-worth-buying.html
767,Nervala Reviews: Is It the Solution for Your Nerve Health Issues,https://script.google.com/macros/s/AKfycbyEg7C5ZKjgkReinWdFyaSxp1lhEGgTAnmLWPQaMGhJpB9quv2v7hbbKNz6QFS_zvy0Lw/exec?p=nervala-reviews-is-it-the-solution-for-your-nerve-health-issues,https://abretas.github.io/health-reviews-directory-2026/p/nervala-reviews-is-it-the-solution-for-your-nerve-health-issues.html
768,Nerve Alive Reviews & Complaints 2026 | Is it Scam?,https://script.google.com/macros/s/AKfycbyEg7C5ZKjgkReinWdFyaSxp1lhEGgTAnmLWPQaMGhJpB9quv2v7hbbKNz6QFS_zvy0Lw/exec?p=nerve-alive-reviews-complaints-2026-is-it-scam,https://abretas.github.io/health-reviews-directory-2026/p/nerve-alive-reviews-complaints-2026-is-it-scam.html
769,Nerve Armor Review: Proven Supplement For Nerve Pain Relief,https://script.google.com/macros/s/AKfycbyEg7C5ZKjgkReinWdFyaSxp1lhEGgTAnmLWPQaMGhJpB9quv2v7hbbKNz6QFS_zvy0Lw/exec?p=nerve-armor-review-proven-supplement-for-nerve-pain-relief,https://abretas.github.io/health-reviews-directory-2026/p/nerve-armor-review-proven-supplement-for-nerve-pain-relief.html
770,Nerve Armor Reviews & Complaints 2026 | Is It Worth Buying?,https://script.google.com/macros/s/AKfycbyEg7C5ZKjgkReinWdFyaSxp1lhEGgTAnmLWPQaMGhJpB9quv2v7hbbKNz6QFS_zvy0Lw/exec?p=nerve-armor-reviews-complaints-2026-is-it-worth-buying,https://abretas.github.io/health-reviews-directory-2026/p/nerve-armor-reviews-complaints-2026-is-it-worth-buying.html
771,Nerve Armor™: Supplement For Nerve Pain Relief,https://script.google.com/macros/s/AKfycbyEg7C5ZKjgkReinWdFyaSxp1lhEGgTAnmLWPQaMGhJpB9quv2v7hbbKNz6QFS_zvy0Lw/exec?p=nerve-armor-supplement-for-nerve-pain-relief,https://abretas.github.io/health-reviews-directory-2026/p/nerve-armor-supplement-for-nerve-pain-relief.html
772,Nerve Fresh Review: Powerful All-New Nerve Support Supplement,https://script.google.com/macros/s/AKfycbyEg7C5ZKjgkReinWdFyaSxp1lhEGgTAnmLWPQaMGhJpB9quv2v7hbbKNz6QFS_zvy0Lw/exec?p=nerve-fresh-review-powerful-all-new-nerve-support-supplement,https://abretas.github.io/health-reviews-directory-2026/p/nerve-fresh-review-powerful-all-new-nerve-support-supplement.html
773,Nerve Fresh Reviews & Complaints 2026 | Is it Scam?,https://script.google.com/macros/s/AKfycbyEg7C5ZKjgkReinWdFyaSxp1lhEGgTAnmLWPQaMGhJpB9quv2v7hbbKNz6QFS_zvy0Lw/exec?p=nerve-fresh-reviews-complaints-2026-is-it-scam,https://abretas.github.io/health-reviews-directory-2026/p/nerve-fresh-reviews-complaints-2026-is-it-scam.html
774,Nerve Fresh Reviews 2026 – Is It Worth Buying?,https://script.google.com/macros/s/AKfycbyEg7C5ZKjgkReinWdFyaSxp1lhEGgTAnmLWPQaMGhJpB9quv2v7hbbKNz6QFS_zvy0Lw/exec?p=nerve-fresh-reviews-2026-is-it-worth-buying,https://abretas.github.io/health-reviews-directory-2026/p/nerve-fresh-reviews-2026-is-it-worth-buying.html
775,Nerve Fresh Reviews | I Tried It For 30 Days (My Honest Results),https://script.google.com/macros/s/AKfycbyEg7C5ZKjgkReinWdFyaSxp1lhEGgTAnmLWPQaMGhJpB9quv2v7hbbKNz6QFS_zvy0Lw/exec?p=nerve-fresh-reviews-i-tried-it-for-30-days-my-honest-results,https://abretas.github.io/health-reviews-directory-2026/p/nerve-fresh-reviews-i-tried-it-for-30-days-my-honest-results.html
776,NervoVive Reviews & Complaints 2026 | Is it Worth Buying?,https://script.google.com/macros/s/AKfycbyEg7C5ZKjgkReinWdFyaSxp1lhEGgTAnmLWPQaMGhJpB9quv2v7hbbKNz6QFS_zvy0Lw/exec?p=nervovive-reviews-complaints-2026-is-it-worth-buying,https://abretas.github.io/health-reviews-directory-2026/p/nervovive-reviews-complaints-2026-is-it-worth-buying.html
777,Nervogen Pro Review: Supplement That Provide Nerve Pain Relief,https://script.google.com/macros/s/AKfycbyEg7C5ZKjgkReinWdFyaSxp1lhEGgTAnmLWPQaMGhJpB9quv2v7hbbKNz6QFS_zvy0Lw/exec?p=nervogen-pro-review-supplement-that-provide-nerve-pain-relief,https://abretas.github.io/health-reviews-directory-2026/p/nervogen-pro-review-supplement-that-provide-nerve-pain-relief.html
778,Nervolink Review: Proven Supplement For Nerve Pain Relief,https://script.google.com/macros/s/AKfycbyEg7C5ZKjgkReinWdFyaSxp1lhEGgTAnmLWPQaMGhJpB9quv2v7hbbKNz6QFS_zvy0Lw/exec?p=nervolink-review-proven-supplement-for-nerve-pain-relief,https://abretas.github.io/health-reviews-directory-2026/p/nervolink-review-proven-supplement-for-nerve-pain-relief.html
779,Nervovive Reviews,https://script.google.com/macros/s/AKfycbyEg7C5ZKjgkReinWdFyaSxp1lhEGgTAnmLWPQaMGhJpB9quv2v7hbbKNz6QFS_zvy0Lw/exec?p=nervovive-reviews,https://abretas.github.io/health-reviews-directory-2026/p/nervovive-reviews.html
780,Nervovive Reviews & Complaints 2026 | Is It Worth it?,https://script.google.com/macros/s/AKfycbyEg7C5ZKjgkReinWdFyaSxp1lhEGgTAnmLWPQaMGhJpB9quv2v7hbbKNz6QFS_zvy0Lw/exec?p=nervovive-reviews-complaints-2026-is-it-worth-it,https://abretas.github.io/health-reviews-directory-2026/p/nervovive-reviews-complaints-2026-is-it-worth-it.html
781,Nervovive Reviews – Can It Truly Ease Nerve Pain & Discomfort,https://script.google.com/macros/s/AKfycbyEg7C5ZKjgkReinWdFyaSxp1lhEGgTAnmLWPQaMGhJpB9quv2v7hbbKNz6QFS_zvy0Lw/exec?p=nervovive-reviews-can-it-truly-ease-nerve-pain-discomfort,https://abretas.github.io/health-reviews-directory-2026/p/nervovive-reviews-can-it-truly-ease-nerve-pain-discomfort.html
782,Neura Reviews | I Tried It For 30 Days (My Honest Results),https://script.google.com/macros/s/AKfycbyEg7C5ZKjgkReinWdFyaSxp1lhEGgTAnmLWPQaMGhJpB9quv2v7hbbKNz6QFS_zvy0Lw/exec?p=neura-reviews-i-tried-it-for-30-days-my-honest-results,https://abretas.github.io/health-reviews-directory-2026/p/neura-reviews-i-tried-it-for-30-days-my-honest-results.html
783,Neural Excellence Review: Neural DNA Activation Method That Works,https://script.google.com/macros/s/AKfycbyEg7C5ZKjgkReinWdFyaSxp1lhEGgTAnmLWPQaMGhJpB9quv2v7hbbKNz6QFS_zvy0Lw/exec?p=neural-excellence-review-neural-dna-activation-method-that-works,https://abretas.github.io/health-reviews-directory-2026/p/neural-excellence-review-neural-dna-activation-method-that-works.html
784,Neural Revive Reviews & Complaints | Legit or Scam?,https://script.google.com/macros/s/AKfycbyEg7C5ZKjgkReinWdFyaSxp1lhEGgTAnmLWPQaMGhJpB9quv2v7hbbKNz6QFS_zvy0Lw/exec?p=neural-revive-reviews-complaints-legit-or-scam,https://abretas.github.io/health-reviews-directory-2026/p/neural-revive-reviews-complaints-legit-or-scam.html
785,Neural Revive Reviews 2026 | Is It Worth Your Money?,https://script.google.com/macros/s/AKfycbyEg7C5ZKjgkReinWdFyaSxp1lhEGgTAnmLWPQaMGhJpB9quv2v7hbbKNz6QFS_zvy0Lw/exec?p=neural-revive-reviews-2026-is-it-worth-your-money,https://abretas.github.io/health-reviews-directory-2026/p/neural-revive-reviews-2026-is-it-worth-your-money.html
786,Neural Revive Reviews | The Truth About the 7-Second Audio,https://script.google.com/macros/s/AKfycbyEg7C5ZKjgkReinWdFyaSxp1lhEGgTAnmLWPQaMGhJpB9quv2v7hbbKNz6QFS_zvy0Lw/exec?p=neural-revive-reviews-the-truth-about-the-7-second-audio,https://abretas.github.io/health-reviews-directory-2026/p/neural-revive-reviews-the-truth-about-the-7-second-audio.html
787,Neural Wealth Review: Attract Wealth & Prosperity Today,https://script.google.com/macros/s/AKfycbyEg7C5ZKjgkReinWdFyaSxp1lhEGgTAnmLWPQaMGhJpB9quv2v7hbbKNz6QFS_zvy0Lw/exec?p=neural-wealth-review-attract-wealth-prosperity-today,https://abretas.github.io/health-reviews-directory-2026/p/neural-wealth-review-attract-wealth-prosperity-today.html
788,Neuro Balance Therapy Review: (Is it Good,https://script.google.com/macros/s/AKfycbyEg7C5ZKjgkReinWdFyaSxp1lhEGgTAnmLWPQaMGhJpB9quv2v7hbbKNz6QFS_zvy0Lw/exec?p=neuro-balance-therapy-review-is-it-good,https://abretas.github.io/health-reviews-directory-2026/p/neuro-balance-therapy-review-is-it-good.html
789,Neuro Balance Therapy Review: Stability Solution for Seniors,https://script.google.com/macros/s/AKfycbyEg7C5ZKjgkReinWdFyaSxp1lhEGgTAnmLWPQaMGhJpB9quv2v7hbbKNz6QFS_zvy0Lw/exec?p=neuro-balance-therapy-review-stability-solution-for-seniors,https://abretas.github.io/health-reviews-directory-2026/p/neuro-balance-therapy-review-stability-solution-for-seniors.html
790,Neuro Calm Pro : Is It Worth It,https://script.google.com/macros/s/AKfycbyEg7C5ZKjgkReinWdFyaSxp1lhEGgTAnmLWPQaMGhJpB9quv2v7hbbKNz6QFS_zvy0Lw/exec?p=neuro-calm-pro-is-it-worth-it,https://abretas.github.io/health-reviews-directory-2026/p/neuro-calm-pro-is-it-worth-it.html
791,Neuro Energizer Reviews  2026 – Is It Worth Buying?,https://script.google.com/macros/s/AKfycbyEg7C5ZKjgkReinWdFyaSxp1lhEGgTAnmLWPQaMGhJpB9quv2v7hbbKNz6QFS_zvy0Lw/exec?p=neuro-energizer-reviews-2026-is-it-worth-buying,https://abretas.github.io/health-reviews-directory-2026/p/neuro-energizer-reviews-2026-is-it-worth-buying.html
792,Neuro Energizer Reviews 2026 – Is It Legit or a Scam?,https://script.google.com/macros/s/AKfycbyEg7C5ZKjgkReinWdFyaSxp1lhEGgTAnmLWPQaMGhJpB9quv2v7hbbKNz6QFS_zvy0Lw/exec?p=neuro-energizer-reviews-2026-is-it-legit-or-a-scam,https://abretas.github.io/health-reviews-directory-2026/p/neuro-energizer-reviews-2026-is-it-legit-or-a-scam.html
793,Neuro Energizer Reviews 2026: I Tried It For 30 Days,https://script.google.com/macros/s/AKfycbyEg7C5ZKjgkReinWdFyaSxp1lhEGgTAnmLWPQaMGhJpB9quv2v7hbbKNz6QFS_zvy0Lw/exec?p=neuro-energizer-reviews-2026-i-tried-it-for-30-days,https://abretas.github.io/health-reviews-directory-2026/p/neuro-energizer-reviews-2026-i-tried-it-for-30-days.html
794,Neuro Peak Review: Proven Brain Supplement That Really Works,https://script.google.com/macros/s/AKfycbyEg7C5ZKjgkReinWdFyaSxp1lhEGgTAnmLWPQaMGhJpB9quv2v7hbbKNz6QFS_zvy0Lw/exec?p=neuro-peak-review-proven-brain-supplement-that-really-works,https://abretas.github.io/health-reviews-directory-2026/p/neuro-peak-review-proven-brain-supplement-that-really-works.html
795,Neuro Plus Reviews & Complaints 2026 | Is It Worth it?,https://script.google.com/macros/s/AKfycbyEg7C5ZKjgkReinWdFyaSxp1lhEGgTAnmLWPQaMGhJpB9quv2v7hbbKNz6QFS_zvy0Lw/exec?p=neuro-plus-reviews-complaints-2026-is-it-worth-it,https://abretas.github.io/health-reviews-directory-2026/p/neuro-plus-reviews-complaints-2026-is-it-worth-it.html
796,Neuro Plus Reviews & Complaints | Is It Worth It?,https://script.google.com/macros/s/AKfycbyEg7C5ZKjgkReinWdFyaSxp1lhEGgTAnmLWPQaMGhJpB9quv2v7hbbKNz6QFS_zvy0Lw/exec?p=neuro-plus-reviews-complaints-is-it-worth-it,https://abretas.github.io/health-reviews-directory-2026/p/neuro-plus-reviews-complaints-is-it-worth-it.html
797,Neuro Sharp Reviews 2026 | Is It Worth Buying? The Truth,https://script.google.com/macros/s/AKfycbyEg7C5ZKjgkReinWdFyaSxp1lhEGgTAnmLWPQaMGhJpB9quv2v7hbbKNz6QFS_zvy0Lw/exec?p=neuro-sharp-reviews-2026-is-it-worth-buying-the-truth,https://abretas.github.io/health-reviews-directory-2026/p/neuro-sharp-reviews-2026-is-it-worth-buying-the-truth.html
798,Neuro Surge Review: Ultimate Supplement For Your Brain,https://script.google.com/macros/s/AKfycbyEg7C5ZKjgkReinWdFyaSxp1lhEGgTAnmLWPQaMGhJpB9quv2v7hbbKNz6QFS_zvy0Lw/exec?p=neuro-surge-review-ultimate-supplement-for-your-brain,https://abretas.github.io/health-reviews-directory-2026/p/neuro-surge-review-ultimate-supplement-for-your-brain.html
799,Neuro Surge Reviews & Complaints 2026 | Is It Worth it?,https://script.google.com/macros/s/AKfycbyEg7C5ZKjgkReinWdFyaSxp1lhEGgTAnmLWPQaMGhJpB9quv2v7hbbKNz6QFS_zvy0Lw/exec?p=neuro-surge-reviews-complaints-2026-is-it-worth-it,https://abretas.github.io/health-reviews-directory-2026/p/neuro-surge-reviews-complaints-2026-is-it-worth-it.html
800,Neuro Surge Reviews [2026]: Scam or Legit,https://script.google.com/macros/s/AKfycbyEg7C5ZKjgkReinWdFyaSxp1lhEGgTAnmLWPQaMGhJpB9quv2v7hbbKNz6QFS_zvy0Lw/exec?p=neuro-surge-reviews-2026-scam-or-legit,https://abretas.github.io/health-reviews-directory-2026/p/neuro-surge-reviews-2026-scam-or-legit.html
801,Neuro Thrive Review: Ground-Breaking Brain Supplement That Works,https://script.google.com/macros/s/AKfycbyEg7C5ZKjgkReinWdFyaSxp1lhEGgTAnmLWPQaMGhJpB9quv2v7hbbKNz6QFS_zvy0Lw/exec?p=neuro-thrive-review-ground-breaking-brain-supplement-that-works,https://abretas.github.io/health-reviews-directory-2026/p/neuro-thrive-review-ground-breaking-brain-supplement-that-works.html
802,Neuro-Balance Therapy Reviews,https://script.google.com/macros/s/AKfycbyEg7C5ZKjgkReinWdFyaSxp1lhEGgTAnmLWPQaMGhJpB9quv2v7hbbKNz6QFS_zvy0Lw/exec?p=neuro-balance-therapy-reviews,https://abretas.github.io/health-reviews-directory-2026/p/neuro-balance-therapy-reviews.html
803,Neuro-Balance Therapy Reviews & Complaints 2026 | Is It Scam?,https://script.google.com/macros/s/AKfycbyEg7C5ZKjgkReinWdFyaSxp1lhEGgTAnmLWPQaMGhJpB9quv2v7hbbKNz6QFS_zvy0Lw/exec?p=neuro-balance-therapy-reviews-complaints-2026-is-it-scam,https://abretas.github.io/health-reviews-directory-2026/p/neuro-balance-therapy-reviews-complaints-2026-is-it-scam.html
804,Neuro-Balance Therapy Reviews & Complaints 2026 | Is It Worth It?,https://script.google.com/macros/s/AKfycbyEg7C5ZKjgkReinWdFyaSxp1lhEGgTAnmLWPQaMGhJpB9quv2v7hbbKNz6QFS_zvy0Lw/exec?p=neuro-balance-therapy-reviews-complaints-2026-is-it-worth-it,https://abretas.github.io/health-reviews-directory-2026/p/neuro-balance-therapy-reviews-complaints-2026-is-it-worth-it.html
805,Neuro-Thrive Brain Support Review: Proven Brain Supplement,https://script.google.com/macros/s/AKfycbyEg7C5ZKjgkReinWdFyaSxp1lhEGgTAnmLWPQaMGhJpB9quv2v7hbbKNz6QFS_zvy0Lw/exec?p=neuro-thrive-brain-support-review-proven-brain-supplement,https://abretas.github.io/health-reviews-directory-2026/p/neuro-thrive-brain-support-review-proven-brain-supplement.html
806,Neuro-Thrive Reviews,https://script.google.com/macros/s/AKfycbyEg7C5ZKjgkReinWdFyaSxp1lhEGgTAnmLWPQaMGhJpB9quv2v7hbbKNz6QFS_zvy0Lw/exec?p=neuro-thrive-reviews,https://abretas.github.io/health-reviews-directory-2026/p/neuro-thrive-reviews.html
807,NeuroFuel Reviews,https://script.google.com/macros/s/AKfycbyEg7C5ZKjgkReinWdFyaSxp1lhEGgTAnmLWPQaMGhJpB9quv2v7hbbKNz6QFS_zvy0Lw/exec?p=neurofuel-reviews,https://abretas.github.io/health-reviews-directory-2026/p/neurofuel-reviews.html
808,NeuroPrime Review 2026: Is It Worth Trying or Scam?,https://script.google.com/macros/s/AKfycbyEg7C5ZKjgkReinWdFyaSxp1lhEGgTAnmLWPQaMGhJpB9quv2v7hbbKNz6QFS_zvy0Lw/exec?p=neuroprime-review-2026-is-it-worth-trying-or-scam,https://abretas.github.io/health-reviews-directory-2026/p/neuroprime-review-2026-is-it-worth-trying-or-scam.html
809,NeuroPrime Reviews,https://script.google.com/macros/s/AKfycbyEg7C5ZKjgkReinWdFyaSxp1lhEGgTAnmLWPQaMGhJpB9quv2v7hbbKNz6QFS_zvy0Lw/exec?p=neuroprime-reviews,https://abretas.github.io/health-reviews-directory-2026/p/neuroprime-reviews.html
810,NeuroPrime Reviews & Complaints 2026 | Is It Worth It?,https://script.google.com/macros/s/AKfycbyEg7C5ZKjgkReinWdFyaSxp1lhEGgTAnmLWPQaMGhJpB9quv2v7hbbKNz6QFS_zvy0Lw/exec?p=neuroprime-reviews-complaints-2026-is-it-worth-it,https://abretas.github.io/health-reviews-directory-2026/p/neuroprime-reviews-complaints-2026-is-it-worth-it.html
811,NeuroPrime Reviews | Complaints 2026 Is It Worth Buying?,https://script.google.com/macros/s/AKfycbyEg7C5ZKjgkReinWdFyaSxp1lhEGgTAnmLWPQaMGhJpB9quv2v7hbbKNz6QFS_zvy0Lw/exec?p=neuroprime-reviews-complaints-2026-is-it-worth-buying,https://abretas.github.io/health-reviews-directory-2026/p/neuroprime-reviews-complaints-2026-is-it-worth-buying.html
812,NeuroPrime Reviews – Last Updated 2026 — Still Worth It?,https://script.google.com/macros/s/AKfycbyEg7C5ZKjgkReinWdFyaSxp1lhEGgTAnmLWPQaMGhJpB9quv2v7hbbKNz6QFS_zvy0Lw/exec?p=neuroprime-reviews-last-updated-2026-still-worth-it,https://abretas.github.io/health-reviews-directory-2026/p/neuroprime-reviews-last-updated-2026-still-worth-it.html
813,"NeuroPrime Reviews: A Comprehensive Analysis on Ingredients, Benefits & Side Effects",https://script.google.com/macros/s/AKfycbyEg7C5ZKjgkReinWdFyaSxp1lhEGgTAnmLWPQaMGhJpB9quv2v7hbbKNz6QFS_zvy0Lw/exec?p=neuroprime-reviews-a-comprehensive-analysis-on-ingredients-benefits-side-effects,https://abretas.github.io/health-reviews-directory-2026/p/neuroprime-reviews-a-comprehensive-analysis-on-ingredients-benefits-side-effects.html
814,NeuroPure Review: Enhance Cognitive Function and Nerve Health,https://script.google.com/macros/s/AKfycbyEg7C5ZKjgkReinWdFyaSxp1lhEGgTAnmLWPQaMGhJpB9quv2v7hbbKNz6QFS_zvy0Lw/exec?p=neuropure-review-enhance-cognitive-function-and-nerve-health,https://abretas.github.io/health-reviews-directory-2026/p/neuropure-review-enhance-cognitive-function-and-nerve-health.html
815,NeuroQuiet Review: Proven Hearing Supplement That Works,https://script.google.com/macros/s/AKfycbyEg7C5ZKjgkReinWdFyaSxp1lhEGgTAnmLWPQaMGhJpB9quv2v7hbbKNz6QFS_zvy0Lw/exec?p=neuroquiet-review-proven-hearing-supplement-that-works,https://abretas.github.io/health-reviews-directory-2026/p/neuroquiet-review-proven-hearing-supplement-that-works.html
816,NeuroQuiet Reviews,https://script.google.com/macros/s/AKfycbyEg7C5ZKjgkReinWdFyaSxp1lhEGgTAnmLWPQaMGhJpB9quv2v7hbbKNz6QFS_zvy0Lw/exec?p=neuroquiet-reviews,https://abretas.github.io/health-reviews-directory-2026/p/neuroquiet-reviews.html
817,NeuroQuiet Reviews & Complaints 2026 | Experts Advice,https://script.google.com/macros/s/AKfycbyEg7C5ZKjgkReinWdFyaSxp1lhEGgTAnmLWPQaMGhJpB9quv2v7hbbKNz6QFS_zvy0Lw/exec?p=neuroquiet-reviews-complaints-2026-experts-advice,https://abretas.github.io/health-reviews-directory-2026/p/neuroquiet-reviews-complaints-2026-experts-advice.html
818,NeuroQuiet Reviews & Complaints 2026 | Is It Worth it?,https://script.google.com/macros/s/AKfycbyEg7C5ZKjgkReinWdFyaSxp1lhEGgTAnmLWPQaMGhJpB9quv2v7hbbKNz6QFS_zvy0Lw/exec?p=neuroquiet-reviews-complaints-2026-is-it-worth-it,https://abretas.github.io/health-reviews-directory-2026/p/neuroquiet-reviews-complaints-2026-is-it-worth-it.html
819,NeuroQuiet Reviews & Complaints 2026 | Is it Scam?,https://script.google.com/macros/s/AKfycbyEg7C5ZKjgkReinWdFyaSxp1lhEGgTAnmLWPQaMGhJpB9quv2v7hbbKNz6QFS_zvy0Lw/exec?p=neuroquiet-reviews-complaints-2026-is-it-scam,https://abretas.github.io/health-reviews-directory-2026/p/neuroquiet-reviews-complaints-2026-is-it-scam.html
820,NeuroQuiet Reviews & Complaints 2026 | Is it Worth Buying?,https://script.google.com/macros/s/AKfycbyEg7C5ZKjgkReinWdFyaSxp1lhEGgTAnmLWPQaMGhJpB9quv2v7hbbKNz6QFS_zvy0Lw/exec?p=neuroquiet-reviews-complaints-2026-is-it-worth-buying,https://abretas.github.io/health-reviews-directory-2026/p/neuroquiet-reviews-complaints-2026-is-it-worth-buying.html
821,NeuroQuiet Reviews & Complaints | Is It Worth It?,https://script.google.com/macros/s/AKfycbyEg7C5ZKjgkReinWdFyaSxp1lhEGgTAnmLWPQaMGhJpB9quv2v7hbbKNz6QFS_zvy0Lw/exec?p=neuroquiet-reviews-complaints-is-it-worth-it,https://abretas.github.io/health-reviews-directory-2026/p/neuroquiet-reviews-complaints-is-it-worth-it.html
822,NeuroQuiet Reviews 2026 | Is it Worth Buying?,https://script.google.com/macros/s/AKfycbyEg7C5ZKjgkReinWdFyaSxp1lhEGgTAnmLWPQaMGhJpB9quv2v7hbbKNz6QFS_zvy0Lw/exec?p=neuroquiet-reviews-2026-is-it-worth-buying,https://abretas.github.io/health-reviews-directory-2026/p/neuroquiet-reviews-2026-is-it-worth-buying.html
823,NeuroQuiet Reviews Reviews & Complaints 2026 | Is It Worth it?,https://script.google.com/macros/s/AKfycbyEg7C5ZKjgkReinWdFyaSxp1lhEGgTAnmLWPQaMGhJpB9quv2v7hbbKNz6QFS_zvy0Lw/exec?p=neuroquiet-reviews-reviews-complaints-2026-is-it-worth-it,https://abretas.github.io/health-reviews-directory-2026/p/neuroquiet-reviews-reviews-complaints-2026-is-it-worth-it.html
824,NeuroQuiet Reviews – Is It Really Worth Trying?,https://script.google.com/macros/s/AKfycbyEg7C5ZKjgkReinWdFyaSxp1lhEGgTAnmLWPQaMGhJpB9quv2v7hbbKNz6QFS_zvy0Lw/exec?p=neuroquiet-reviews-is-it-really-worth-trying,https://abretas.github.io/health-reviews-directory-2026/p/neuroquiet-reviews-is-it-really-worth-trying.html
825,NeuroQuiet Reviews – Is It Worth Buying? User Opinion!,https://script.google.com/macros/s/AKfycbyEg7C5ZKjgkReinWdFyaSxp1lhEGgTAnmLWPQaMGhJpB9quv2v7hbbKNz6QFS_zvy0Lw/exec?p=neuroquiet-reviews-is-it-worth-buying-user-opinion,https://abretas.github.io/health-reviews-directory-2026/p/neuroquiet-reviews-is-it-worth-buying-user-opinion.html
826,NeuroQuiet Reviews – Is It Worth the Hype?,https://script.google.com/macros/s/AKfycbyEg7C5ZKjgkReinWdFyaSxp1lhEGgTAnmLWPQaMGhJpB9quv2v7hbbKNz6QFS_zvy0Lw/exec?p=neuroquiet-reviews-is-it-worth-the-hype,https://abretas.github.io/health-reviews-directory-2026/p/neuroquiet-reviews-is-it-worth-the-hype.html
827,NeuroQuiet Reviews – Last Updated 2026 — Still Worth It?,https://script.google.com/macros/s/AKfycbyEg7C5ZKjgkReinWdFyaSxp1lhEGgTAnmLWPQaMGhJpB9quv2v7hbbKNz6QFS_zvy0Lw/exec?p=neuroquiet-reviews-last-updated-2026-still-worth-it,https://abretas.github.io/health-reviews-directory-2026/p/neuroquiet-reviews-last-updated-2026-still-worth-it.html
828,NeuroQuiet Reviews – Scam or Legit? Read This Before Buying,https://script.google.com/macros/s/AKfycbyEg7C5ZKjgkReinWdFyaSxp1lhEGgTAnmLWPQaMGhJpB9quv2v7hbbKNz6QFS_zvy0Lw/exec?p=neuroquiet-reviews-scam-or-legit-read-this-before-buying,https://abretas.github.io/health-reviews-directory-2026/p/neuroquiet-reviews-scam-or-legit-read-this-before-buying.html
829,NeuroQuiet Reviews: Can It Help Restore Hearing Clarity?,https://script.google.com/macros/s/AKfycbyEg7C5ZKjgkReinWdFyaSxp1lhEGgTAnmLWPQaMGhJpB9quv2v7hbbKNz6QFS_zvy0Lw/exec?p=neuroquiet-reviews-can-it-help-restore-hearing-clarity,https://abretas.github.io/health-reviews-directory-2026/p/neuroquiet-reviews-can-it-help-restore-hearing-clarity.html
830,NeuroTest Review: Effective Testo Supplement,https://script.google.com/macros/s/AKfycbyEg7C5ZKjgkReinWdFyaSxp1lhEGgTAnmLWPQaMGhJpB9quv2v7hbbKNz6QFS_zvy0Lw/exec?p=neurotest-review-effective-testo-supplement,https://abretas.github.io/health-reviews-directory-2026/p/neurotest-review-effective-testo-supplement.html
831,NeuroZoom Review: The Ultimate Cognitive Companion For Brain,https://script.google.com/macros/s/AKfycbyEg7C5ZKjgkReinWdFyaSxp1lhEGgTAnmLWPQaMGhJpB9quv2v7hbbKNz6QFS_zvy0Lw/exec?p=neurozoom-review-the-ultimate-cognitive-companion-for-brain,https://abretas.github.io/health-reviews-directory-2026/p/neurozoom-review-the-ultimate-cognitive-companion-for-brain.html
832,NeuroZoom Reviews: A Science-Backed Formula for Better Concentration and Benefits and Ingredients,https://script.google.com/macros/s/AKfycbyEg7C5ZKjgkReinWdFyaSxp1lhEGgTAnmLWPQaMGhJpB9quv2v7hbbKNz6QFS_zvy0Lw/exec?p=neurozoom-reviews-a-science-backed-formula-for-better-concentration-and-benefits-and-ingredients,https://abretas.github.io/health-reviews-directory-2026/p/neurozoom-reviews-a-science-backed-formula-for-better-concentration-and-benefits-and-ingredients.html
833,Neurodrine Review: Proven Brain Enhancement Supplement That Works,https://script.google.com/macros/s/AKfycbyEg7C5ZKjgkReinWdFyaSxp1lhEGgTAnmLWPQaMGhJpB9quv2v7hbbKNz6QFS_zvy0Lw/exec?p=neurodrine-review-proven-brain-enhancement-supplement-that-works,https://abretas.github.io/health-reviews-directory-2026/p/neurodrine-review-proven-brain-enhancement-supplement-that-works.html
834,Neuropathy No More Review: Proven Treatment For Nerve Related Problems,https://script.google.com/macros/s/AKfycbyEg7C5ZKjgkReinWdFyaSxp1lhEGgTAnmLWPQaMGhJpB9quv2v7hbbKNz6QFS_zvy0Lw/exec?p=neuropathy-no-more-review-proven-treatment-for-nerve-related-problems,https://abretas.github.io/health-reviews-directory-2026/p/neuropathy-no-more-review-proven-treatment-for-nerve-related-problems.html
835,Neuropathy No More Reviews,https://script.google.com/macros/s/AKfycbyEg7C5ZKjgkReinWdFyaSxp1lhEGgTAnmLWPQaMGhJpB9quv2v7hbbKNz6QFS_zvy0Lw/exec?p=neuropathy-no-more-reviews,https://abretas.github.io/health-reviews-directory-2026/p/neuropathy-no-more-reviews.html
836,Neuroquiet Reviews Scam Or Legit Read This Before Buying 2,https://script.google.com/macros/s/AKfycbyEg7C5ZKjgkReinWdFyaSxp1lhEGgTAnmLWPQaMGhJpB9quv2v7hbbKNz6QFS_zvy0Lw/exec?p=neuroquiet-reviews-scam-or-legit-read-this-before-buying-2,https://abretas.github.io/health-reviews-directory-2026/p/neuroquiet-reviews-scam-or-legit-read-this-before-buying-2.html
837,Neuroxen Reviews [2026]: Is It a Scam or Legit Brain Support,https://script.google.com/macros/s/AKfycbyEg7C5ZKjgkReinWdFyaSxp1lhEGgTAnmLWPQaMGhJpB9quv2v7hbbKNz6QFS_zvy0Lw/exec?p=neuroxen-reviews-2026-is-it-a-scam-or-legit-brain-support,https://abretas.github.io/health-reviews-directory-2026/p/neuroxen-reviews-2026-is-it-a-scam-or-legit-brain-support.html
838,Nidra Abundance Code Review: Consciousness to Manifest Abundance,https://script.google.com/macros/s/AKfycbyEg7C5ZKjgkReinWdFyaSxp1lhEGgTAnmLWPQaMGhJpB9quv2v7hbbKNz6QFS_zvy0Lw/exec?p=nidra-abundance-code-review-consciousness-to-manifest-abundance,https://abretas.github.io/health-reviews-directory-2026/p/nidra-abundance-code-review-consciousness-to-manifest-abundance.html
839,NiteHush Pro Review: A Breakthrough Supplement For Snore-Free Nights,https://script.google.com/macros/s/AKfycbyEg7C5ZKjgkReinWdFyaSxp1lhEGgTAnmLWPQaMGhJpB9quv2v7hbbKNz6QFS_zvy0Lw/exec?p=nitehush-pro-review-a-breakthrough-supplement-for-snore-free-nights,https://abretas.github.io/health-reviews-directory-2026/p/nitehush-pro-review-a-breakthrough-supplement-for-snore-free-nights.html
840,Nitric Boost Ultra Reviews & Complaints 2026 | Experts Advice,https://script.google.com/macros/s/AKfycbyEg7C5ZKjgkReinWdFyaSxp1lhEGgTAnmLWPQaMGhJpB9quv2v7hbbKNz6QFS_zvy0Lw/exec?p=nitric-boost-ultra-reviews-complaints-2026-experts-advice,https://abretas.github.io/health-reviews-directory-2026/p/nitric-boost-ultra-reviews-complaints-2026-experts-advice.html
841,Nitric Boost Ultra Reviews & Complaints 2026 | Is it Scam?,https://script.google.com/macros/s/AKfycbyEg7C5ZKjgkReinWdFyaSxp1lhEGgTAnmLWPQaMGhJpB9quv2v7hbbKNz6QFS_zvy0Lw/exec?p=nitric-boost-ultra-reviews-complaints-2026-is-it-scam,https://abretas.github.io/health-reviews-directory-2026/p/nitric-boost-ultra-reviews-complaints-2026-is-it-scam.html
842,Nitric Boost Ultra Reviews & Complaints | Is It Effective?,https://script.google.com/macros/s/AKfycbyEg7C5ZKjgkReinWdFyaSxp1lhEGgTAnmLWPQaMGhJpB9quv2v7hbbKNz6QFS_zvy0Lw/exec?p=nitric-boost-ultra-reviews-complaints-is-it-effective,https://abretas.github.io/health-reviews-directory-2026/p/nitric-boost-ultra-reviews-complaints-is-it-effective.html
843,Nitric Boost Ultra Reviews 2026 | Is It Legit or Scam?,https://script.google.com/macros/s/AKfycbyEg7C5ZKjgkReinWdFyaSxp1lhEGgTAnmLWPQaMGhJpB9quv2v7hbbKNz6QFS_zvy0Lw/exec?p=nitric-boost-ultra-reviews-2026-is-it-legit-or-scam,https://abretas.github.io/health-reviews-directory-2026/p/nitric-boost-ultra-reviews-2026-is-it-legit-or-scam.html
844,Nitric Boost Ultra Reviews | Is It Legit & Worth Trying?,https://script.google.com/macros/s/AKfycbyEg7C5ZKjgkReinWdFyaSxp1lhEGgTAnmLWPQaMGhJpB9quv2v7hbbKNz6QFS_zvy0Lw/exec?p=nitric-boost-ultra-reviews-is-it-legit-worth-trying,https://abretas.github.io/health-reviews-directory-2026/p/nitric-boost-ultra-reviews-is-it-legit-worth-trying.html
845,Nitric Boost Ultra Reviews – Is This Worth Your Money?,https://script.google.com/macros/s/AKfycbyEg7C5ZKjgkReinWdFyaSxp1lhEGgTAnmLWPQaMGhJpB9quv2v7hbbKNz6QFS_zvy0Lw/exec?p=nitric-boost-ultra-reviews-is-this-worth-your-money,https://abretas.github.io/health-reviews-directory-2026/p/nitric-boost-ultra-reviews-is-this-worth-your-money.html
846,"Nitric Boost Ultra Reviews: 2026 Ingredients, Benefits, Pros and Cons, Safety, Efficacy",https://script.google.com/macros/s/AKfycbyEg7C5ZKjgkReinWdFyaSxp1lhEGgTAnmLWPQaMGhJpB9quv2v7hbbKNz6QFS_zvy0Lw/exec?p=nitric-boost-ultra-reviews-2026-ingredients-benefits-pros-and-cons-safety-efficacy,https://abretas.github.io/health-reviews-directory-2026/p/nitric-boost-ultra-reviews-2026-ingredients-benefits-pros-and-cons-safety-efficacy.html
847,Nitric Boost Ultra Reviews | Is it a Scam? Honest Analysis,https://script.google.com/macros/s/AKfycbyEg7C5ZKjgkReinWdFyaSxp1lhEGgTAnmLWPQaMGhJpB9quv2v7hbbKNz6QFS_zvy0Lw/exec?p=nitric-boost-ultra-reviews-is-it-a-scam-honest-analysis,https://abretas.github.io/health-reviews-directory-2026/p/nitric-boost-ultra-reviews-is-it-a-scam-honest-analysis.html
848,Nutraville Amyl Guard Reviews,https://script.google.com/macros/s/AKfycbyEg7C5ZKjgkReinWdFyaSxp1lhEGgTAnmLWPQaMGhJpB9quv2v7hbbKNz6QFS_zvy0Lw/exec?p=nutraville-amyl-guard-reviews,https://abretas.github.io/health-reviews-directory-2026/p/nutraville-amyl-guard-reviews.html
849,Ocuprime Review: The Ultimate Solution for Eye Health,https://script.google.com/macros/s/AKfycbyEg7C5ZKjgkReinWdFyaSxp1lhEGgTAnmLWPQaMGhJpB9quv2v7hbbKNz6QFS_zvy0Lw/exec?p=ocuprime-review-the-ultimate-solution-for-eye-health,https://abretas.github.io/health-reviews-directory-2026/p/ocuprime-review-the-ultimate-solution-for-eye-health.html
850,Okinawa Flat Belly Tonic Reviews & Complaints 2026 | Is It Worth It?,https://script.google.com/macros/s/AKfycbyEg7C5ZKjgkReinWdFyaSxp1lhEGgTAnmLWPQaMGhJpB9quv2v7hbbKNz6QFS_zvy0Lw/exec?p=okinawa-flat-belly-tonic-reviews-complaints-2026-is-it-worth-it,https://abretas.github.io/health-reviews-directory-2026/p/okinawa-flat-belly-tonic-reviews-complaints-2026-is-it-worth-it.html
851,Okinawa Flat Belly Tonic Reviews 2026 | Is It Legit or Scam?,https://script.google.com/macros/s/AKfycbyEg7C5ZKjgkReinWdFyaSxp1lhEGgTAnmLWPQaMGhJpB9quv2v7hbbKNz6QFS_zvy0Lw/exec?p=okinawa-flat-belly-tonic-reviews-2026-is-it-legit-or-scam,https://abretas.github.io/health-reviews-directory-2026/p/okinawa-flat-belly-tonic-reviews-2026-is-it-legit-or-scam.html
852,Old School New Body Review: How To Look 10 Years Younger,https://script.google.com/macros/s/AKfycbyEg7C5ZKjgkReinWdFyaSxp1lhEGgTAnmLWPQaMGhJpB9quv2v7hbbKNz6QFS_zvy0Lw/exec?p=old-school-new-body-review-how-to-look-10-years-younger,https://abretas.github.io/health-reviews-directory-2026/p/old-school-new-body-review-how-to-look-10-years-younger.html
853,Olivine Weight Loss Supplement Review,https://script.google.com/macros/s/AKfycbyEg7C5ZKjgkReinWdFyaSxp1lhEGgTAnmLWPQaMGhJpB9quv2v7hbbKNz6QFS_zvy0Lw/exec?p=olivine-weight-loss-supplement-review,https://abretas.github.io/health-reviews-directory-2026/p/olivine-weight-loss-supplement-review.html
854,One Click Manifest Review: Ground Braking Manifestation Program,https://script.google.com/macros/s/AKfycbyEg7C5ZKjgkReinWdFyaSxp1lhEGgTAnmLWPQaMGhJpB9quv2v7hbbKNz6QFS_zvy0Lw/exec?p=one-click-manifest-review-ground-braking-manifestation-program,https://abretas.github.io/health-reviews-directory-2026/p/one-click-manifest-review-ground-braking-manifestation-program.html
855,Oradentum Reviews & Compaints 2026 | Is It Worth Buying?,https://script.google.com/macros/s/AKfycbyEg7C5ZKjgkReinWdFyaSxp1lhEGgTAnmLWPQaMGhJpB9quv2v7hbbKNz6QFS_zvy0Lw/exec?p=oradentum-reviews-compaints-2026-is-it-worth-buying,https://abretas.github.io/health-reviews-directory-2026/p/oradentum-reviews-compaints-2026-is-it-worth-buying.html
856,OrexiBurn Review: Proven Fat Burning Supplement That Works,https://script.google.com/macros/s/AKfycbyEg7C5ZKjgkReinWdFyaSxp1lhEGgTAnmLWPQaMGhJpB9quv2v7hbbKNz6QFS_zvy0Lw/exec?p=orexiburn-review-proven-fat-burning-supplement-that-works,https://abretas.github.io/health-reviews-directory-2026/p/orexiburn-review-proven-fat-burning-supplement-that-works.html
857,Organifi Green Juice Review: The Ultimate Superfood Drink,https://script.google.com/macros/s/AKfycbyEg7C5ZKjgkReinWdFyaSxp1lhEGgTAnmLWPQaMGhJpB9quv2v7hbbKNz6QFS_zvy0Lw/exec?p=organifi-green-juice-review-the-ultimate-superfood-drink,https://abretas.github.io/health-reviews-directory-2026/p/organifi-green-juice-review-the-ultimate-superfood-drink.html
858,Orgone Energy Motor Review: Ideal Portable Generator That Works,https://script.google.com/macros/s/AKfycbyEg7C5ZKjgkReinWdFyaSxp1lhEGgTAnmLWPQaMGhJpB9quv2v7hbbKNz6QFS_zvy0Lw/exec?p=orgone-energy-motor-review-ideal-portable-generator-that-works,https://abretas.github.io/health-reviews-directory-2026/p/orgone-energy-motor-review-ideal-portable-generator-that-works.html
859,Orgone Motor Reviews | Does It Really Work? Honest Analysis,https://script.google.com/macros/s/AKfycbyEg7C5ZKjgkReinWdFyaSxp1lhEGgTAnmLWPQaMGhJpB9quv2v7hbbKNz6QFS_zvy0Lw/exec?p=orgone-motor-reviews-does-it-really-work-honest-analysis,https://abretas.github.io/health-reviews-directory-2026/p/orgone-motor-reviews-does-it-really-work-honest-analysis.html
860,Oshea's Angelic Tarot Review: Revealing the Truth Behind the Cards,https://script.google.com/macros/s/AKfycbyEg7C5ZKjgkReinWdFyaSxp1lhEGgTAnmLWPQaMGhJpB9quv2v7hbbKNz6QFS_zvy0Lw/exec?p=oshea-s-angelic-tarot-review-revealing-the-truth-behind-the-cards,https://abretas.github.io/health-reviews-directory-2026/p/oshea-s-angelic-tarot-review-revealing-the-truth-behind-the-cards.html
861,Ovarian Cyst Miracle Review: Wired Trick Treats Ovarian Cysts Naturally,https://script.google.com/macros/s/AKfycbyEg7C5ZKjgkReinWdFyaSxp1lhEGgTAnmLWPQaMGhJpB9quv2v7hbbKNz6QFS_zvy0Lw/exec?p=ovarian-cyst-miracle-review-wired-trick-treats-ovarian-cysts-naturally,https://abretas.github.io/health-reviews-directory-2026/p/ovarian-cyst-miracle-review-wired-trick-treats-ovarian-cysts-naturally.html
862,PX7 Primal Flow Reviews,https://script.google.com/macros/s/AKfycbyEg7C5ZKjgkReinWdFyaSxp1lhEGgTAnmLWPQaMGhJpB9quv2v7hbbKNz6QFS_zvy0Lw/exec?p=px7-primal-flow-reviews,https://abretas.github.io/health-reviews-directory-2026/p/px7-primal-flow-reviews.html
863,Patriot's Self Defense Review: Protect Your Loved Ones from Assailants,https://script.google.com/macros/s/AKfycbyEg7C5ZKjgkReinWdFyaSxp1lhEGgTAnmLWPQaMGhJpB9quv2v7hbbKNz6QFS_zvy0Lw/exec?p=patriot-s-self-defense-review-protect-your-loved-ones-from-assailants,https://abretas.github.io/health-reviews-directory-2026/p/patriot-s-self-defense-review-protect-your-loved-ones-from-assailants.html
864,PawBiotix Reviews & Complaints 2026 | Is it Worth Buying?,https://script.google.com/macros/s/AKfycbyEg7C5ZKjgkReinWdFyaSxp1lhEGgTAnmLWPQaMGhJpB9quv2v7hbbKNz6QFS_zvy0Lw/exec?p=pawbiotix-reviews-complaints-2026-is-it-worth-buying,https://abretas.github.io/health-reviews-directory-2026/p/pawbiotix-reviews-complaints-2026-is-it-worth-buying.html
865,PawBiotix Reviews & Complaints| Is It Really Effective?,https://script.google.com/macros/s/AKfycbyEg7C5ZKjgkReinWdFyaSxp1lhEGgTAnmLWPQaMGhJpB9quv2v7hbbKNz6QFS_zvy0Lw/exec?p=pawbiotix-reviews-complaints-is-it-really-effective,https://abretas.github.io/health-reviews-directory-2026/p/pawbiotix-reviews-complaints-is-it-really-effective.html
866,Pawbiotix Review: Unique Pet Probiotic Formula That Works,https://script.google.com/macros/s/AKfycbyEg7C5ZKjgkReinWdFyaSxp1lhEGgTAnmLWPQaMGhJpB9quv2v7hbbKNz6QFS_zvy0Lw/exec?p=pawbiotix-review-unique-pet-probiotic-formula-that-works,https://abretas.github.io/health-reviews-directory-2026/p/pawbiotix-review-unique-pet-probiotic-formula-that-works.html
867,Penis Enlargement Bible Review Proven Method For Manhood 2,https://script.google.com/macros/s/AKfycbyEg7C5ZKjgkReinWdFyaSxp1lhEGgTAnmLWPQaMGhJpB9quv2v7hbbKNz6QFS_zvy0Lw/exec?p=penis-enlargement-bible-review-proven-method-for-manhood-2,https://abretas.github.io/health-reviews-directory-2026/p/penis-enlargement-bible-review-proven-method-for-manhood-2.html
868,Penis Enlargement Bible Review: Proven Method For Manhood,https://script.google.com/macros/s/AKfycbyEg7C5ZKjgkReinWdFyaSxp1lhEGgTAnmLWPQaMGhJpB9quv2v7hbbKNz6QFS_zvy0Lw/exec?p=penis-enlargement-bible-review-proven-method-for-manhood,https://abretas.github.io/health-reviews-directory-2026/p/penis-enlargement-bible-review-proven-method-for-manhood.html
869,Phaloboost Reviews,https://script.google.com/macros/s/AKfycbyEg7C5ZKjgkReinWdFyaSxp1lhEGgTAnmLWPQaMGhJpB9quv2v7hbbKNz6QFS_zvy0Lw/exec?p=phaloboost-reviews,https://abretas.github.io/health-reviews-directory-2026/p/phaloboost-reviews.html
870,Pharaoh's Nectar Review: Ideal Drops for Higher State Of Alignment And Focus,https://script.google.com/macros/s/AKfycbyEg7C5ZKjgkReinWdFyaSxp1lhEGgTAnmLWPQaMGhJpB9quv2v7hbbKNz6QFS_zvy0Lw/exec?p=pharaoh-s-nectar-review-ideal-drops-for-higher-state-of-alignment-and-focus,https://abretas.github.io/health-reviews-directory-2026/p/pharaoh-s-nectar-review-ideal-drops-for-higher-state-of-alignment-and-focus.html
871,Pharaoh’s Nectar Reviews 2026 | Is It Worth It?,https://script.google.com/macros/s/AKfycbyEg7C5ZKjgkReinWdFyaSxp1lhEGgTAnmLWPQaMGhJpB9quv2v7hbbKNz6QFS_zvy0Lw/exec?p=pharaoh-s-nectar-reviews-2026-is-it-worth-it,https://abretas.github.io/health-reviews-directory-2026/p/pharaoh-s-nectar-reviews-2026-is-it-worth-it.html
872,Pheromone-Infused Shower Gel Review: Secret Seduction Shower Gel,https://script.google.com/macros/s/AKfycbyEg7C5ZKjgkReinWdFyaSxp1lhEGgTAnmLWPQaMGhJpB9quv2v7hbbKNz6QFS_zvy0Lw/exec?p=pheromone-infused-shower-gel-review-secret-seduction-shower-gel,https://abretas.github.io/health-reviews-directory-2026/p/pheromone-infused-shower-gel-review-secret-seduction-shower-gel.html
873,Phytocet CBD Oil Reviews,https://script.google.com/macros/s/AKfycbyEg7C5ZKjgkReinWdFyaSxp1lhEGgTAnmLWPQaMGhJpB9quv2v7hbbKNz6QFS_zvy0Lw/exec?p=phytocet-cbd-oil-reviews,https://abretas.github.io/health-reviews-directory-2026/p/phytocet-cbd-oil-reviews.html
874,Phytomem One Reviews 2026: My Honest 90-Day Test Results,https://script.google.com/macros/s/AKfycbyEg7C5ZKjgkReinWdFyaSxp1lhEGgTAnmLWPQaMGhJpB9quv2v7hbbKNz6QFS_zvy0Lw/exec?p=phytomem-one-reviews-2026-my-honest-90-day-test-results,https://abretas.github.io/health-reviews-directory-2026/p/phytomem-one-reviews-2026-my-honest-90-day-test-results.html
875,PianoforAll Review: The Ultimate Piano Learning Solution,https://script.google.com/macros/s/AKfycbyEg7C5ZKjgkReinWdFyaSxp1lhEGgTAnmLWPQaMGhJpB9quv2v7hbbKNz6QFS_zvy0Lw/exec?p=pianoforall-review-the-ultimate-piano-learning-solution,https://abretas.github.io/health-reviews-directory-2026/p/pianoforall-review-the-ultimate-piano-learning-solution.html
876,Pineal Abundance Boost Review: Proven Supplement For Abundance,https://script.google.com/macros/s/AKfycbyEg7C5ZKjgkReinWdFyaSxp1lhEGgTAnmLWPQaMGhJpB9quv2v7hbbKNz6QFS_zvy0Lw/exec?p=pineal-abundance-boost-review-proven-supplement-for-abundance,https://abretas.github.io/health-reviews-directory-2026/p/pineal-abundance-boost-review-proven-supplement-for-abundance.html
877,Pineal Awakening Review: Ancient Himalayan Brain Enhancement Supplement,https://script.google.com/macros/s/AKfycbyEg7C5ZKjgkReinWdFyaSxp1lhEGgTAnmLWPQaMGhJpB9quv2v7hbbKNz6QFS_zvy0Lw/exec?p=pineal-awakening-review-ancient-himalayan-brain-enhancement-supplement,https://abretas.github.io/health-reviews-directory-2026/p/pineal-awakening-review-ancient-himalayan-brain-enhancement-supplement.html
878,Pineal Awakening Reviews & Complaints | Is it Worth Buying?,https://script.google.com/macros/s/AKfycbyEg7C5ZKjgkReinWdFyaSxp1lhEGgTAnmLWPQaMGhJpB9quv2v7hbbKNz6QFS_zvy0Lw/exec?p=pineal-awakening-reviews-complaints-is-it-worth-buying,https://abretas.github.io/health-reviews-directory-2026/p/pineal-awakening-reviews-complaints-is-it-worth-buying.html
879,Pineal Guard Reviews,https://script.google.com/macros/s/AKfycbyEg7C5ZKjgkReinWdFyaSxp1lhEGgTAnmLWPQaMGhJpB9quv2v7hbbKNz6QFS_zvy0Lw/exec?p=pineal-guard-reviews,https://abretas.github.io/health-reviews-directory-2026/p/pineal-guard-reviews.html
880,Pineal Guardian X Review: Powerful Brain Supplement That Works,https://script.google.com/macros/s/AKfycbyEg7C5ZKjgkReinWdFyaSxp1lhEGgTAnmLWPQaMGhJpB9quv2v7hbbKNz6QFS_zvy0Lw/exec?p=pineal-guardian-x-review-powerful-brain-supplement-that-works,https://abretas.github.io/health-reviews-directory-2026/p/pineal-guardian-x-review-powerful-brain-supplement-that-works.html
881,Pineal Pure Reviews: Ground Breaking Brain Health Supplement,https://script.google.com/macros/s/AKfycbyEg7C5ZKjgkReinWdFyaSxp1lhEGgTAnmLWPQaMGhJpB9quv2v7hbbKNz6QFS_zvy0Lw/exec?p=pineal-pure-reviews-ground-breaking-brain-health-supplement,https://abretas.github.io/health-reviews-directory-2026/p/pineal-pure-reviews-ground-breaking-brain-health-supplement.html
882,Pineal XT Customer Reviews,https://script.google.com/macros/s/AKfycbyEg7C5ZKjgkReinWdFyaSxp1lhEGgTAnmLWPQaMGhJpB9quv2v7hbbKNz6QFS_zvy0Lw/exec?p=pineal-xt-customer-reviews,https://abretas.github.io/health-reviews-directory-2026/p/pineal-xt-customer-reviews.html
883,Pineal XT Review: Supreme Pineal Gland Supplement That Really Works,https://script.google.com/macros/s/AKfycbyEg7C5ZKjgkReinWdFyaSxp1lhEGgTAnmLWPQaMGhJpB9quv2v7hbbKNz6QFS_zvy0Lw/exec?p=pineal-xt-review-supreme-pineal-gland-supplement-that-really-works,https://abretas.github.io/health-reviews-directory-2026/p/pineal-xt-review-supreme-pineal-gland-supplement-that-really-works.html
884,Pineal XT Reviews,https://script.google.com/macros/s/AKfycbyEg7C5ZKjgkReinWdFyaSxp1lhEGgTAnmLWPQaMGhJpB9quv2v7hbbKNz6QFS_zvy0Lw/exec?p=pineal-xt-reviews,https://abretas.github.io/health-reviews-directory-2026/p/pineal-xt-reviews.html
885,Pineal XT Reviews & Complaints 2026 | Experts Advice,https://script.google.com/macros/s/AKfycbyEg7C5ZKjgkReinWdFyaSxp1lhEGgTAnmLWPQaMGhJpB9quv2v7hbbKNz6QFS_zvy0Lw/exec?p=pineal-xt-reviews-complaints-2026-experts-advice,https://abretas.github.io/health-reviews-directory-2026/p/pineal-xt-reviews-complaints-2026-experts-advice.html
886,Pineal XT Reviews & Complaints 2026 | Is It Legit or Scam?,https://script.google.com/macros/s/AKfycbyEg7C5ZKjgkReinWdFyaSxp1lhEGgTAnmLWPQaMGhJpB9quv2v7hbbKNz6QFS_zvy0Lw/exec?p=pineal-xt-reviews-complaints-2026-is-it-legit-or-scam,https://abretas.github.io/health-reviews-directory-2026/p/pineal-xt-reviews-complaints-2026-is-it-legit-or-scam.html
887,Pineal XT Reviews & Complaints 2026 | Is it Worth Buying?,https://script.google.com/macros/s/AKfycbyEg7C5ZKjgkReinWdFyaSxp1lhEGgTAnmLWPQaMGhJpB9quv2v7hbbKNz6QFS_zvy0Lw/exec?p=pineal-xt-reviews-complaints-2026-is-it-worth-buying,https://abretas.github.io/health-reviews-directory-2026/p/pineal-xt-reviews-complaints-2026-is-it-worth-buying.html
888,Pineal XT Reviews & Complaints | Is It Worth Your Money?,https://script.google.com/macros/s/AKfycbyEg7C5ZKjgkReinWdFyaSxp1lhEGgTAnmLWPQaMGhJpB9quv2v7hbbKNz6QFS_zvy0Lw/exec?p=pineal-xt-reviews-complaints-is-it-worth-your-money,https://abretas.github.io/health-reviews-directory-2026/p/pineal-xt-reviews-complaints-is-it-worth-your-money.html
889,Pineal XT Reviews 2026 | Is It Legit or Scam?,https://script.google.com/macros/s/AKfycbyEg7C5ZKjgkReinWdFyaSxp1lhEGgTAnmLWPQaMGhJpB9quv2v7hbbKNz6QFS_zvy0Lw/exec?p=pineal-xt-reviews-2026-is-it-legit-or-scam,https://abretas.github.io/health-reviews-directory-2026/p/pineal-xt-reviews-2026-is-it-legit-or-scam.html
890,Plateso Review: Quick - Simple and Delicious Custom Diet Plan,https://script.google.com/macros/s/AKfycbyEg7C5ZKjgkReinWdFyaSxp1lhEGgTAnmLWPQaMGhJpB9quv2v7hbbKNz6QFS_zvy0Lw/exec?p=plateso-review-quick-simple-and-delicious-custom-diet-plan,https://abretas.github.io/health-reviews-directory-2026/p/plateso-review-quick-simple-and-delicious-custom-diet-plan.html
891,Pocket Sized ATM Machine Review: Experience Unparalleled Convenience,https://script.google.com/macros/s/AKfycbyEg7C5ZKjgkReinWdFyaSxp1lhEGgTAnmLWPQaMGhJpB9quv2v7hbbKNz6QFS_zvy0Lw/exec?p=pocket-sized-atm-machine-review-experience-unparalleled-convenience,https://abretas.github.io/health-reviews-directory-2026/p/pocket-sized-atm-machine-review-experience-unparalleled-convenience.html
892,PotentStream Reviews,https://script.google.com/macros/s/AKfycbyEg7C5ZKjgkReinWdFyaSxp1lhEGgTAnmLWPQaMGhJpB9quv2v7hbbKNz6QFS_zvy0Lw/exec?p=potentstream-reviews,https://abretas.github.io/health-reviews-directory-2026/p/potentstream-reviews.html
893,PotentStream Reviews: Does It Really Work or Not?,https://script.google.com/macros/s/AKfycbyEg7C5ZKjgkReinWdFyaSxp1lhEGgTAnmLWPQaMGhJpB9quv2v7hbbKNz6QFS_zvy0Lw/exec?p=potentstream-reviews-does-it-really-work-or-not,https://abretas.github.io/health-reviews-directory-2026/p/potentstream-reviews-does-it-really-work-or-not.html
894,Power Bite Reviews,https://script.google.com/macros/s/AKfycbyEg7C5ZKjgkReinWdFyaSxp1lhEGgTAnmLWPQaMGhJpB9quv2v7hbbKNz6QFS_zvy0Lw/exec?p=power-bite-reviews,https://abretas.github.io/health-reviews-directory-2026/p/power-bite-reviews.html
895,Power Kegels Review: 5-Second Muscle Trick For Long Lasting in Bed,https://script.google.com/macros/s/AKfycbyEg7C5ZKjgkReinWdFyaSxp1lhEGgTAnmLWPQaMGhJpB9quv2v7hbbKNz6QFS_zvy0Lw/exec?p=power-kegels-review-5-second-muscle-trick-for-long-lasting-in-bed,https://abretas.github.io/health-reviews-directory-2026/p/power-kegels-review-5-second-muscle-trick-for-long-lasting-in-bed.html
896,PowerBite Review: Proven Dental Candy Gummy For Teeth & Gums,https://script.google.com/macros/s/AKfycbyEg7C5ZKjgkReinWdFyaSxp1lhEGgTAnmLWPQaMGhJpB9quv2v7hbbKNz6QFS_zvy0Lw/exec?p=powerbite-review-proven-dental-candy-gummy-for-teeth-gums,https://abretas.github.io/health-reviews-directory-2026/p/powerbite-review-proven-dental-candy-gummy-for-teeth-gums.html
897,PowerBite Reviews 2026: Is This Dental Supplement a Scam or Worth It,https://script.google.com/macros/s/AKfycbyEg7C5ZKjgkReinWdFyaSxp1lhEGgTAnmLWPQaMGhJpB9quv2v7hbbKNz6QFS_zvy0Lw/exec?p=powerbite-reviews-2026-is-this-dental-supplement-a-scam-or-worth-it,https://abretas.github.io/health-reviews-directory-2026/p/powerbite-reviews-2026-is-this-dental-supplement-a-scam-or-worth-it.html
898,Prezentar Review: The Best Presentation Creator Tool,https://script.google.com/macros/s/AKfycbyEg7C5ZKjgkReinWdFyaSxp1lhEGgTAnmLWPQaMGhJpB9quv2v7hbbKNz6QFS_zvy0Lw/exec?p=prezentar-review-the-best-presentation-creator-tool,https://abretas.github.io/health-reviews-directory-2026/p/prezentar-review-the-best-presentation-creator-tool.html
899,Prime Biome Australia – Must Read This Before Buying!,https://script.google.com/macros/s/AKfycbyEg7C5ZKjgkReinWdFyaSxp1lhEGgTAnmLWPQaMGhJpB9quv2v7hbbKNz6QFS_zvy0Lw/exec?p=prime-biome-australia-must-read-this-before-buying,https://abretas.github.io/health-reviews-directory-2026/p/prime-biome-australia-must-read-this-before-buying.html
900,Prime Biome Buy – Real Results or Just Hype?,https://script.google.com/macros/s/AKfycbyEg7C5ZKjgkReinWdFyaSxp1lhEGgTAnmLWPQaMGhJpB9quv2v7hbbKNz6QFS_zvy0Lw/exec?p=prime-biome-buy-real-results-or-just-hype,https://abretas.github.io/health-reviews-directory-2026/p/prime-biome-buy-real-results-or-just-hype.html
901,Prime Biome Complaints An Honest Consumer 2026 Review 2,https://script.google.com/macros/s/AKfycbyEg7C5ZKjgkReinWdFyaSxp1lhEGgTAnmLWPQaMGhJpB9quv2v7hbbKNz6QFS_zvy0Lw/exec?p=prime-biome-complaints-an-honest-consumer-2026-review-2,https://abretas.github.io/health-reviews-directory-2026/p/prime-biome-complaints-an-honest-consumer-2026-review-2.html
902,Prime Biome Complaints – An Honest Consumer 2026 Review!,https://script.google.com/macros/s/AKfycbyEg7C5ZKjgkReinWdFyaSxp1lhEGgTAnmLWPQaMGhJpB9quv2v7hbbKNz6QFS_zvy0Lw/exec?p=prime-biome-complaints-an-honest-consumer-2026-review,https://abretas.github.io/health-reviews-directory-2026/p/prime-biome-complaints-an-honest-consumer-2026-review.html
903,Prime Biome Customer Reviews – Is It Worth Your Money?,https://script.google.com/macros/s/AKfycbyEg7C5ZKjgkReinWdFyaSxp1lhEGgTAnmLWPQaMGhJpB9quv2v7hbbKNz6QFS_zvy0Lw/exec?p=prime-biome-customer-reviews-is-it-worth-your-money,https://abretas.github.io/health-reviews-directory-2026/p/prime-biome-customer-reviews-is-it-worth-your-money.html
904,Prime Biome Review – Is It Effective? Expert Opinions,https://script.google.com/macros/s/AKfycbyEg7C5ZKjgkReinWdFyaSxp1lhEGgTAnmLWPQaMGhJpB9quv2v7hbbKNz6QFS_zvy0Lw/exec?p=prime-biome-review-is-it-effective-expert-opinions,https://abretas.github.io/health-reviews-directory-2026/p/prime-biome-review-is-it-effective-expert-opinions.html
905,Prime Biome Reviews & Complaints | Is it Worth Buying?,https://script.google.com/macros/s/AKfycbyEg7C5ZKjgkReinWdFyaSxp1lhEGgTAnmLWPQaMGhJpB9quv2v7hbbKNz6QFS_zvy0Lw/exec?p=prime-biome-reviews-complaints-is-it-worth-buying,https://abretas.github.io/health-reviews-directory-2026/p/prime-biome-reviews-complaints-is-it-worth-buying.html
906,Prime Biome Reviews 2026 | Is It Worth the Hype?,https://script.google.com/macros/s/AKfycbyEg7C5ZKjgkReinWdFyaSxp1lhEGgTAnmLWPQaMGhJpB9quv2v7hbbKNz6QFS_zvy0Lw/exec?p=prime-biome-reviews-2026-is-it-worth-the-hype,https://abretas.github.io/health-reviews-directory-2026/p/prime-biome-reviews-2026-is-it-worth-the-hype.html
907,Prime Biome Reviews | Is It a Scam or Legit? Honest Analysis,https://script.google.com/macros/s/AKfycbyEg7C5ZKjgkReinWdFyaSxp1lhEGgTAnmLWPQaMGhJpB9quv2v7hbbKNz6QFS_zvy0Lw/exec?p=prime-biome-reviews-is-it-a-scam-or-legit-honest-analysis,https://abretas.github.io/health-reviews-directory-2026/p/prime-biome-reviews-is-it-a-scam-or-legit-honest-analysis.html
908,Prime Biome Scam – Read This Before Buying!,https://script.google.com/macros/s/AKfycbyEg7C5ZKjgkReinWdFyaSxp1lhEGgTAnmLWPQaMGhJpB9quv2v7hbbKNz6QFS_zvy0Lw/exec?p=prime-biome-scam-read-this-before-buying,https://abretas.github.io/health-reviews-directory-2026/p/prime-biome-scam-read-this-before-buying.html
909,Prime Biome UK Reviews – Is It Legit?,https://script.google.com/macros/s/AKfycbyEg7C5ZKjgkReinWdFyaSxp1lhEGgTAnmLWPQaMGhJpB9quv2v7hbbKNz6QFS_zvy0Lw/exec?p=prime-biome-uk-reviews-is-it-legit,https://abretas.github.io/health-reviews-directory-2026/p/prime-biome-uk-reviews-is-it-legit.html
910,PrimeBiome Review: The Skin-Gut Cell Turnover Breakthrough,https://script.google.com/macros/s/AKfycbyEg7C5ZKjgkReinWdFyaSxp1lhEGgTAnmLWPQaMGhJpB9quv2v7hbbKNz6QFS_zvy0Lw/exec?p=primebiome-review-the-skin-gut-cell-turnover-breakthrough,https://abretas.github.io/health-reviews-directory-2026/p/primebiome-review-the-skin-gut-cell-turnover-breakthrough.html
911,PrimeBiome Reviews 2026 – Is It Worth Buying?,https://script.google.com/macros/s/AKfycbyEg7C5ZKjgkReinWdFyaSxp1lhEGgTAnmLWPQaMGhJpB9quv2v7hbbKNz6QFS_zvy0Lw/exec?p=primebiome-reviews-2026-is-it-worth-buying,https://abretas.github.io/health-reviews-directory-2026/p/primebiome-reviews-2026-is-it-worth-buying.html
912,PrimeBiome Reviews: Can This Probiotic Improve Digestion and Give You Clearer Skin,https://script.google.com/macros/s/AKfycbyEg7C5ZKjgkReinWdFyaSxp1lhEGgTAnmLWPQaMGhJpB9quv2v7hbbKNz6QFS_zvy0Lw/exec?p=primebiome-reviews-can-this-probiotic-improve-digestion-and-give-you-clearer-skin,https://abretas.github.io/health-reviews-directory-2026/p/primebiome-reviews-can-this-probiotic-improve-digestion-and-give-you-clearer-skin.html
913,PrimeBoost Reviews: Can This Male Health Formula Restore Youthful Energy,https://script.google.com/macros/s/AKfycbyEg7C5ZKjgkReinWdFyaSxp1lhEGgTAnmLWPQaMGhJpB9quv2v7hbbKNz6QFS_zvy0Lw/exec?p=primeboost-reviews-can-this-male-health-formula-restore-youthful-energy,https://abretas.github.io/health-reviews-directory-2026/p/primeboost-reviews-can-this-male-health-formula-restore-youthful-energy.html
914,PrimeGENIX  Bone Complex Reviews,https://script.google.com/macros/s/AKfycbyEg7C5ZKjgkReinWdFyaSxp1lhEGgTAnmLWPQaMGhJpB9quv2v7hbbKNz6QFS_zvy0Lw/exec?p=primegenix-bone-complex-reviews,https://abretas.github.io/health-reviews-directory-2026/p/primegenix-bone-complex-reviews.html
915,PrimeGenix CalmLean Reviews,https://script.google.com/macros/s/AKfycbyEg7C5ZKjgkReinWdFyaSxp1lhEGgTAnmLWPQaMGhJpB9quv2v7hbbKNz6QFS_zvy0Lw/exec?p=primegenix-calmlean-reviews,https://abretas.github.io/health-reviews-directory-2026/p/primegenix-calmlean-reviews.html
916,PrimeGenix Prostate Support Reviews | Is it Worth Buying?,https://script.google.com/macros/s/AKfycbyEg7C5ZKjgkReinWdFyaSxp1lhEGgTAnmLWPQaMGhJpB9quv2v7hbbKNz6QFS_zvy0Lw/exec?p=primegenix-prostate-support-reviews-is-it-worth-buying,https://abretas.github.io/health-reviews-directory-2026/p/primegenix-prostate-support-reviews-is-it-worth-buying.html
917,PrimeGenix Prostate Support Reviews | Is it a Scam?,https://script.google.com/macros/s/AKfycbyEg7C5ZKjgkReinWdFyaSxp1lhEGgTAnmLWPQaMGhJpB9quv2v7hbbKNz6QFS_zvy0Lw/exec?p=primegenix-prostate-support-reviews-is-it-a-scam,https://abretas.github.io/health-reviews-directory-2026/p/primegenix-prostate-support-reviews-is-it-a-scam.html
918,Primordial Vigor X Review: Proven Male Enhancement Supplement,https://script.google.com/macros/s/AKfycbyEg7C5ZKjgkReinWdFyaSxp1lhEGgTAnmLWPQaMGhJpB9quv2v7hbbKNz6QFS_zvy0Lw/exec?p=primordial-vigor-x-review-proven-male-enhancement-supplement,https://abretas.github.io/health-reviews-directory-2026/p/primordial-vigor-x-review-proven-male-enhancement-supplement.html
919,Pro Max Gummies Mushroom Brain Boost Reviews,https://script.google.com/macros/s/AKfycbyEg7C5ZKjgkReinWdFyaSxp1lhEGgTAnmLWPQaMGhJpB9quv2v7hbbKNz6QFS_zvy0Lw/exec?p=pro-max-gummies-mushroom-brain-boost-reviews,https://abretas.github.io/health-reviews-directory-2026/p/pro-max-gummies-mushroom-brain-boost-reviews.html
920,Pro X Digest Review: Natural Supplement To Improve Digestion,https://script.google.com/macros/s/AKfycbyEg7C5ZKjgkReinWdFyaSxp1lhEGgTAnmLWPQaMGhJpB9quv2v7hbbKNz6QFS_zvy0Lw/exec?p=pro-x-digest-review-natural-supplement-to-improve-digestion,https://abretas.github.io/health-reviews-directory-2026/p/pro-x-digest-review-natural-supplement-to-improve-digestion.html
921,ProDentim Probiotics Reviews: Dr Drew Chewable Dental Tablets,https://script.google.com/macros/s/AKfycbyEg7C5ZKjgkReinWdFyaSxp1lhEGgTAnmLWPQaMGhJpB9quv2v7hbbKNz6QFS_zvy0Lw/exec?p=prodentim-probiotics-reviews-dr-drew-chewable-dental-tablets,https://abretas.github.io/health-reviews-directory-2026/p/prodentim-probiotics-reviews-dr-drew-chewable-dental-tablets.html
922,ProGenifix Reviews,https://script.google.com/macros/s/AKfycbyEg7C5ZKjgkReinWdFyaSxp1lhEGgTAnmLWPQaMGhJpB9quv2v7hbbKNz6QFS_zvy0Lw/exec?p=progenifix-reviews,https://abretas.github.io/health-reviews-directory-2026/p/progenifix-reviews.html
923,ProMind Complex Review: Proven Memory Supplement That Works,https://script.google.com/macros/s/AKfycbyEg7C5ZKjgkReinWdFyaSxp1lhEGgTAnmLWPQaMGhJpB9quv2v7hbbKNz6QFS_zvy0Lw/exec?p=promind-complex-review-proven-memory-supplement-that-works,https://abretas.github.io/health-reviews-directory-2026/p/promind-complex-review-proven-memory-supplement-that-works.html
924,ProNail Complex Reviews,https://script.google.com/macros/s/AKfycbyEg7C5ZKjgkReinWdFyaSxp1lhEGgTAnmLWPQaMGhJpB9quv2v7hbbKNz6QFS_zvy0Lw/exec?p=pronail-complex-reviews,https://abretas.github.io/health-reviews-directory-2026/p/pronail-complex-reviews.html
925,ProNail Complex Reviews & Complaints 2026 | Is it Scam?,https://script.google.com/macros/s/AKfycbyEg7C5ZKjgkReinWdFyaSxp1lhEGgTAnmLWPQaMGhJpB9quv2v7hbbKNz6QFS_zvy0Lw/exec?p=pronail-complex-reviews-complaints-2026-is-it-scam,https://abretas.github.io/health-reviews-directory-2026/p/pronail-complex-reviews-complaints-2026-is-it-scam.html
926,ProNail Complex Reviews & Complaints | Is It Worth it?,https://script.google.com/macros/s/AKfycbyEg7C5ZKjgkReinWdFyaSxp1lhEGgTAnmLWPQaMGhJpB9quv2v7hbbKNz6QFS_zvy0Lw/exec?p=pronail-complex-reviews-complaints-is-it-worth-it,https://abretas.github.io/health-reviews-directory-2026/p/pronail-complex-reviews-complaints-is-it-worth-it.html
927,ProNail Complex Reviews 2026 | Is this Really Effective?,https://script.google.com/macros/s/AKfycbyEg7C5ZKjgkReinWdFyaSxp1lhEGgTAnmLWPQaMGhJpB9quv2v7hbbKNz6QFS_zvy0Lw/exec?p=pronail-complex-reviews-2026-is-this-really-effective,https://abretas.github.io/health-reviews-directory-2026/p/pronail-complex-reviews-2026-is-this-really-effective.html
928,ProNail Complex Reviews – Is It Scam or Legit? Honest Review,https://script.google.com/macros/s/AKfycbyEg7C5ZKjgkReinWdFyaSxp1lhEGgTAnmLWPQaMGhJpB9quv2v7hbbKNz6QFS_zvy0Lw/exec?p=pronail-complex-reviews-is-it-scam-or-legit-honest-review,https://abretas.github.io/health-reviews-directory-2026/p/pronail-complex-reviews-is-it-scam-or-legit-honest-review.html
929,ProNerve6 Reviews,https://script.google.com/macros/s/AKfycbyEg7C5ZKjgkReinWdFyaSxp1lhEGgTAnmLWPQaMGhJpB9quv2v7hbbKNz6QFS_zvy0Lw/exec?p=pronerve6-reviews,https://abretas.github.io/health-reviews-directory-2026/p/pronerve6-reviews.html
930,ProNerve6 Reviews : (A Comprehensive Analysis of Its Effectiveness) The Ultimate Solution for Nerve Honolulu,https://script.google.com/macros/s/AKfycbyEg7C5ZKjgkReinWdFyaSxp1lhEGgTAnmLWPQaMGhJpB9quv2v7hbbKNz6QFS_zvy0Lw/exec?p=pronerve6-reviews-a-comprehensive-analysis-of-its-effectiveness-the-ultimate-solution-for-nerve-honolulu,https://abretas.github.io/health-reviews-directory-2026/p/pronerve6-reviews-a-comprehensive-analysis-of-its-effectiveness-the-ultimate-solution-for-nerve-honolulu.html
931,"ProNervium Reviews: A Comprehensive Analysis on Ingredients, Benefits & Side Effects with Scientific Meggett",https://script.google.com/macros/s/AKfycbyEg7C5ZKjgkReinWdFyaSxp1lhEGgTAnmLWPQaMGhJpB9quv2v7hbbKNz6QFS_zvy0Lw/exec?p=pronervium-reviews-a-comprehensive-analysis-on-ingredients-benefits-side-effects-with-scientific-meggett,https://abretas.github.io/health-reviews-directory-2026/p/pronervium-reviews-a-comprehensive-analysis-on-ingredients-benefits-side-effects-with-scientific-meggett.html
932,Prodentim Reviews & Complaints 2026 | Is It Worth It?,https://script.google.com/macros/s/AKfycbyEg7C5ZKjgkReinWdFyaSxp1lhEGgTAnmLWPQaMGhJpB9quv2v7hbbKNz6QFS_zvy0Lw/exec?p=prodentim-reviews-complaints-2026-is-it-worth-it,https://abretas.github.io/health-reviews-directory-2026/p/prodentim-reviews-complaints-2026-is-it-worth-it.html
933,Profit Maximiser Review: Is It Really Worth the Money,https://script.google.com/macros/s/AKfycbyEg7C5ZKjgkReinWdFyaSxp1lhEGgTAnmLWPQaMGhJpB9quv2v7hbbKNz6QFS_zvy0Lw/exec?p=profit-maximiser-review-is-it-really-worth-the-money,https://abretas.github.io/health-reviews-directory-2026/p/profit-maximiser-review-is-it-really-worth-the-money.html
934,Progenifix Reviews: Awarded Supplement For Toned Slim Body,https://script.google.com/macros/s/AKfycbyEg7C5ZKjgkReinWdFyaSxp1lhEGgTAnmLWPQaMGhJpB9quv2v7hbbKNz6QFS_zvy0Lw/exec?p=progenifix-reviews-awarded-supplement-for-toned-slim-body,https://abretas.github.io/health-reviews-directory-2026/p/progenifix-reviews-awarded-supplement-for-toned-slim-body.html
935,Prosperity Birth Code Reading Review: Proven Wealth Manifestation,https://script.google.com/macros/s/AKfycbyEg7C5ZKjgkReinWdFyaSxp1lhEGgTAnmLWPQaMGhJpB9quv2v7hbbKNz6QFS_zvy0Lw/exec?p=prosperity-birth-code-reading-review-proven-wealth-manifestation,https://abretas.github.io/health-reviews-directory-2026/p/prosperity-birth-code-reading-review-proven-wealth-manifestation.html
936,Prosperity Birth Code Reading Reviews | Is It Worth It?,https://script.google.com/macros/s/AKfycbyEg7C5ZKjgkReinWdFyaSxp1lhEGgTAnmLWPQaMGhJpB9quv2v7hbbKNz6QFS_zvy0Lw/exec?p=prosperity-birth-code-reading-reviews-is-it-worth-it,https://abretas.github.io/health-reviews-directory-2026/p/prosperity-birth-code-reading-reviews-is-it-worth-it.html
937,Prosperity Prayer Review: Discovers The Power of An Ancient Prayer,https://script.google.com/macros/s/AKfycbyEg7C5ZKjgkReinWdFyaSxp1lhEGgTAnmLWPQaMGhJpB9quv2v7hbbKNz6QFS_zvy0Lw/exec?p=prosperity-prayer-review-discovers-the-power-of-an-ancient-prayer,https://abretas.github.io/health-reviews-directory-2026/p/prosperity-prayer-review-discovers-the-power-of-an-ancient-prayer.html
938,Prosperity Prayer Reviews & Complaints | Is It Worth It?,https://script.google.com/macros/s/AKfycbyEg7C5ZKjgkReinWdFyaSxp1lhEGgTAnmLWPQaMGhJpB9quv2v7hbbKNz6QFS_zvy0Lw/exec?p=prosperity-prayer-reviews-complaints-is-it-worth-it,https://abretas.github.io/health-reviews-directory-2026/p/prosperity-prayer-reviews-complaints-is-it-worth-it.html
939,Prosperity Sketch Review: Discover Your Path to Abundance,https://script.google.com/macros/s/AKfycbyEg7C5ZKjgkReinWdFyaSxp1lhEGgTAnmLWPQaMGhJpB9quv2v7hbbKNz6QFS_zvy0Lw/exec?p=prosperity-sketch-review-discover-your-path-to-abundance,https://abretas.github.io/health-reviews-directory-2026/p/prosperity-sketch-review-discover-your-path-to-abundance.html
940,Prosperity Waves Review: Does It Really Works or Not,https://script.google.com/macros/s/AKfycbyEg7C5ZKjgkReinWdFyaSxp1lhEGgTAnmLWPQaMGhJpB9quv2v7hbbKNz6QFS_zvy0Lw/exec?p=prosperity-waves-review-does-it-really-works-or-not,https://abretas.github.io/health-reviews-directory-2026/p/prosperity-waves-review-does-it-really-works-or-not.html
941,Prosta Defend Reviews | Is it Worth it or a Scam? The Truth,https://script.google.com/macros/s/AKfycbyEg7C5ZKjgkReinWdFyaSxp1lhEGgTAnmLWPQaMGhJpB9quv2v7hbbKNz6QFS_zvy0Lw/exec?p=prosta-defend-reviews-is-it-worth-it-or-a-scam-the-truth,https://abretas.github.io/health-reviews-directory-2026/p/prosta-defend-reviews-is-it-worth-it-or-a-scam-the-truth.html
942,Prosta Defend Reviews – Is it a Scam or Legit?,https://script.google.com/macros/s/AKfycbyEg7C5ZKjgkReinWdFyaSxp1lhEGgTAnmLWPQaMGhJpB9quv2v7hbbKNz6QFS_zvy0Lw/exec?p=prosta-defend-reviews-is-it-a-scam-or-legit,https://abretas.github.io/health-reviews-directory-2026/p/prosta-defend-reviews-is-it-a-scam-or-legit.html
943,Prosta Peak Review: Proven Supplement For Your Prostate Health,https://script.google.com/macros/s/AKfycbyEg7C5ZKjgkReinWdFyaSxp1lhEGgTAnmLWPQaMGhJpB9quv2v7hbbKNz6QFS_zvy0Lw/exec?p=prosta-peak-review-proven-supplement-for-your-prostate-health,https://abretas.github.io/health-reviews-directory-2026/p/prosta-peak-review-proven-supplement-for-your-prostate-health.html
944,Prosta Peak Reviews & Complaints 2026 | Is It Worth It?,https://script.google.com/macros/s/AKfycbyEg7C5ZKjgkReinWdFyaSxp1lhEGgTAnmLWPQaMGhJpB9quv2v7hbbKNz6QFS_zvy0Lw/exec?p=prosta-peak-reviews-complaints-2026-is-it-worth-it,https://abretas.github.io/health-reviews-directory-2026/p/prosta-peak-reviews-complaints-2026-is-it-worth-it.html
945,Prosta Peak Reviews 2026: Can It Improve Urinary Health?,https://script.google.com/macros/s/AKfycbyEg7C5ZKjgkReinWdFyaSxp1lhEGgTAnmLWPQaMGhJpB9quv2v7hbbKNz6QFS_zvy0Lw/exec?p=prosta-peak-reviews-2026-can-it-improve-urinary-health,https://abretas.github.io/health-reviews-directory-2026/p/prosta-peak-reviews-2026-can-it-improve-urinary-health.html
946,ProstaBioMe Reviews,https://script.google.com/macros/s/AKfycbyEg7C5ZKjgkReinWdFyaSxp1lhEGgTAnmLWPQaMGhJpB9quv2v7hbbKNz6QFS_zvy0Lw/exec?p=prostabiome-reviews,https://abretas.github.io/health-reviews-directory-2026/p/prostabiome-reviews.html
947,ProstaBiome Review: Proven Supplement For Healthy Prostate,https://script.google.com/macros/s/AKfycbyEg7C5ZKjgkReinWdFyaSxp1lhEGgTAnmLWPQaMGhJpB9quv2v7hbbKNz6QFS_zvy0Lw/exec?p=prostabiome-review-proven-supplement-for-healthy-prostate,https://abretas.github.io/health-reviews-directory-2026/p/prostabiome-review-proven-supplement-for-healthy-prostate.html
948,ProstaDine Review: Prostate Supplement That Really Works,https://script.google.com/macros/s/AKfycbyEg7C5ZKjgkReinWdFyaSxp1lhEGgTAnmLWPQaMGhJpB9quv2v7hbbKNz6QFS_zvy0Lw/exec?p=prostadine-review-prostate-supplement-that-really-works,https://abretas.github.io/health-reviews-directory-2026/p/prostadine-review-prostate-supplement-that-really-works.html
949,ProstaLite Review: Reliable Supplement For Healthy Prostate,https://script.google.com/macros/s/AKfycbyEg7C5ZKjgkReinWdFyaSxp1lhEGgTAnmLWPQaMGhJpB9quv2v7hbbKNz6QFS_zvy0Lw/exec?p=prostalite-review-reliable-supplement-for-healthy-prostate,https://abretas.github.io/health-reviews-directory-2026/p/prostalite-review-reliable-supplement-for-healthy-prostate.html
950,ProstaPeak Reviews: Scam or Legit,https://script.google.com/macros/s/AKfycbyEg7C5ZKjgkReinWdFyaSxp1lhEGgTAnmLWPQaMGhJpB9quv2v7hbbKNz6QFS_zvy0Lw/exec?p=prostapeak-reviews-scam-or-legit,https://abretas.github.io/health-reviews-directory-2026/p/prostapeak-reviews-scam-or-legit.html
951,ProstaPure Advantage Reviews,https://script.google.com/macros/s/AKfycbyEg7C5ZKjgkReinWdFyaSxp1lhEGgTAnmLWPQaMGhJpB9quv2v7hbbKNz6QFS_zvy0Lw/exec?p=prostapure-advantage-reviews,https://abretas.github.io/health-reviews-directory-2026/p/prostapure-advantage-reviews.html
952,ProstaStream Review: Prostate Supplement That Really Works,https://script.google.com/macros/s/AKfycbyEg7C5ZKjgkReinWdFyaSxp1lhEGgTAnmLWPQaMGhJpB9quv2v7hbbKNz6QFS_zvy0Lw/exec?p=prostastream-review-prostate-supplement-that-really-works,https://abretas.github.io/health-reviews-directory-2026/p/prostastream-review-prostate-supplement-that-really-works.html
953,ProstaVive  Reviews & Complaints 2026 | Is it Scam?,https://script.google.com/macros/s/AKfycbyEg7C5ZKjgkReinWdFyaSxp1lhEGgTAnmLWPQaMGhJpB9quv2v7hbbKNz6QFS_zvy0Lw/exec?p=prostavive-reviews-complaints-2026-is-it-scam,https://abretas.github.io/health-reviews-directory-2026/p/prostavive-reviews-complaints-2026-is-it-scam.html
954,"ProstaVive (A Word of Caution from a Customer) Ingredients, Benefits, and Price",https://script.google.com/macros/s/AKfycbyEg7C5ZKjgkReinWdFyaSxp1lhEGgTAnmLWPQaMGhJpB9quv2v7hbbKNz6QFS_zvy0Lw/exec?p=prostavive-a-word-of-caution-from-a-customer-ingredients-benefits-and-price,https://abretas.github.io/health-reviews-directory-2026/p/prostavive-a-word-of-caution-from-a-customer-ingredients-benefits-and-price.html
955,ProstaVive Customer Reviews,https://script.google.com/macros/s/AKfycbyEg7C5ZKjgkReinWdFyaSxp1lhEGgTAnmLWPQaMGhJpB9quv2v7hbbKNz6QFS_zvy0Lw/exec?p=prostavive-customer-reviews,https://abretas.github.io/health-reviews-directory-2026/p/prostavive-customer-reviews.html
956,ProstaVive Review: Powerful Prostate Supplement That Works,https://script.google.com/macros/s/AKfycbyEg7C5ZKjgkReinWdFyaSxp1lhEGgTAnmLWPQaMGhJpB9quv2v7hbbKNz6QFS_zvy0Lw/exec?p=prostavive-review-powerful-prostate-supplement-that-works,https://abretas.github.io/health-reviews-directory-2026/p/prostavive-review-powerful-prostate-supplement-that-works.html
957,ProstaVive Reviews & Complaints 2026 | Is It Worth It?,https://script.google.com/macros/s/AKfycbyEg7C5ZKjgkReinWdFyaSxp1lhEGgTAnmLWPQaMGhJpB9quv2v7hbbKNz6QFS_zvy0Lw/exec?p=prostavive-reviews-complaints-2026-is-it-worth-it,https://abretas.github.io/health-reviews-directory-2026/p/prostavive-reviews-complaints-2026-is-it-worth-it.html
958,ProstaVive Reviews 2026 | Is It Legit or Scam?,https://script.google.com/macros/s/AKfycbyEg7C5ZKjgkReinWdFyaSxp1lhEGgTAnmLWPQaMGhJpB9quv2v7hbbKNz6QFS_zvy0Lw/exec?p=prostavive-reviews-2026-is-it-legit-or-scam,https://abretas.github.io/health-reviews-directory-2026/p/prostavive-reviews-2026-is-it-legit-or-scam.html
959,ProstaVive Reviews 2026 | Is It Worth Buying?,https://script.google.com/macros/s/AKfycbyEg7C5ZKjgkReinWdFyaSxp1lhEGgTAnmLWPQaMGhJpB9quv2v7hbbKNz6QFS_zvy0Lw/exec?p=prostavive-reviews-2026-is-it-worth-buying,https://abretas.github.io/health-reviews-directory-2026/p/prostavive-reviews-2026-is-it-worth-buying.html
960,ProstaVive Reviews 2026: Consumer Reports Complaints,https://script.google.com/macros/s/AKfycbyEg7C5ZKjgkReinWdFyaSxp1lhEGgTAnmLWPQaMGhJpB9quv2v7hbbKNz6QFS_zvy0Lw/exec?p=prostavive-reviews-2026-consumer-reports-complaints,https://abretas.github.io/health-reviews-directory-2026/p/prostavive-reviews-2026-consumer-reports-complaints.html
961,ProstaVive Reviews – Is This Worth Your Money?,https://script.google.com/macros/s/AKfycbyEg7C5ZKjgkReinWdFyaSxp1lhEGgTAnmLWPQaMGhJpB9quv2v7hbbKNz6QFS_zvy0Lw/exec?p=prostavive-reviews-is-this-worth-your-money,https://abretas.github.io/health-reviews-directory-2026/p/prostavive-reviews-is-this-worth-your-money.html
962,ProstaVive vs Prostadine – Which is Best for Your Prostate?,https://script.google.com/macros/s/AKfycbyEg7C5ZKjgkReinWdFyaSxp1lhEGgTAnmLWPQaMGhJpB9quv2v7hbbKNz6QFS_zvy0Lw/exec?p=prostavive-vs-prostadine-which-is-best-for-your-prostate,https://abretas.github.io/health-reviews-directory-2026/p/prostavive-vs-prostadine-which-is-best-for-your-prostate.html
963,ProstaVive: Powerful Prostate Supplement That Works,https://script.google.com/macros/s/AKfycbyEg7C5ZKjgkReinWdFyaSxp1lhEGgTAnmLWPQaMGhJpB9quv2v7hbbKNz6QFS_zvy0Lw/exec?p=prostavive-powerful-prostate-supplement-that-works,https://abretas.github.io/health-reviews-directory-2026/p/prostavive-powerful-prostate-supplement-that-works.html
964,ProstaVive™: Prostate Supplement,https://script.google.com/macros/s/AKfycbyEg7C5ZKjgkReinWdFyaSxp1lhEGgTAnmLWPQaMGhJpB9quv2v7hbbKNz6QFS_zvy0Lw/exec?p=prostavive-prostate-supplement,https://abretas.github.io/health-reviews-directory-2026/p/prostavive-prostate-supplement.html
965,Prostadine Reviews & Complaints 2026 | Is It Worth Buying?,https://script.google.com/macros/s/AKfycbyEg7C5ZKjgkReinWdFyaSxp1lhEGgTAnmLWPQaMGhJpB9quv2v7hbbKNz6QFS_zvy0Lw/exec?p=prostadine-reviews-complaints-2026-is-it-worth-buying,https://abretas.github.io/health-reviews-directory-2026/p/prostadine-reviews-complaints-2026-is-it-worth-buying.html
966,Prostadine Reviews 2026 | Does It Deliver Real Results?,https://script.google.com/macros/s/AKfycbyEg7C5ZKjgkReinWdFyaSxp1lhEGgTAnmLWPQaMGhJpB9quv2v7hbbKNz6QFS_zvy0Lw/exec?p=prostadine-reviews-2026-does-it-deliver-real-results,https://abretas.github.io/health-reviews-directory-2026/p/prostadine-reviews-2026-does-it-deliver-real-results.html
967,Prostadine Reviews 2026 | Is It Worth Buying or Scam?,https://script.google.com/macros/s/AKfycbyEg7C5ZKjgkReinWdFyaSxp1lhEGgTAnmLWPQaMGhJpB9quv2v7hbbKNz6QFS_zvy0Lw/exec?p=prostadine-reviews-2026-is-it-worth-buying-or-scam,https://abretas.github.io/health-reviews-directory-2026/p/prostadine-reviews-2026-is-it-worth-buying-or-scam.html
968,Prostadine Reviews 2026 –  Is It Worth It or a Scam?,https://script.google.com/macros/s/AKfycbyEg7C5ZKjgkReinWdFyaSxp1lhEGgTAnmLWPQaMGhJpB9quv2v7hbbKNz6QFS_zvy0Lw/exec?p=prostadine-reviews-2026-is-it-worth-it-or-a-scam,https://abretas.github.io/health-reviews-directory-2026/p/prostadine-reviews-2026-is-it-worth-it-or-a-scam.html
969,Prostadine Reviews 2026 – Is It Worth Trying or a Scam?,https://script.google.com/macros/s/AKfycbyEg7C5ZKjgkReinWdFyaSxp1lhEGgTAnmLWPQaMGhJpB9quv2v7hbbKNz6QFS_zvy0Lw/exec?p=prostadine-reviews-2026-is-it-worth-trying-or-a-scam,https://abretas.github.io/health-reviews-directory-2026/p/prostadine-reviews-2026-is-it-worth-trying-or-a-scam.html
970,Prostadine Reviews Complaints 2026 Is It Worth Buying 2,https://script.google.com/macros/s/AKfycbyEg7C5ZKjgkReinWdFyaSxp1lhEGgTAnmLWPQaMGhJpB9quv2v7hbbKNz6QFS_zvy0Lw/exec?p=prostadine-reviews-complaints-2026-is-it-worth-buying-2,https://abretas.github.io/health-reviews-directory-2026/p/prostadine-reviews-complaints-2026-is-it-worth-buying-2.html
971,Prostavive Reviews 2026 Is It Legit Or Scam 2,https://script.google.com/macros/s/AKfycbyEg7C5ZKjgkReinWdFyaSxp1lhEGgTAnmLWPQaMGhJpB9quv2v7hbbKNz6QFS_zvy0Lw/exec?p=prostavive-reviews-2026-is-it-legit-or-scam-2,https://abretas.github.io/health-reviews-directory-2026/p/prostavive-reviews-2026-is-it-legit-or-scam-2.html
972,Prostavive Reviews Complaints 2026 Is It Scam 2,https://script.google.com/macros/s/AKfycbyEg7C5ZKjgkReinWdFyaSxp1lhEGgTAnmLWPQaMGhJpB9quv2v7hbbKNz6QFS_zvy0Lw/exec?p=prostavive-reviews-complaints-2026-is-it-scam-2,https://abretas.github.io/health-reviews-directory-2026/p/prostavive-reviews-complaints-2026-is-it-scam-2.html
973,Prostavive Reviews Complaints 2026 Is It Worth It 2,https://script.google.com/macros/s/AKfycbyEg7C5ZKjgkReinWdFyaSxp1lhEGgTAnmLWPQaMGhJpB9quv2v7hbbKNz6QFS_zvy0Lw/exec?p=prostavive-reviews-complaints-2026-is-it-worth-it-2,https://abretas.github.io/health-reviews-directory-2026/p/prostavive-reviews-complaints-2026-is-it-worth-it-2.html
974,ProtoFlow Reviews,https://script.google.com/macros/s/AKfycbyEg7C5ZKjgkReinWdFyaSxp1lhEGgTAnmLWPQaMGhJpB9quv2v7hbbKNz6QFS_zvy0Lw/exec?p=protoflow-reviews,https://abretas.github.io/health-reviews-directory-2026/p/protoflow-reviews.html
975,ProtoFlow Reviews & Complaints 2026 | Is It Worth Buying?,https://script.google.com/macros/s/AKfycbyEg7C5ZKjgkReinWdFyaSxp1lhEGgTAnmLWPQaMGhJpB9quv2v7hbbKNz6QFS_zvy0Lw/exec?p=protoflow-reviews-complaints-2026-is-it-worth-buying,https://abretas.github.io/health-reviews-directory-2026/p/protoflow-reviews-complaints-2026-is-it-worth-buying.html
976,ProtoFlow Reviews – Don’t Buy Until You Read This!,https://script.google.com/macros/s/AKfycbyEg7C5ZKjgkReinWdFyaSxp1lhEGgTAnmLWPQaMGhJpB9quv2v7hbbKNz6QFS_zvy0Lw/exec?p=protoflow-reviews-don-t-buy-until-you-read-this,https://abretas.github.io/health-reviews-directory-2026/p/protoflow-reviews-don-t-buy-until-you-read-this.html
977,ProvaDent Review: Proven Dental Supplement By Dr Andrew,https://script.google.com/macros/s/AKfycbyEg7C5ZKjgkReinWdFyaSxp1lhEGgTAnmLWPQaMGhJpB9quv2v7hbbKNz6QFS_zvy0Lw/exec?p=provadent-review-proven-dental-supplement-by-dr-andrew,https://abretas.github.io/health-reviews-directory-2026/p/provadent-review-proven-dental-supplement-by-dr-andrew.html
978,ProvaDent Reviews 2026 | Is It Worth Buying or Scam?,https://script.google.com/macros/s/AKfycbyEg7C5ZKjgkReinWdFyaSxp1lhEGgTAnmLWPQaMGhJpB9quv2v7hbbKNz6QFS_zvy0Lw/exec?p=provadent-reviews-2026-is-it-worth-buying-or-scam,https://abretas.github.io/health-reviews-directory-2026/p/provadent-reviews-2026-is-it-worth-buying-or-scam.html
979,ProvaDent Reviews 2026 – Honest User Experiences & Ratings,https://script.google.com/macros/s/AKfycbyEg7C5ZKjgkReinWdFyaSxp1lhEGgTAnmLWPQaMGhJpB9quv2v7hbbKNz6QFS_zvy0Lw/exec?p=provadent-reviews-2026-honest-user-experiences-ratings,https://abretas.github.io/health-reviews-directory-2026/p/provadent-reviews-2026-honest-user-experiences-ratings.html
980,"ProvaDent Reviews 2026: Honest Results, Pros & Cons",https://script.google.com/macros/s/AKfycbyEg7C5ZKjgkReinWdFyaSxp1lhEGgTAnmLWPQaMGhJpB9quv2v7hbbKNz6QFS_zvy0Lw/exec?p=provadent-reviews-2026-honest-results-pros-cons,https://abretas.github.io/health-reviews-directory-2026/p/provadent-reviews-2026-honest-results-pros-cons.html
981,ProvaDent Reviews | Is It Legit or Scam? The Truth,https://script.google.com/macros/s/AKfycbyEg7C5ZKjgkReinWdFyaSxp1lhEGgTAnmLWPQaMGhJpB9quv2v7hbbKNz6QFS_zvy0Lw/exec?p=provadent-reviews-is-it-legit-or-scam-the-truth,https://abretas.github.io/health-reviews-directory-2026/p/provadent-reviews-is-it-legit-or-scam-the-truth.html
982,ProvaDent Reviews: What to Expect After 30 Days,https://script.google.com/macros/s/AKfycbyEg7C5ZKjgkReinWdFyaSxp1lhEGgTAnmLWPQaMGhJpB9quv2v7hbbKNz6QFS_zvy0Lw/exec?p=provadent-reviews-what-to-expect-after-30-days,https://abretas.github.io/health-reviews-directory-2026/p/provadent-reviews-what-to-expect-after-30-days.html
983,Provadent Reviews & Complaints 2026 | Is It Worth it?,https://script.google.com/macros/s/AKfycbyEg7C5ZKjgkReinWdFyaSxp1lhEGgTAnmLWPQaMGhJpB9quv2v7hbbKNz6QFS_zvy0Lw/exec?p=provadent-reviews-complaints-2026-is-it-worth-it,https://abretas.github.io/health-reviews-directory-2026/p/provadent-reviews-complaints-2026-is-it-worth-it.html
984,Provadent Reviews & Complaints 2026 | Is it Scam?,https://script.google.com/macros/s/AKfycbyEg7C5ZKjgkReinWdFyaSxp1lhEGgTAnmLWPQaMGhJpB9quv2v7hbbKNz6QFS_zvy0Lw/exec?p=provadent-reviews-complaints-2026-is-it-scam,https://abretas.github.io/health-reviews-directory-2026/p/provadent-reviews-complaints-2026-is-it-scam.html
985,Provadent Reviews | Warning! Don’t Buy Until You Read This!,https://script.google.com/macros/s/AKfycbyEg7C5ZKjgkReinWdFyaSxp1lhEGgTAnmLWPQaMGhJpB9quv2v7hbbKNz6QFS_zvy0Lw/exec?p=provadent-reviews-warning-don-t-buy-until-you-read-this,https://abretas.github.io/health-reviews-directory-2026/p/provadent-reviews-warning-don-t-buy-until-you-read-this.html
986,Psychic Sketch Of Soulmate: A Journey of Self-Discovery,https://script.google.com/macros/s/AKfycbyEg7C5ZKjgkReinWdFyaSxp1lhEGgTAnmLWPQaMGhJpB9quv2v7hbbKNz6QFS_zvy0Lw/exec?p=psychic-sketch-of-soulmate-a-journey-of-self-discovery,https://abretas.github.io/health-reviews-directory-2026/p/psychic-sketch-of-soulmate-a-journey-of-self-discovery.html
987,Pulmo Balance Reviews | Is It Worth Buying? Honest Analysis,https://script.google.com/macros/s/AKfycbyEg7C5ZKjgkReinWdFyaSxp1lhEGgTAnmLWPQaMGhJpB9quv2v7hbbKNz6QFS_zvy0Lw/exec?p=pulmo-balance-reviews-is-it-worth-buying-honest-analysis,https://abretas.github.io/health-reviews-directory-2026/p/pulmo-balance-reviews-is-it-worth-buying-honest-analysis.html
988,PurDentix Scam Exposed: Fake Claims & Red Flags,https://script.google.com/macros/s/AKfycbyEg7C5ZKjgkReinWdFyaSxp1lhEGgTAnmLWPQaMGhJpB9quv2v7hbbKNz6QFS_zvy0Lw/exec?p=purdentix-scam-exposed-fake-claims-red-flags,https://abretas.github.io/health-reviews-directory-2026/p/purdentix-scam-exposed-fake-claims-red-flags.html
989,Puradrop Gummies Reviews # (Consumer Positive Impact) Does This Weight Loss Supplement Really Work,https://script.google.com/macros/s/AKfycbyEg7C5ZKjgkReinWdFyaSxp1lhEGgTAnmLWPQaMGhJpB9quv2v7hbbKNz6QFS_zvy0Lw/exec?p=puradrop-gummies-reviews-consumer-positive-impact-does-this-weight-loss-supplement-really-work,https://abretas.github.io/health-reviews-directory-2026/p/puradrop-gummies-reviews-consumer-positive-impact-does-this-weight-loss-supplement-really-work.html
990,Puradrop Weight Loss Gummies Review: Safe & Effective Gummy,https://script.google.com/macros/s/AKfycbyEg7C5ZKjgkReinWdFyaSxp1lhEGgTAnmLWPQaMGhJpB9quv2v7hbbKNz6QFS_zvy0Lw/exec?p=puradrop-weight-loss-gummies-review-safe-effective-gummy,https://abretas.github.io/health-reviews-directory-2026/p/puradrop-weight-loss-gummies-review-safe-effective-gummy.html
991,Puravive Review: Best Weight Loss Supplement That Works,https://script.google.com/macros/s/AKfycbyEg7C5ZKjgkReinWdFyaSxp1lhEGgTAnmLWPQaMGhJpB9quv2v7hbbKNz6QFS_zvy0Lw/exec?p=puravive-review-best-weight-loss-supplement-that-works,https://abretas.github.io/health-reviews-directory-2026/p/puravive-review-best-weight-loss-supplement-that-works.html
992,Puravive Reviews & Complaints 2026 | Is It Worth it?,https://script.google.com/macros/s/AKfycbyEg7C5ZKjgkReinWdFyaSxp1lhEGgTAnmLWPQaMGhJpB9quv2v7hbbKNz6QFS_zvy0Lw/exec?p=puravive-reviews-complaints-2026-is-it-worth-it,https://abretas.github.io/health-reviews-directory-2026/p/puravive-reviews-complaints-2026-is-it-worth-it.html
993,Puravive VS Liv Pure – Which Is Suitable For You?,https://script.google.com/macros/s/AKfycbyEg7C5ZKjgkReinWdFyaSxp1lhEGgTAnmLWPQaMGhJpB9quv2v7hbbKNz6QFS_zvy0Lw/exec?p=puravive-vs-liv-pure-which-is-suitable-for-you,https://abretas.github.io/health-reviews-directory-2026/p/puravive-vs-liv-pure-which-is-suitable-for-you.html
994,Puravive Where to Buy,https://script.google.com/macros/s/AKfycbyEg7C5ZKjgkReinWdFyaSxp1lhEGgTAnmLWPQaMGhJpB9quv2v7hbbKNz6QFS_zvy0Lw/exec?p=puravive-where-to-buy,https://abretas.github.io/health-reviews-directory-2026/p/puravive-where-to-buy.html
995,Pure Neuro Review: Unlock the Potential of Your Brain,https://script.google.com/macros/s/AKfycbyEg7C5ZKjgkReinWdFyaSxp1lhEGgTAnmLWPQaMGhJpB9quv2v7hbbKNz6QFS_zvy0Lw/exec?p=pure-neuro-review-unlock-the-potential-of-your-brain,https://abretas.github.io/health-reviews-directory-2026/p/pure-neuro-review-unlock-the-potential-of-your-brain.html
996,PureLumin Essence Reviews,https://script.google.com/macros/s/AKfycbyEg7C5ZKjgkReinWdFyaSxp1lhEGgTAnmLWPQaMGhJpB9quv2v7hbbKNz6QFS_zvy0Lw/exec?p=purelumin-essence-reviews,https://abretas.github.io/health-reviews-directory-2026/p/purelumin-essence-reviews.html
997,Purisaki Berberine Patches Reviews | Is It Worth Trying?,https://script.google.com/macros/s/AKfycbyEg7C5ZKjgkReinWdFyaSxp1lhEGgTAnmLWPQaMGhJpB9quv2v7hbbKNz6QFS_zvy0Lw/exec?p=purisaki-berberine-patches-reviews-is-it-worth-trying,https://abretas.github.io/health-reviews-directory-2026/p/purisaki-berberine-patches-reviews-is-it-worth-trying.html
998,Pymander Wealth Script Review: Ancient Manifesting Script That Works,https://script.google.com/macros/s/AKfycbyEg7C5ZKjgkReinWdFyaSxp1lhEGgTAnmLWPQaMGhJpB9quv2v7hbbKNz6QFS_zvy0Lw/exec?p=pymander-wealth-script-review-ancient-manifesting-script-that-works,https://abretas.github.io/health-reviews-directory-2026/p/pymander-wealth-script-review-ancient-manifesting-script-that-works.html
999,Q Charge Reviews,https://script.google.com/macros/s/AKfycbyEg7C5ZKjgkReinWdFyaSxp1lhEGgTAnmLWPQaMGhJpB9quv2v7hbbKNz6QFS_zvy0Lw/exec?p=q-charge-reviews,https://abretas.github.io/health-reviews-directory-2026/p/q-charge-reviews.html
1000,Q Code Prayer Reviews,https://script.google.com/macros/s/AKfycbyEg7C5ZKjgkReinWdFyaSxp1lhEGgTAnmLWPQaMGhJpB9quv2v7hbbKNz6QFS_zvy0Lw/exec?p=q-code-prayer-reviews,https://abretas.github.io/health-reviews-directory-2026/p/q-code-prayer-reviews.html
1001,Quantum Attraction Code Review: Manifest Wealth and Abundance,https://script.google.com/macros/s/AKfycbyEg7C5ZKjgkReinWdFyaSxp1lhEGgTAnmLWPQaMGhJpB9quv2v7hbbKNz6QFS_zvy0Lw/exec?p=quantum-attraction-code-review-manifest-wealth-and-abundance,https://abretas.github.io/health-reviews-directory-2026/p/quantum-attraction-code-review-manifest-wealth-and-abundance.html
1002,Quantum Manifestation Code Reviews: Unleash Your Manifesting Power,https://script.google.com/macros/s/AKfycbyEg7C5ZKjgkReinWdFyaSxp1lhEGgTAnmLWPQaMGhJpB9quv2v7hbbKNz6QFS_zvy0Lw/exec?p=quantum-manifestation-code-reviews-unleash-your-manifesting-power,https://abretas.github.io/health-reviews-directory-2026/p/quantum-manifestation-code-reviews-unleash-your-manifesting-power.html
1003,Quantum Millionaire Reviews,https://script.google.com/macros/s/AKfycbyEg7C5ZKjgkReinWdFyaSxp1lhEGgTAnmLWPQaMGhJpB9quv2v7hbbKNz6QFS_zvy0Lw/exec?p=quantum-millionaire-reviews,https://abretas.github.io/health-reviews-directory-2026/p/quantum-millionaire-reviews.html
1004,Quick Power System Review: Ameliorate Your Power Bill All Year Long,https://script.google.com/macros/s/AKfycbyEg7C5ZKjgkReinWdFyaSxp1lhEGgTAnmLWPQaMGhJpB9quv2v7hbbKNz6QFS_zvy0Lw/exec?p=quick-power-system-review-ameliorate-your-power-bill-all-year-long,https://abretas.github.io/health-reviews-directory-2026/p/quick-power-system-review-ameliorate-your-power-bill-all-year-long.html
1005,Quick Power System Review: Ultimate Green Energy Solution,https://script.google.com/macros/s/AKfycbyEg7C5ZKjgkReinWdFyaSxp1lhEGgTAnmLWPQaMGhJpB9quv2v7hbbKNz6QFS_zvy0Lw/exec?p=quick-power-system-review-ultimate-green-energy-solution,https://abretas.github.io/health-reviews-directory-2026/p/quick-power-system-review-ultimate-green-energy-solution.html
1006,Quietum Plus Customer Reviews  – Is It Worth Your Money? User Opinion!,https://script.google.com/macros/s/AKfycbyEg7C5ZKjgkReinWdFyaSxp1lhEGgTAnmLWPQaMGhJpB9quv2v7hbbKNz6QFS_zvy0Lw/exec?p=quietum-plus-customer-reviews-is-it-worth-your-money-user-opinion,https://abretas.github.io/health-reviews-directory-2026/p/quietum-plus-customer-reviews-is-it-worth-your-money-user-opinion.html
1007,Quietum Plus Review: Tinnitus Relief Supplement That Works,https://script.google.com/macros/s/AKfycbyEg7C5ZKjgkReinWdFyaSxp1lhEGgTAnmLWPQaMGhJpB9quv2v7hbbKNz6QFS_zvy0Lw/exec?p=quietum-plus-review-tinnitus-relief-supplement-that-works,https://abretas.github.io/health-reviews-directory-2026/p/quietum-plus-review-tinnitus-relief-supplement-that-works.html
1008,Quietum Plus Reviews & Complaints 2026 | Is It Worth It?,https://script.google.com/macros/s/AKfycbyEg7C5ZKjgkReinWdFyaSxp1lhEGgTAnmLWPQaMGhJpB9quv2v7hbbKNz6QFS_zvy0Lw/exec?p=quietum-plus-reviews-complaints-2026-is-it-worth-it,https://abretas.github.io/health-reviews-directory-2026/p/quietum-plus-reviews-complaints-2026-is-it-worth-it.html
1009,Quietum Plus Reviews & Complaints 2026 | Is it Scam?,https://script.google.com/macros/s/AKfycbyEg7C5ZKjgkReinWdFyaSxp1lhEGgTAnmLWPQaMGhJpB9quv2v7hbbKNz6QFS_zvy0Lw/exec?p=quietum-plus-reviews-complaints-2026-is-it-scam,https://abretas.github.io/health-reviews-directory-2026/p/quietum-plus-reviews-complaints-2026-is-it-scam.html
1010,Quietum Plus Reviews 2026 | Is It Legit or Scam?,https://script.google.com/macros/s/AKfycbyEg7C5ZKjgkReinWdFyaSxp1lhEGgTAnmLWPQaMGhJpB9quv2v7hbbKNz6QFS_zvy0Lw/exec?p=quietum-plus-reviews-2026-is-it-legit-or-scam,https://abretas.github.io/health-reviews-directory-2026/p/quietum-plus-reviews-2026-is-it-legit-or-scam.html
1011,Quietum Plus Reviews 2026 | Is It a Scam? Honest Analysis,https://script.google.com/macros/s/AKfycbyEg7C5ZKjgkReinWdFyaSxp1lhEGgTAnmLWPQaMGhJpB9quv2v7hbbKNz6QFS_zvy0Lw/exec?p=quietum-plus-reviews-2026-is-it-a-scam-honest-analysis,https://abretas.github.io/health-reviews-directory-2026/p/quietum-plus-reviews-2026-is-it-a-scam-honest-analysis.html
1012,Quietum Plus Reviews 2026: Legit or Scam? Find Out,https://script.google.com/macros/s/AKfycbyEg7C5ZKjgkReinWdFyaSxp1lhEGgTAnmLWPQaMGhJpB9quv2v7hbbKNz6QFS_zvy0Lw/exec?p=quietum-plus-reviews-2026-legit-or-scam-find-out,https://abretas.github.io/health-reviews-directory-2026/p/quietum-plus-reviews-2026-legit-or-scam-find-out.html
1013,Quietum Plus Reviews Complaints  | Is It Worth Your Money?,https://script.google.com/macros/s/AKfycbyEg7C5ZKjgkReinWdFyaSxp1lhEGgTAnmLWPQaMGhJpB9quv2v7hbbKNz6QFS_zvy0Lw/exec?p=quietum-plus-reviews-complaints-is-it-worth-your-money,https://abretas.github.io/health-reviews-directory-2026/p/quietum-plus-reviews-complaints-is-it-worth-your-money.html
1014,Quietum Plus Reviews Complaints 2026 Is It Scam 2,https://script.google.com/macros/s/AKfycbyEg7C5ZKjgkReinWdFyaSxp1lhEGgTAnmLWPQaMGhJpB9quv2v7hbbKNz6QFS_zvy0Lw/exec?p=quietum-plus-reviews-complaints-2026-is-it-scam-2,https://abretas.github.io/health-reviews-directory-2026/p/quietum-plus-reviews-complaints-2026-is-it-scam-2.html
1015,Quietum Plus Reviews Complaints 2026 Is It Worth It 2,https://script.google.com/macros/s/AKfycbyEg7C5ZKjgkReinWdFyaSxp1lhEGgTAnmLWPQaMGhJpB9quv2v7hbbKNz6QFS_zvy0Lw/exec?p=quietum-plus-reviews-complaints-2026-is-it-worth-it-2,https://abretas.github.io/health-reviews-directory-2026/p/quietum-plus-reviews-complaints-2026-is-it-worth-it-2.html
1016,Quietum Plus Reviews Complaints 2026 | Is it Worth Buying?,https://script.google.com/macros/s/AKfycbyEg7C5ZKjgkReinWdFyaSxp1lhEGgTAnmLWPQaMGhJpB9quv2v7hbbKNz6QFS_zvy0Lw/exec?p=quietum-plus-reviews-complaints-2026-is-it-worth-buying,https://abretas.github.io/health-reviews-directory-2026/p/quietum-plus-reviews-complaints-2026-is-it-worth-buying.html
1017,Quietum Plus Reviews – Does It Work for Tinnitus Symptoms?,https://script.google.com/macros/s/AKfycbyEg7C5ZKjgkReinWdFyaSxp1lhEGgTAnmLWPQaMGhJpB9quv2v7hbbKNz6QFS_zvy0Lw/exec?p=quietum-plus-reviews-does-it-work-for-tinnitus-symptoms,https://abretas.github.io/health-reviews-directory-2026/p/quietum-plus-reviews-does-it-work-for-tinnitus-symptoms.html
1018,"Quietum Plus Reviews – My Journey, Honest Feedback & Results",https://script.google.com/macros/s/AKfycbyEg7C5ZKjgkReinWdFyaSxp1lhEGgTAnmLWPQaMGhJpB9quv2v7hbbKNz6QFS_zvy0Lw/exec?p=quietum-plus-reviews-my-journey-honest-feedback-results,https://abretas.github.io/health-reviews-directory-2026/p/quietum-plus-reviews-my-journey-honest-feedback-results.html
1019,Quietum Plus Reviews: (2026 Update) A Comprehensive Expert Analysis Aniak,https://script.google.com/macros/s/AKfycbyEg7C5ZKjgkReinWdFyaSxp1lhEGgTAnmLWPQaMGhJpB9quv2v7hbbKNz6QFS_zvy0Lw/exec?p=quietum-plus-reviews-2026-update-a-comprehensive-expert-analysis-aniak,https://abretas.github.io/health-reviews-directory-2026/p/quietum-plus-reviews-2026-update-a-comprehensive-expert-analysis-aniak.html
1020,Quietum Plus VS Cortexi – Which One Is More Effective?,https://script.google.com/macros/s/AKfycbyEg7C5ZKjgkReinWdFyaSxp1lhEGgTAnmLWPQaMGhJpB9quv2v7hbbKNz6QFS_zvy0Lw/exec?p=quietum-plus-vs-cortexi-which-one-is-more-effective,https://abretas.github.io/health-reviews-directory-2026/p/quietum-plus-vs-cortexi-which-one-is-more-effective.html
1021,ReNew Supplement Review: Burn Fat And Defy The Aging Process,https://script.google.com/macros/s/AKfycbyEg7C5ZKjgkReinWdFyaSxp1lhEGgTAnmLWPQaMGhJpB9quv2v7hbbKNz6QFS_zvy0Lw/exec?p=renew-supplement-review-burn-fat-and-defy-the-aging-process,https://abretas.github.io/health-reviews-directory-2026/p/renew-supplement-review-burn-fat-and-defy-the-aging-process.html
1022,Recession Profit Secrets Review: Navigate Financial Downturns,https://script.google.com/macros/s/AKfycbyEg7C5ZKjgkReinWdFyaSxp1lhEGgTAnmLWPQaMGhJpB9quv2v7hbbKNz6QFS_zvy0Lw/exec?p=recession-profit-secrets-review-navigate-financial-downturns,https://abretas.github.io/health-reviews-directory-2026/p/recession-profit-secrets-review-navigate-financial-downturns.html
1023,Red Boost Review: The Ultimate Male Enhancement Supplement,https://script.google.com/macros/s/AKfycbyEg7C5ZKjgkReinWdFyaSxp1lhEGgTAnmLWPQaMGhJpB9quv2v7hbbKNz6QFS_zvy0Lw/exec?p=red-boost-review-the-ultimate-male-enhancement-supplement,https://abretas.github.io/health-reviews-directory-2026/p/red-boost-review-the-ultimate-male-enhancement-supplement.html
1024,Red Boost Reviews: Legit or a Scam? Honest Analysis,https://script.google.com/macros/s/AKfycbyEg7C5ZKjgkReinWdFyaSxp1lhEGgTAnmLWPQaMGhJpB9quv2v7hbbKNz6QFS_zvy0Lw/exec?p=red-boost-reviews-legit-or-a-scam-honest-analysis,https://abretas.github.io/health-reviews-directory-2026/p/red-boost-reviews-legit-or-a-scam-honest-analysis.html
1025,Red Boost Where to Buy,https://script.google.com/macros/s/AKfycbyEg7C5ZKjgkReinWdFyaSxp1lhEGgTAnmLWPQaMGhJpB9quv2v7hbbKNz6QFS_zvy0Lw/exec?p=red-boost-where-to-buy,https://abretas.github.io/health-reviews-directory-2026/p/red-boost-where-to-buy.html
1026,RegenVive Reviews | Is It Worth Buying? Honest Analysis,https://script.google.com/macros/s/AKfycbyEg7C5ZKjgkReinWdFyaSxp1lhEGgTAnmLWPQaMGhJpB9quv2v7hbbKNz6QFS_zvy0Lw/exec?p=regenvive-reviews-is-it-worth-buying-honest-analysis,https://abretas.github.io/health-reviews-directory-2026/p/regenvive-reviews-is-it-worth-buying-honest-analysis.html
1027,Relationship Rewrite Review: James Bauer's Method That Works,https://script.google.com/macros/s/AKfycbyEg7C5ZKjgkReinWdFyaSxp1lhEGgTAnmLWPQaMGhJpB9quv2v7hbbKNz6QFS_zvy0Lw/exec?p=relationship-rewrite-review-james-bauer-s-method-that-works,https://abretas.github.io/health-reviews-directory-2026/p/relationship-rewrite-review-james-bauer-s-method-that-works.html
1028,Renew Dental Support Reviews – Is It Worth Your Money?,https://script.google.com/macros/s/AKfycbyEg7C5ZKjgkReinWdFyaSxp1lhEGgTAnmLWPQaMGhJpB9quv2v7hbbKNz6QFS_zvy0Lw/exec?p=renew-dental-support-reviews-is-it-worth-your-money,https://abretas.github.io/health-reviews-directory-2026/p/renew-dental-support-reviews-is-it-worth-your-money.html
1029,Renew Reviews & Complaints 2026 | Is It Worth Buying?,https://script.google.com/macros/s/AKfycbyEg7C5ZKjgkReinWdFyaSxp1lhEGgTAnmLWPQaMGhJpB9quv2v7hbbKNz6QFS_zvy0Lw/exec?p=renew-reviews-complaints-2026-is-it-worth-buying,https://abretas.github.io/health-reviews-directory-2026/p/renew-reviews-complaints-2026-is-it-worth-buying.html
1030,Renew Reviews – It Is Really Effective for Weight Loss & Deep Sleep,https://script.google.com/macros/s/AKfycbyEg7C5ZKjgkReinWdFyaSxp1lhEGgTAnmLWPQaMGhJpB9quv2v7hbbKNz6QFS_zvy0Lw/exec?p=renew-reviews-it-is-really-effective-for-weight-loss-deep-sleep,https://abretas.github.io/health-reviews-directory-2026/p/renew-reviews-it-is-really-effective-for-weight-loss-deep-sleep.html
1031,Renew Ritual Review: Breakthrough Serum-Supplement For Healthy Skin,https://script.google.com/macros/s/AKfycbyEg7C5ZKjgkReinWdFyaSxp1lhEGgTAnmLWPQaMGhJpB9quv2v7hbbKNz6QFS_zvy0Lw/exec?p=renew-ritual-review-breakthrough-serum-supplement-for-healthy-skin,https://abretas.github.io/health-reviews-directory-2026/p/renew-ritual-review-breakthrough-serum-supplement-for-healthy-skin.html
1032,Resurge Review: Ultimate Supplement For Weight Loss That Works,https://script.google.com/macros/s/AKfycbyEg7C5ZKjgkReinWdFyaSxp1lhEGgTAnmLWPQaMGhJpB9quv2v7hbbKNz6QFS_zvy0Lw/exec?p=resurge-review-ultimate-supplement-for-weight-loss-that-works,https://abretas.github.io/health-reviews-directory-2026/p/resurge-review-ultimate-supplement-for-weight-loss-that-works.html
1033,Resurge Reviews & Complaints 2026 | Is It Legit?,https://script.google.com/macros/s/AKfycbyEg7C5ZKjgkReinWdFyaSxp1lhEGgTAnmLWPQaMGhJpB9quv2v7hbbKNz6QFS_zvy0Lw/exec?p=resurge-reviews-complaints-2026-is-it-legit,https://abretas.github.io/health-reviews-directory-2026/p/resurge-reviews-complaints-2026-is-it-legit.html
1034,Resurge Reviews & Complaints 2026 | Is It Worth Buying?,https://script.google.com/macros/s/AKfycbyEg7C5ZKjgkReinWdFyaSxp1lhEGgTAnmLWPQaMGhJpB9quv2v7hbbKNz6QFS_zvy0Lw/exec?p=resurge-reviews-complaints-2026-is-it-worth-buying,https://abretas.github.io/health-reviews-directory-2026/p/resurge-reviews-complaints-2026-is-it-worth-buying.html
1035,Resurge Reviews 2026: Is It Legit & Worth Buying? Read!,https://script.google.com/macros/s/AKfycbyEg7C5ZKjgkReinWdFyaSxp1lhEGgTAnmLWPQaMGhJpB9quv2v7hbbKNz6QFS_zvy0Lw/exec?p=resurge-reviews-2026-is-it-legit-worth-buying-read,https://abretas.github.io/health-reviews-directory-2026/p/resurge-reviews-2026-is-it-legit-worth-buying-read.html
1036,RevaSlim Review: Innovative Sleep-Aid For Safe Weight Loss,https://script.google.com/macros/s/AKfycbyEg7C5ZKjgkReinWdFyaSxp1lhEGgTAnmLWPQaMGhJpB9quv2v7hbbKNz6QFS_zvy0Lw/exec?p=revaslim-review-innovative-sleep-aid-for-safe-weight-loss,https://abretas.github.io/health-reviews-directory-2026/p/revaslim-review-innovative-sleep-aid-for-safe-weight-loss.html
1037,RevivaGlow Review: Breakthrough For Healthy Looking Skin,https://script.google.com/macros/s/AKfycbyEg7C5ZKjgkReinWdFyaSxp1lhEGgTAnmLWPQaMGhJpB9quv2v7hbbKNz6QFS_zvy0Lw/exec?p=revivaglow-review-breakthrough-for-healthy-looking-skin,https://abretas.github.io/health-reviews-directory-2026/p/revivaglow-review-breakthrough-for-healthy-looking-skin.html
1038,Revival Tonic Review: Proven Weight Loss Cocktail That Works,https://script.google.com/macros/s/AKfycbyEg7C5ZKjgkReinWdFyaSxp1lhEGgTAnmLWPQaMGhJpB9quv2v7hbbKNz6QFS_zvy0Lw/exec?p=revival-tonic-review-proven-weight-loss-cocktail-that-works,https://abretas.github.io/health-reviews-directory-2026/p/revival-tonic-review-proven-weight-loss-cocktail-that-works.html
1039,Revival Tonic Reviews – Fake or Not,https://script.google.com/macros/s/AKfycbyEg7C5ZKjgkReinWdFyaSxp1lhEGgTAnmLWPQaMGhJpB9quv2v7hbbKNz6QFS_zvy0Lw/exec?p=revival-tonic-reviews-fake-or-not,https://abretas.github.io/health-reviews-directory-2026/p/revival-tonic-reviews-fake-or-not.html
1040,Revive Daily Review: Proven Metabolism Booster That Works,https://script.google.com/macros/s/AKfycbyEg7C5ZKjgkReinWdFyaSxp1lhEGgTAnmLWPQaMGhJpB9quv2v7hbbKNz6QFS_zvy0Lw/exec?p=revive-daily-review-proven-metabolism-booster-that-works,https://abretas.github.io/health-reviews-directory-2026/p/revive-daily-review-proven-metabolism-booster-that-works.html
1041,Revive Daily Reviews,https://script.google.com/macros/s/AKfycbyEg7C5ZKjgkReinWdFyaSxp1lhEGgTAnmLWPQaMGhJpB9quv2v7hbbKNz6QFS_zvy0Lw/exec?p=revive-daily-reviews,https://abretas.github.io/health-reviews-directory-2026/p/revive-daily-reviews.html
1042,Revive Daily Reviews 2026 – Does It Really Work or Not?,https://script.google.com/macros/s/AKfycbyEg7C5ZKjgkReinWdFyaSxp1lhEGgTAnmLWPQaMGhJpB9quv2v7hbbKNz6QFS_zvy0Lw/exec?p=revive-daily-reviews-2026-does-it-really-work-or-not,https://abretas.github.io/health-reviews-directory-2026/p/revive-daily-reviews-2026-does-it-really-work-or-not.html
1043,Ring Clear Reviews & Complaints 2026 | Is It Scam?,https://script.google.com/macros/s/AKfycbyEg7C5ZKjgkReinWdFyaSxp1lhEGgTAnmLWPQaMGhJpB9quv2v7hbbKNz6QFS_zvy0Lw/exec?p=ring-clear-reviews-complaints-2026-is-it-scam,https://abretas.github.io/health-reviews-directory-2026/p/ring-clear-reviews-complaints-2026-is-it-scam.html
1044,Rock Hard Formula Reviews,https://script.google.com/macros/s/AKfycbyEg7C5ZKjgkReinWdFyaSxp1lhEGgTAnmLWPQaMGhJpB9quv2v7hbbKNz6QFS_zvy0Lw/exec?p=rock-hard-formula-reviews,https://abretas.github.io/health-reviews-directory-2026/p/rock-hard-formula-reviews.html
1045,Rose Grail Prayer Review: Bring Your Desires To Life Like Magic,https://script.google.com/macros/s/AKfycbyEg7C5ZKjgkReinWdFyaSxp1lhEGgTAnmLWPQaMGhJpB9quv2v7hbbKNz6QFS_zvy0Lw/exec?p=rose-grail-prayer-review-bring-your-desires-to-life-like-magic,https://abretas.github.io/health-reviews-directory-2026/p/rose-grail-prayer-review-bring-your-desires-to-life-like-magic.html
1046,Royal Numerology Review: Reading To Pinpoint Your Great Pinnacle Period,https://script.google.com/macros/s/AKfycbyEg7C5ZKjgkReinWdFyaSxp1lhEGgTAnmLWPQaMGhJpB9quv2v7hbbKNz6QFS_zvy0Lw/exec?p=royal-numerology-review-reading-to-pinpoint-your-great-pinnacle-period,https://abretas.github.io/health-reviews-directory-2026/p/royal-numerology-review-reading-to-pinpoint-your-great-pinnacle-period.html
1047,Royal Wealth Hack Review: Attract Wealth Like a Royal,https://script.google.com/macros/s/AKfycbyEg7C5ZKjgkReinWdFyaSxp1lhEGgTAnmLWPQaMGhJpB9quv2v7hbbKNz6QFS_zvy0Lw/exec?p=royal-wealth-hack-review-attract-wealth-like-a-royal,https://abretas.github.io/health-reviews-directory-2026/p/royal-wealth-hack-review-attract-wealth-like-a-royal.html
1048,SLIMCRYSTAL Review: Real Water Bottle For Slimming Healthy Body,https://script.google.com/macros/s/AKfycbyEg7C5ZKjgkReinWdFyaSxp1lhEGgTAnmLWPQaMGhJpB9quv2v7hbbKNz6QFS_zvy0Lw/exec?p=slimcrystal-review-real-water-bottle-for-slimming-healthy-body,https://abretas.github.io/health-reviews-directory-2026/p/slimcrystal-review-real-water-bottle-for-slimming-healthy-body.html
1049,SLIMCRYSTAL Review: Water Bottle That Support Healthy Weight Loss,https://script.google.com/macros/s/AKfycbyEg7C5ZKjgkReinWdFyaSxp1lhEGgTAnmLWPQaMGhJpB9quv2v7hbbKNz6QFS_zvy0Lw/exec?p=slimcrystal-review-water-bottle-that-support-healthy-weight-loss,https://abretas.github.io/health-reviews-directory-2026/p/slimcrystal-review-water-bottle-that-support-healthy-weight-loss.html
1050,Sacral Nectar Review: Activate Divine Feminine Energy Effortlessly,https://script.google.com/macros/s/AKfycbyEg7C5ZKjgkReinWdFyaSxp1lhEGgTAnmLWPQaMGhJpB9quv2v7hbbKNz6QFS_zvy0Lw/exec?p=sacral-nectar-review-activate-divine-feminine-energy-effortlessly,https://abretas.github.io/health-reviews-directory-2026/p/sacral-nectar-review-activate-divine-feminine-energy-effortlessly.html
1051,Sacred Return Review: Spiritual Exhaustion Is Real,https://script.google.com/macros/s/AKfycbyEg7C5ZKjgkReinWdFyaSxp1lhEGgTAnmLWPQaMGhJpB9quv2v7hbbKNz6QFS_zvy0Lw/exec?p=sacred-return-review-spiritual-exhaustion-is-real,https://abretas.github.io/health-reviews-directory-2026/p/sacred-return-review-spiritual-exhaustion-is-real.html
1052,Sacred Sound Healing System Review: Greatest Mystery of The Universe,https://script.google.com/macros/s/AKfycbyEg7C5ZKjgkReinWdFyaSxp1lhEGgTAnmLWPQaMGhJpB9quv2v7hbbKNz6QFS_zvy0Lw/exec?p=sacred-sound-healing-system-review-greatest-mystery-of-the-universe,https://abretas.github.io/health-reviews-directory-2026/p/sacred-sound-healing-system-review-greatest-mystery-of-the-universe.html
1053,Save The Marriage System Review: A Complete Analysis,https://script.google.com/macros/s/AKfycbyEg7C5ZKjgkReinWdFyaSxp1lhEGgTAnmLWPQaMGhJpB9quv2v7hbbKNz6QFS_zvy0Lw/exec?p=save-the-marriage-system-review-a-complete-analysis,https://abretas.github.io/health-reviews-directory-2026/p/save-the-marriage-system-review-a-complete-analysis.html
1054,SciatiEase Reviews & Complaints 2026 | Is It Effective?,https://script.google.com/macros/s/AKfycbyEg7C5ZKjgkReinWdFyaSxp1lhEGgTAnmLWPQaMGhJpB9quv2v7hbbKNz6QFS_zvy0Lw/exec?p=sciatiease-reviews-complaints-2026-is-it-effective,https://abretas.github.io/health-reviews-directory-2026/p/sciatiease-reviews-complaints-2026-is-it-effective.html
1055,SciatiEase Reviews & Complaints 2026 | Is It Worth it?,https://script.google.com/macros/s/AKfycbyEg7C5ZKjgkReinWdFyaSxp1lhEGgTAnmLWPQaMGhJpB9quv2v7hbbKNz6QFS_zvy0Lw/exec?p=sciatiease-reviews-complaints-2026-is-it-worth-it,https://abretas.github.io/health-reviews-directory-2026/p/sciatiease-reviews-complaints-2026-is-it-worth-it.html
1056,SciatiEase Reviews 2026: Real User Results + Expert Verdict,https://script.google.com/macros/s/AKfycbyEg7C5ZKjgkReinWdFyaSxp1lhEGgTAnmLWPQaMGhJpB9quv2v7hbbKNz6QFS_zvy0Lw/exec?p=sciatiease-reviews-2026-real-user-results-expert-verdict,https://abretas.github.io/health-reviews-directory-2026/p/sciatiease-reviews-2026-real-user-results-expert-verdict.html
1057,SciatiEase Reviews | Is It Worth It? (My Honest Experience!),https://script.google.com/macros/s/AKfycbyEg7C5ZKjgkReinWdFyaSxp1lhEGgTAnmLWPQaMGhJpB9quv2v7hbbKNz6QFS_zvy0Lw/exec?p=sciatiease-reviews-is-it-worth-it-my-honest-experience,https://abretas.github.io/health-reviews-directory-2026/p/sciatiease-reviews-is-it-worth-it-my-honest-experience.html
1058,SciatiEase Reviews: Does It Support Sciatic Nerve Pain Relief?,https://script.google.com/macros/s/AKfycbyEg7C5ZKjgkReinWdFyaSxp1lhEGgTAnmLWPQaMGhJpB9quv2v7hbbKNz6QFS_zvy0Lw/exec?p=sciatiease-reviews-does-it-support-sciatic-nerve-pain-relief,https://abretas.github.io/health-reviews-directory-2026/p/sciatiease-reviews-does-it-support-sciatic-nerve-pain-relief.html
1059,Sciatica Pro+ Reviews & Complaints 2026 | Is It Worth Buying?,https://script.google.com/macros/s/AKfycbyEg7C5ZKjgkReinWdFyaSxp1lhEGgTAnmLWPQaMGhJpB9quv2v7hbbKNz6QFS_zvy0Lw/exec?p=sciatica-pro-reviews-complaints-2026-is-it-worth-buying,https://abretas.github.io/health-reviews-directory-2026/p/sciatica-pro-reviews-complaints-2026-is-it-worth-buying.html
1060,Sciatica Pro+ Reviews & Complaints 2026 | Is It Worth it?,https://script.google.com/macros/s/AKfycbyEg7C5ZKjgkReinWdFyaSxp1lhEGgTAnmLWPQaMGhJpB9quv2v7hbbKNz6QFS_zvy0Lw/exec?p=sciatica-pro-reviews-complaints-2026-is-it-worth-it,https://abretas.github.io/health-reviews-directory-2026/p/sciatica-pro-reviews-complaints-2026-is-it-worth-it.html
1061,Sciatica Pro+ Reviews & Complaints | Is it Worth Buying?,https://script.google.com/macros/s/AKfycbyEg7C5ZKjgkReinWdFyaSxp1lhEGgTAnmLWPQaMGhJpB9quv2v7hbbKNz6QFS_zvy0Lw/exec?p=sciatica-pro-reviews-complaints-is-it-worth-buying,https://abretas.github.io/health-reviews-directory-2026/p/sciatica-pro-reviews-complaints-is-it-worth-buying.html
1062,Sciaticyl Reviews & Complaints 2026 | Is it Worth Buying?,https://script.google.com/macros/s/AKfycbyEg7C5ZKjgkReinWdFyaSxp1lhEGgTAnmLWPQaMGhJpB9quv2v7hbbKNz6QFS_zvy0Lw/exec?p=sciaticyl-reviews-complaints-2026-is-it-worth-buying,https://abretas.github.io/health-reviews-directory-2026/p/sciaticyl-reviews-complaints-2026-is-it-worth-buying.html
1063,Sciaticyl Reviews 2026 | Is It a Scam? (My Honest Analysis!),https://script.google.com/macros/s/AKfycbyEg7C5ZKjgkReinWdFyaSxp1lhEGgTAnmLWPQaMGhJpB9quv2v7hbbKNz6QFS_zvy0Lw/exec?p=sciaticyl-reviews-2026-is-it-a-scam-my-honest-analysis,https://abretas.github.io/health-reviews-directory-2026/p/sciaticyl-reviews-2026-is-it-a-scam-my-honest-analysis.html
1064,Sciaticyl Reviews 2026 – Best Natural Pain Relief or Not?,https://script.google.com/macros/s/AKfycbyEg7C5ZKjgkReinWdFyaSxp1lhEGgTAnmLWPQaMGhJpB9quv2v7hbbKNz6QFS_zvy0Lw/exec?p=sciaticyl-reviews-2026-best-natural-pain-relief-or-not,https://abretas.github.io/health-reviews-directory-2026/p/sciaticyl-reviews-2026-best-natural-pain-relief-or-not.html
1065,Secret Billionaire Frequency Reviews | Is it Worth Buying?,https://script.google.com/macros/s/AKfycbyEg7C5ZKjgkReinWdFyaSxp1lhEGgTAnmLWPQaMGhJpB9quv2v7hbbKNz6QFS_zvy0Lw/exec?p=secret-billionaire-frequency-reviews-is-it-worth-buying,https://abretas.github.io/health-reviews-directory-2026/p/secret-billionaire-frequency-reviews-is-it-worth-buying.html
1066,Self Sufficient Backyard Review: Turn Your Home Into a Self-Sufficient Homestead,https://script.google.com/macros/s/AKfycbyEg7C5ZKjgkReinWdFyaSxp1lhEGgTAnmLWPQaMGhJpB9quv2v7hbbKNz6QFS_zvy0Lw/exec?p=self-sufficient-backyard-review-turn-your-home-into-a-self-sufficient-homestead,https://abretas.github.io/health-reviews-directory-2026/p/self-sufficient-backyard-review-turn-your-home-into-a-self-sufficient-homestead.html
1067,SeptiFix Review: Ultimate Septic Tank Treatment That Works,https://script.google.com/macros/s/AKfycbyEg7C5ZKjgkReinWdFyaSxp1lhEGgTAnmLWPQaMGhJpB9quv2v7hbbKNz6QFS_zvy0Lw/exec?p=septifix-review-ultimate-septic-tank-treatment-that-works,https://abretas.github.io/health-reviews-directory-2026/p/septifix-review-ultimate-septic-tank-treatment-that-works.html
1068,Septifix Reviews,https://script.google.com/macros/s/AKfycbyEg7C5ZKjgkReinWdFyaSxp1lhEGgTAnmLWPQaMGhJpB9quv2v7hbbKNz6QFS_zvy0Lw/exec?p=septifix-reviews,https://abretas.github.io/health-reviews-directory-2026/p/septifix-reviews.html
1069,Septifix Reviews & Complaints 2026 | Is It Worth it?,https://script.google.com/macros/s/AKfycbyEg7C5ZKjgkReinWdFyaSxp1lhEGgTAnmLWPQaMGhJpB9quv2v7hbbKNz6QFS_zvy0Lw/exec?p=septifix-reviews-complaints-2026-is-it-worth-it,https://abretas.github.io/health-reviews-directory-2026/p/septifix-reviews-complaints-2026-is-it-worth-it.html
1070,SeroBurn Review: Breakthrough in Weight Loss Supplement,https://script.google.com/macros/s/AKfycbyEg7C5ZKjgkReinWdFyaSxp1lhEGgTAnmLWPQaMGhJpB9quv2v7hbbKNz6QFS_zvy0Lw/exec?p=seroburn-review-breakthrough-in-weight-loss-supplement,https://abretas.github.io/health-reviews-directory-2026/p/seroburn-review-breakthrough-in-weight-loss-supplement.html
1071,SeroBurn Reviews,https://script.google.com/macros/s/AKfycbyEg7C5ZKjgkReinWdFyaSxp1lhEGgTAnmLWPQaMGhJpB9quv2v7hbbKNz6QFS_zvy0Lw/exec?p=seroburn-reviews,https://abretas.github.io/health-reviews-directory-2026/p/seroburn-reviews.html
1072,SeroBurn Reviews & Complaints 2026 | Is It Worth Buying?,https://script.google.com/macros/s/AKfycbyEg7C5ZKjgkReinWdFyaSxp1lhEGgTAnmLWPQaMGhJpB9quv2v7hbbKNz6QFS_zvy0Lw/exec?p=seroburn-reviews-complaints-2026-is-it-worth-buying,https://abretas.github.io/health-reviews-directory-2026/p/seroburn-reviews-complaints-2026-is-it-worth-buying.html
1073,SeroLean Review: Natural Supplement For Weight Loss That Works,https://script.google.com/macros/s/AKfycbyEg7C5ZKjgkReinWdFyaSxp1lhEGgTAnmLWPQaMGhJpB9quv2v7hbbKNz6QFS_zvy0Lw/exec?p=serolean-review-natural-supplement-for-weight-loss-that-works,https://abretas.github.io/health-reviews-directory-2026/p/serolean-review-natural-supplement-for-weight-loss-that-works.html
1074,SeroLean Reviews,https://script.google.com/macros/s/AKfycbyEg7C5ZKjgkReinWdFyaSxp1lhEGgTAnmLWPQaMGhJpB9quv2v7hbbKNz6QFS_zvy0Lw/exec?p=serolean-reviews,https://abretas.github.io/health-reviews-directory-2026/p/serolean-reviews.html
1075,SeroLean VS Ozemra – Which Is Better? Find Out!,https://script.google.com/macros/s/AKfycbyEg7C5ZKjgkReinWdFyaSxp1lhEGgTAnmLWPQaMGhJpB9quv2v7hbbKNz6QFS_zvy0Lw/exec?p=serolean-vs-ozemra-which-is-better-find-out,https://abretas.github.io/health-reviews-directory-2026/p/serolean-vs-ozemra-which-is-better-find-out.html
1076,Seroburn Reviews 2,https://script.google.com/macros/s/AKfycbyEg7C5ZKjgkReinWdFyaSxp1lhEGgTAnmLWPQaMGhJpB9quv2v7hbbKNz6QFS_zvy0Lw/exec?p=seroburn-reviews-2,https://abretas.github.io/health-reviews-directory-2026/p/seroburn-reviews-2.html
1077,Sewing Pattern Secrets Review: How Good This For You,https://script.google.com/macros/s/AKfycbyEg7C5ZKjgkReinWdFyaSxp1lhEGgTAnmLWPQaMGhJpB9quv2v7hbbKNz6QFS_zvy0Lw/exec?p=sewing-pattern-secrets-review-how-good-this-for-you,https://abretas.github.io/health-reviews-directory-2026/p/sewing-pattern-secrets-review-how-good-this-for-you.html
1078,SharpEar Review: Proven Supplement For Healthy Hearing,https://script.google.com/macros/s/AKfycbyEg7C5ZKjgkReinWdFyaSxp1lhEGgTAnmLWPQaMGhJpB9quv2v7hbbKNz6QFS_zvy0Lw/exec?p=sharpear-review-proven-supplement-for-healthy-hearing,https://abretas.github.io/health-reviews-directory-2026/p/sharpear-review-proven-supplement-for-healthy-hearing.html
1079,SharpEar Reviews,https://script.google.com/macros/s/AKfycbyEg7C5ZKjgkReinWdFyaSxp1lhEGgTAnmLWPQaMGhJpB9quv2v7hbbKNz6QFS_zvy0Lw/exec?p=sharpear-reviews,https://abretas.github.io/health-reviews-directory-2026/p/sharpear-reviews.html
1080,"SharpEar Reviews: Ingredients, Benefits, Pros and Cons",https://script.google.com/macros/s/AKfycbyEg7C5ZKjgkReinWdFyaSxp1lhEGgTAnmLWPQaMGhJpB9quv2v7hbbKNz6QFS_zvy0Lw/exec?p=sharpear-reviews-ingredients-benefits-pros-and-cons,https://abretas.github.io/health-reviews-directory-2026/p/sharpear-reviews-ingredients-benefits-pros-and-cons.html
1081,Shifting Vibrations Review: Unlock the Power of Universe Vibrations,https://script.google.com/macros/s/AKfycbyEg7C5ZKjgkReinWdFyaSxp1lhEGgTAnmLWPQaMGhJpB9quv2v7hbbKNz6QFS_zvy0Lw/exec?p=shifting-vibrations-review-unlock-the-power-of-universe-vibrations,https://abretas.github.io/health-reviews-directory-2026/p/shifting-vibrations-review-unlock-the-power-of-universe-vibrations.html
1082,Shifting Vibrations Reviews,https://script.google.com/macros/s/AKfycbyEg7C5ZKjgkReinWdFyaSxp1lhEGgTAnmLWPQaMGhJpB9quv2v7hbbKNz6QFS_zvy0Lw/exec?p=shifting-vibrations-reviews,https://abretas.github.io/health-reviews-directory-2026/p/shifting-vibrations-reviews.html
1083,Shrink X Gummies Review: Real Weight Loss Gummy That Works,https://script.google.com/macros/s/AKfycbyEg7C5ZKjgkReinWdFyaSxp1lhEGgTAnmLWPQaMGhJpB9quv2v7hbbKNz6QFS_zvy0Lw/exec?p=shrink-x-gummies-review-real-weight-loss-gummy-that-works,https://abretas.github.io/health-reviews-directory-2026/p/shrink-x-gummies-review-real-weight-loss-gummy-that-works.html
1084,Shrink X Gummies Reviews,https://script.google.com/macros/s/AKfycbyEg7C5ZKjgkReinWdFyaSxp1lhEGgTAnmLWPQaMGhJpB9quv2v7hbbKNz6QFS_zvy0Lw/exec?p=shrink-x-gummies-reviews,https://abretas.github.io/health-reviews-directory-2026/p/shrink-x-gummies-reviews.html
1085,Shrink X Review: Ultimate Weight Loss Gummies For You,https://script.google.com/macros/s/AKfycbyEg7C5ZKjgkReinWdFyaSxp1lhEGgTAnmLWPQaMGhJpB9quv2v7hbbKNz6QFS_zvy0Lw/exec?p=shrink-x-review-ultimate-weight-loss-gummies-for-you,https://abretas.github.io/health-reviews-directory-2026/p/shrink-x-review-ultimate-weight-loss-gummies-for-you.html
1086,Sight Fresh Reviews & Complaints 2026 | Is it Scam?,https://script.google.com/macros/s/AKfycbyEg7C5ZKjgkReinWdFyaSxp1lhEGgTAnmLWPQaMGhJpB9quv2v7hbbKNz6QFS_zvy0Lw/exec?p=sight-fresh-reviews-complaints-2026-is-it-scam,https://abretas.github.io/health-reviews-directory-2026/p/sight-fresh-reviews-complaints-2026-is-it-scam.html
1087,Sight Fresh Reviews Complaints 2026 Is It Scam 2,https://script.google.com/macros/s/AKfycbyEg7C5ZKjgkReinWdFyaSxp1lhEGgTAnmLWPQaMGhJpB9quv2v7hbbKNz6QFS_zvy0Lw/exec?p=sight-fresh-reviews-complaints-2026-is-it-scam-2,https://abretas.github.io/health-reviews-directory-2026/p/sight-fresh-reviews-complaints-2026-is-it-scam-2.html
1088,Sleep Lean Review: Powerful Weight Loss Supplement That Works,https://script.google.com/macros/s/AKfycbyEg7C5ZKjgkReinWdFyaSxp1lhEGgTAnmLWPQaMGhJpB9quv2v7hbbKNz6QFS_zvy0Lw/exec?p=sleep-lean-review-powerful-weight-loss-supplement-that-works,https://abretas.github.io/health-reviews-directory-2026/p/sleep-lean-review-powerful-weight-loss-supplement-that-works.html
1089,Sleep Lean Reviews: Is It a Scam or Legit? Honest Analysis,https://script.google.com/macros/s/AKfycbyEg7C5ZKjgkReinWdFyaSxp1lhEGgTAnmLWPQaMGhJpB9quv2v7hbbKNz6QFS_zvy0Lw/exec?p=sleep-lean-reviews-is-it-a-scam-or-legit-honest-analysis,https://abretas.github.io/health-reviews-directory-2026/p/sleep-lean-reviews-is-it-a-scam-or-legit-honest-analysis.html
1090,SleepLean Reviews & Complaints 2026 | Is it Worth Buying?,https://script.google.com/macros/s/AKfycbyEg7C5ZKjgkReinWdFyaSxp1lhEGgTAnmLWPQaMGhJpB9quv2v7hbbKNz6QFS_zvy0Lw/exec?p=sleeplean-reviews-complaints-2026-is-it-worth-buying,https://abretas.github.io/health-reviews-directory-2026/p/sleeplean-reviews-complaints-2026-is-it-worth-buying.html
1091,SleepLean Reviews & Complaints | Is it Worth Buying?,https://script.google.com/macros/s/AKfycbyEg7C5ZKjgkReinWdFyaSxp1lhEGgTAnmLWPQaMGhJpB9quv2v7hbbKNz6QFS_zvy0Lw/exec?p=sleeplean-reviews-complaints-is-it-worth-buying,https://abretas.github.io/health-reviews-directory-2026/p/sleeplean-reviews-complaints-is-it-worth-buying.html
1092,Sleepy Meditation Review: Discover Your Path To Abundance & Peace,https://script.google.com/macros/s/AKfycbyEg7C5ZKjgkReinWdFyaSxp1lhEGgTAnmLWPQaMGhJpB9quv2v7hbbKNz6QFS_zvy0Lw/exec?p=sleepy-meditation-review-discover-your-path-to-abundance-peace,https://abretas.github.io/health-reviews-directory-2026/p/sleepy-meditation-review-discover-your-path-to-abundance-peace.html
1093,Slim Boost Tea Customer Reviews,https://script.google.com/macros/s/AKfycbyEg7C5ZKjgkReinWdFyaSxp1lhEGgTAnmLWPQaMGhJpB9quv2v7hbbKNz6QFS_zvy0Lw/exec?p=slim-boost-tea-customer-reviews,https://abretas.github.io/health-reviews-directory-2026/p/slim-boost-tea-customer-reviews.html
1094,Slim Boost Tea Reviews,https://script.google.com/macros/s/AKfycbyEg7C5ZKjgkReinWdFyaSxp1lhEGgTAnmLWPQaMGhJpB9quv2v7hbbKNz6QFS_zvy0Lw/exec?p=slim-boost-tea-reviews,https://abretas.github.io/health-reviews-directory-2026/p/slim-boost-tea-reviews.html
1095,Slim Boost Tea Reviews & Complaints 2026 | Is It Worth It?,https://script.google.com/macros/s/AKfycbyEg7C5ZKjgkReinWdFyaSxp1lhEGgTAnmLWPQaMGhJpB9quv2v7hbbKNz6QFS_zvy0Lw/exec?p=slim-boost-tea-reviews-complaints-2026-is-it-worth-it,https://abretas.github.io/health-reviews-directory-2026/p/slim-boost-tea-reviews-complaints-2026-is-it-worth-it.html
1096,Slim Crystal Reviews,https://script.google.com/macros/s/AKfycbyEg7C5ZKjgkReinWdFyaSxp1lhEGgTAnmLWPQaMGhJpB9quv2v7hbbKNz6QFS_zvy0Lw/exec?p=slim-crystal-reviews,https://abretas.github.io/health-reviews-directory-2026/p/slim-crystal-reviews.html
1097,Slim Crystal Reviews & Complaints 2026 | Is It Worth Buying?,https://script.google.com/macros/s/AKfycbyEg7C5ZKjgkReinWdFyaSxp1lhEGgTAnmLWPQaMGhJpB9quv2v7hbbKNz6QFS_zvy0Lw/exec?p=slim-crystal-reviews-complaints-2026-is-it-worth-buying,https://abretas.github.io/health-reviews-directory-2026/p/slim-crystal-reviews-complaints-2026-is-it-worth-buying.html
1098,Slim Guard Review: The Ultimate Weight Loss Solution,https://script.google.com/macros/s/AKfycbyEg7C5ZKjgkReinWdFyaSxp1lhEGgTAnmLWPQaMGhJpB9quv2v7hbbKNz6QFS_zvy0Lw/exec?p=slim-guard-review-the-ultimate-weight-loss-solution,https://abretas.github.io/health-reviews-directory-2026/p/slim-guard-review-the-ultimate-weight-loss-solution.html
1099,SlimPulse Reviews,https://script.google.com/macros/s/AKfycbyEg7C5ZKjgkReinWdFyaSxp1lhEGgTAnmLWPQaMGhJpB9quv2v7hbbKNz6QFS_zvy0Lw/exec?p=slimpulse-reviews,https://abretas.github.io/health-reviews-directory-2026/p/slimpulse-reviews.html
1100,Slimpulse Review : (A Comprehensive Analysis of Its Effectiveness) Does It Really Help Burn Fat and California City,https://script.google.com/macros/s/AKfycbyEg7C5ZKjgkReinWdFyaSxp1lhEGgTAnmLWPQaMGhJpB9quv2v7hbbKNz6QFS_zvy0Lw/exec?p=slimpulse-review-a-comprehensive-analysis-of-its-effectiveness-does-it-really-help-burn-fat-and-california-city,https://abretas.github.io/health-reviews-directory-2026/p/slimpulse-review-a-comprehensive-analysis-of-its-effectiveness-does-it-really-help-burn-fat-and-california-city.html
1101,Slumber Slim Review: Proven Weight Loss Sleep Supplement That Works,https://script.google.com/macros/s/AKfycbyEg7C5ZKjgkReinWdFyaSxp1lhEGgTAnmLWPQaMGhJpB9quv2v7hbbKNz6QFS_zvy0Lw/exec?p=slumber-slim-review-proven-weight-loss-sleep-supplement-that-works,https://abretas.github.io/health-reviews-directory-2026/p/slumber-slim-review-proven-weight-loss-sleep-supplement-that-works.html
1102,Smart Water Box Reviews 2026 | Does It Really Work or Not?,https://script.google.com/macros/s/AKfycbyEg7C5ZKjgkReinWdFyaSxp1lhEGgTAnmLWPQaMGhJpB9quv2v7hbbKNz6QFS_zvy0Lw/exec?p=smart-water-box-reviews-2026-does-it-really-work-or-not,https://abretas.github.io/health-reviews-directory-2026/p/smart-water-box-reviews-2026-does-it-really-work-or-not.html
1103,Smart Water Box Reviews 2026 | Is It Worth It?,https://script.google.com/macros/s/AKfycbyEg7C5ZKjgkReinWdFyaSxp1lhEGgTAnmLWPQaMGhJpB9quv2v7hbbKNz6QFS_zvy0Lw/exec?p=smart-water-box-reviews-2026-is-it-worth-it,https://abretas.github.io/health-reviews-directory-2026/p/smart-water-box-reviews-2026-is-it-worth-it.html
1104,Smart Water Box Reviews 2026: Is It Worth Trying Or a Scam?,https://script.google.com/macros/s/AKfycbyEg7C5ZKjgkReinWdFyaSxp1lhEGgTAnmLWPQaMGhJpB9quv2v7hbbKNz6QFS_zvy0Lw/exec?p=smart-water-box-reviews-2026-is-it-worth-trying-or-a-scam,https://abretas.github.io/health-reviews-directory-2026/p/smart-water-box-reviews-2026-is-it-worth-trying-or-a-scam.html
1105,Solar Innovator Review: 3D Solar Sphere Generates Energy On Demand,https://script.google.com/macros/s/AKfycbyEg7C5ZKjgkReinWdFyaSxp1lhEGgTAnmLWPQaMGhJpB9quv2v7hbbKNz6QFS_zvy0Lw/exec?p=solar-innovator-review-3d-solar-sphere-generates-energy-on-demand,https://abretas.github.io/health-reviews-directory-2026/p/solar-innovator-review-3d-solar-sphere-generates-energy-on-demand.html
1106,Solar Safe Review: Odd System Rips Power Bills Effortlessly,https://script.google.com/macros/s/AKfycbyEg7C5ZKjgkReinWdFyaSxp1lhEGgTAnmLWPQaMGhJpB9quv2v7hbbKNz6QFS_zvy0Lw/exec?p=solar-safe-review-odd-system-rips-power-bills-effortlessly,https://abretas.github.io/health-reviews-directory-2026/p/solar-safe-review-odd-system-rips-power-bills-effortlessly.html
1107,SonoBliss Reviews,https://script.google.com/macros/s/AKfycbyEg7C5ZKjgkReinWdFyaSxp1lhEGgTAnmLWPQaMGhJpB9quv2v7hbbKNz6QFS_zvy0Lw/exec?p=sonobliss-reviews,https://abretas.github.io/health-reviews-directory-2026/p/sonobliss-reviews.html
1108,SonoFit Review: Does This Hearing Booster Really Works For Tinnitus,https://script.google.com/macros/s/AKfycbyEg7C5ZKjgkReinWdFyaSxp1lhEGgTAnmLWPQaMGhJpB9quv2v7hbbKNz6QFS_zvy0Lw/exec?p=sonofit-review-does-this-hearing-booster-really-works-for-tinnitus,https://abretas.github.io/health-reviews-directory-2026/p/sonofit-review-does-this-hearing-booster-really-works-for-tinnitus.html
1109,SonoVive Review: Improve Hear Health With This Supplement,https://script.google.com/macros/s/AKfycbyEg7C5ZKjgkReinWdFyaSxp1lhEGgTAnmLWPQaMGhJpB9quv2v7hbbKNz6QFS_zvy0Lw/exec?p=sonovive-review-improve-hear-health-with-this-supplement,https://abretas.github.io/health-reviews-directory-2026/p/sonovive-review-improve-hear-health-with-this-supplement.html
1110,SonoVive Reviews 2026 | Is It Worth Buying? Users Opinion!,https://script.google.com/macros/s/AKfycbyEg7C5ZKjgkReinWdFyaSxp1lhEGgTAnmLWPQaMGhJpB9quv2v7hbbKNz6QFS_zvy0Lw/exec?p=sonovive-reviews-2026-is-it-worth-buying-users-opinion,https://abretas.github.io/health-reviews-directory-2026/p/sonovive-reviews-2026-is-it-worth-buying-users-opinion.html
1111,SonoVive Reviews 2026: Is It Effective or a Scam?,https://script.google.com/macros/s/AKfycbyEg7C5ZKjgkReinWdFyaSxp1lhEGgTAnmLWPQaMGhJpB9quv2v7hbbKNz6QFS_zvy0Lw/exec?p=sonovive-reviews-2026-is-it-effective-or-a-scam,https://abretas.github.io/health-reviews-directory-2026/p/sonovive-reviews-2026-is-it-effective-or-a-scam.html
1112,Sonovive Customer Reviews,https://script.google.com/macros/s/AKfycbyEg7C5ZKjgkReinWdFyaSxp1lhEGgTAnmLWPQaMGhJpB9quv2v7hbbKNz6QFS_zvy0Lw/exec?p=sonovive-customer-reviews,https://abretas.github.io/health-reviews-directory-2026/p/sonovive-customer-reviews.html
1113,Sonu's Diabetes Secret Review: Karen Richardson's Program That Works,https://script.google.com/macros/s/AKfycbyEg7C5ZKjgkReinWdFyaSxp1lhEGgTAnmLWPQaMGhJpB9quv2v7hbbKNz6QFS_zvy0Lw/exec?p=sonu-s-diabetes-secret-review-karen-richardson-s-program-that-works,https://abretas.github.io/health-reviews-directory-2026/p/sonu-s-diabetes-secret-review-karen-richardson-s-program-that-works.html
1114,Sonu’s Diabetes Secret Reviews,https://script.google.com/macros/s/AKfycbyEg7C5ZKjgkReinWdFyaSxp1lhEGgTAnmLWPQaMGhJpB9quv2v7hbbKNz6QFS_zvy0Lw/exec?p=sonu-s-diabetes-secret-reviews,https://abretas.github.io/health-reviews-directory-2026/p/sonu-s-diabetes-secret-reviews.html
1115,Soul Destiny Reading Reviews & Complaints | Is It Worth It?,https://script.google.com/macros/s/AKfycbyEg7C5ZKjgkReinWdFyaSxp1lhEGgTAnmLWPQaMGhJpB9quv2v7hbbKNz6QFS_zvy0Lw/exec?p=soul-destiny-reading-reviews-complaints-is-it-worth-it,https://abretas.github.io/health-reviews-directory-2026/p/soul-destiny-reading-reviews-complaints-is-it-worth-it.html
1116,Soul Gaze Sketch Review: Dream of Your Soulmate Tonight,https://script.google.com/macros/s/AKfycbyEg7C5ZKjgkReinWdFyaSxp1lhEGgTAnmLWPQaMGhJpB9quv2v7hbbKNz6QFS_zvy0Lw/exec?p=soul-gaze-sketch-review-dream-of-your-soulmate-tonight,https://abretas.github.io/health-reviews-directory-2026/p/soul-gaze-sketch-review-dream-of-your-soulmate-tonight.html
1117,Soulmate Origin Reading Review: Find Your Soulmate With This Shockingly Accurate,https://script.google.com/macros/s/AKfycbyEg7C5ZKjgkReinWdFyaSxp1lhEGgTAnmLWPQaMGhJpB9quv2v7hbbKNz6QFS_zvy0Lw/exec?p=soulmate-origin-reading-review-find-your-soulmate-with-this-shockingly-accurate,https://abretas.github.io/health-reviews-directory-2026/p/soulmate-origin-reading-review-find-your-soulmate-with-this-shockingly-accurate.html
1118,Soulmate Sketch Review: Is It Worth Trying,https://script.google.com/macros/s/AKfycbyEg7C5ZKjgkReinWdFyaSxp1lhEGgTAnmLWPQaMGhJpB9quv2v7hbbKNz6QFS_zvy0Lw/exec?p=soulmate-sketch-review-is-it-worth-trying,https://abretas.github.io/health-reviews-directory-2026/p/soulmate-sketch-review-is-it-worth-trying.html
1119,Soulmate Story Review: Psychic Insight and Artistic Expertise,https://script.google.com/macros/s/AKfycbyEg7C5ZKjgkReinWdFyaSxp1lhEGgTAnmLWPQaMGhJpB9quv2v7hbbKNz6QFS_zvy0Lw/exec?p=soulmate-story-review-psychic-insight-and-artistic-expertise,https://abretas.github.io/health-reviews-directory-2026/p/soulmate-story-review-psychic-insight-and-artistic-expertise.html
1120,SpartaMax Reviews – Is It Worth It Or Scam? The Truth,https://script.google.com/macros/s/AKfycbyEg7C5ZKjgkReinWdFyaSxp1lhEGgTAnmLWPQaMGhJpB9quv2v7hbbKNz6QFS_zvy0Lw/exec?p=spartamax-reviews-is-it-worth-it-or-scam-the-truth,https://abretas.github.io/health-reviews-directory-2026/p/spartamax-reviews-is-it-worth-it-or-scam-the-truth.html
1121,Spartamax Reviews Is It Worth It Or Scam The Truth 2,https://script.google.com/macros/s/AKfycbyEg7C5ZKjgkReinWdFyaSxp1lhEGgTAnmLWPQaMGhJpB9quv2v7hbbKNz6QFS_zvy0Lw/exec?p=spartamax-reviews-is-it-worth-it-or-scam-the-truth-2,https://abretas.github.io/health-reviews-directory-2026/p/spartamax-reviews-is-it-worth-it-or-scam-the-truth-2.html
1122,Speak To Spark Arousal Review: Unleash Your Charisma and Attract Women,https://script.google.com/macros/s/AKfycbyEg7C5ZKjgkReinWdFyaSxp1lhEGgTAnmLWPQaMGhJpB9quv2v7hbbKNz6QFS_zvy0Lw/exec?p=speak-to-spark-arousal-review-unleash-your-charisma-and-attract-women,https://abretas.github.io/health-reviews-directory-2026/p/speak-to-spark-arousal-review-unleash-your-charisma-and-attract-women.html
1123,Spiritual Salt Review: Enhance Your Spiritual Well-being,https://script.google.com/macros/s/AKfycbyEg7C5ZKjgkReinWdFyaSxp1lhEGgTAnmLWPQaMGhJpB9quv2v7hbbKNz6QFS_zvy0Lw/exec?p=spiritual-salt-review-enhance-your-spiritual-well-being,https://abretas.github.io/health-reviews-directory-2026/p/spiritual-salt-review-enhance-your-spiritual-well-being.html
1124,Spiritual Salt Reviews,https://script.google.com/macros/s/AKfycbyEg7C5ZKjgkReinWdFyaSxp1lhEGgTAnmLWPQaMGhJpB9quv2v7hbbKNz6QFS_zvy0Lw/exec?p=spiritual-salt-reviews,https://abretas.github.io/health-reviews-directory-2026/p/spiritual-salt-reviews.html
1125,Spiritual Salt Reviews & Complaints | Is it Worth Buying?,https://script.google.com/macros/s/AKfycbyEg7C5ZKjgkReinWdFyaSxp1lhEGgTAnmLWPQaMGhJpB9quv2v7hbbKNz6QFS_zvy0Lw/exec?p=spiritual-salt-reviews-complaints-is-it-worth-buying,https://abretas.github.io/health-reviews-directory-2026/p/spiritual-salt-reviews-complaints-is-it-worth-buying.html
1126,Spiritual Sticks Reviews,https://script.google.com/macros/s/AKfycbyEg7C5ZKjgkReinWdFyaSxp1lhEGgTAnmLWPQaMGhJpB9quv2v7hbbKNz6QFS_zvy0Lw/exec?p=spiritual-sticks-reviews,https://abretas.github.io/health-reviews-directory-2026/p/spiritual-sticks-reviews.html
1127,Sqribble Review: Does This eBook Software Really Worth,https://script.google.com/macros/s/AKfycbyEg7C5ZKjgkReinWdFyaSxp1lhEGgTAnmLWPQaMGhJpB9quv2v7hbbKNz6QFS_zvy0Lw/exec?p=sqribble-review-does-this-ebook-software-really-worth,https://abretas.github.io/health-reviews-directory-2026/p/sqribble-review-does-this-ebook-software-really-worth.html
1128,Steel Bite Pro Review: Oral Health Supplement That Works,https://script.google.com/macros/s/AKfycbyEg7C5ZKjgkReinWdFyaSxp1lhEGgTAnmLWPQaMGhJpB9quv2v7hbbKNz6QFS_zvy0Lw/exec?p=steel-bite-pro-review-oral-health-supplement-that-works,https://abretas.github.io/health-reviews-directory-2026/p/steel-bite-pro-review-oral-health-supplement-that-works.html
1129,Steel Flow Pro Review: Transforming Prostate Health Naturally,https://script.google.com/macros/s/AKfycbyEg7C5ZKjgkReinWdFyaSxp1lhEGgTAnmLWPQaMGhJpB9quv2v7hbbKNz6QFS_zvy0Lw/exec?p=steel-flow-pro-review-transforming-prostate-health-naturally,https://abretas.github.io/health-reviews-directory-2026/p/steel-flow-pro-review-transforming-prostate-health-naturally.html
1130,Steel Flow Pro Reviews,https://script.google.com/macros/s/AKfycbyEg7C5ZKjgkReinWdFyaSxp1lhEGgTAnmLWPQaMGhJpB9quv2v7hbbKNz6QFS_zvy0Lw/exec?p=steel-flow-pro-reviews,https://abretas.github.io/health-reviews-directory-2026/p/steel-flow-pro-reviews.html
1131,Stockpile Savior Survival Guide Review: Prepare for the Future,https://script.google.com/macros/s/AKfycbyEg7C5ZKjgkReinWdFyaSxp1lhEGgTAnmLWPQaMGhJpB9quv2v7hbbKNz6QFS_zvy0Lw/exec?p=stockpile-savior-survival-guide-review-prepare-for-the-future,https://abretas.github.io/health-reviews-directory-2026/p/stockpile-savior-survival-guide-review-prepare-for-the-future.html
1132,Sugar Defender Review: Blood Sugar Formula That Works,https://script.google.com/macros/s/AKfycbyEg7C5ZKjgkReinWdFyaSxp1lhEGgTAnmLWPQaMGhJpB9quv2v7hbbKNz6QFS_zvy0Lw/exec?p=sugar-defender-review-blood-sugar-formula-that-works,https://abretas.github.io/health-reviews-directory-2026/p/sugar-defender-review-blood-sugar-formula-that-works.html
1133,Sugar Defender Reviews & Complaints 2026 | Is it Scam?,https://script.google.com/macros/s/AKfycbyEg7C5ZKjgkReinWdFyaSxp1lhEGgTAnmLWPQaMGhJpB9quv2v7hbbKNz6QFS_zvy0Lw/exec?p=sugar-defender-reviews-complaints-2026-is-it-scam,https://abretas.github.io/health-reviews-directory-2026/p/sugar-defender-reviews-complaints-2026-is-it-scam.html
1134,Sugar Defender Reviews & Complaints 2026 – Is It Worth Buying?,https://script.google.com/macros/s/AKfycbyEg7C5ZKjgkReinWdFyaSxp1lhEGgTAnmLWPQaMGhJpB9quv2v7hbbKNz6QFS_zvy0Lw/exec?p=sugar-defender-reviews-complaints-2026-is-it-worth-buying,https://abretas.github.io/health-reviews-directory-2026/p/sugar-defender-reviews-complaints-2026-is-it-worth-buying.html
1135,Sugar Defender Reviews 2026 – Is It Worth Buying?,https://script.google.com/macros/s/AKfycbyEg7C5ZKjgkReinWdFyaSxp1lhEGgTAnmLWPQaMGhJpB9quv2v7hbbKNz6QFS_zvy0Lw/exec?p=sugar-defender-reviews-2026-is-it-worth-buying,https://abretas.github.io/health-reviews-directory-2026/p/sugar-defender-reviews-2026-is-it-worth-buying.html
1136,Sugar Defender Reviews – Is This Worth Your Money?,https://script.google.com/macros/s/AKfycbyEg7C5ZKjgkReinWdFyaSxp1lhEGgTAnmLWPQaMGhJpB9quv2v7hbbKNz6QFS_zvy0Lw/exec?p=sugar-defender-reviews-is-this-worth-your-money,https://abretas.github.io/health-reviews-directory-2026/p/sugar-defender-reviews-is-this-worth-your-money.html
1137,SugarMute Reviews & Complaints 2026 | Is It Scam?,https://script.google.com/macros/s/AKfycbyEg7C5ZKjgkReinWdFyaSxp1lhEGgTAnmLWPQaMGhJpB9quv2v7hbbKNz6QFS_zvy0Lw/exec?p=sugarmute-reviews-complaints-2026-is-it-scam,https://abretas.github.io/health-reviews-directory-2026/p/sugarmute-reviews-complaints-2026-is-it-scam.html
1138,SugarMute Reviews 2026 | Is It Worth Buying or Scam?,https://script.google.com/macros/s/AKfycbyEg7C5ZKjgkReinWdFyaSxp1lhEGgTAnmLWPQaMGhJpB9quv2v7hbbKNz6QFS_zvy0Lw/exec?p=sugarmute-reviews-2026-is-it-worth-buying-or-scam,https://abretas.github.io/health-reviews-directory-2026/p/sugarmute-reviews-2026-is-it-worth-buying-or-scam.html
1139,Sumatra Slim Belly Tonic Review: Weight Loss Drink That Works,https://script.google.com/macros/s/AKfycbyEg7C5ZKjgkReinWdFyaSxp1lhEGgTAnmLWPQaMGhJpB9quv2v7hbbKNz6QFS_zvy0Lw/exec?p=sumatra-slim-belly-tonic-review-weight-loss-drink-that-works,https://abretas.github.io/health-reviews-directory-2026/p/sumatra-slim-belly-tonic-review-weight-loss-drink-that-works.html
1140,Sumatra Slim Belly Tonic Reviews & Complaints 2026 | Is it Scam?,https://script.google.com/macros/s/AKfycbyEg7C5ZKjgkReinWdFyaSxp1lhEGgTAnmLWPQaMGhJpB9quv2v7hbbKNz6QFS_zvy0Lw/exec?p=sumatra-slim-belly-tonic-reviews-complaints-2026-is-it-scam,https://abretas.github.io/health-reviews-directory-2026/p/sumatra-slim-belly-tonic-reviews-complaints-2026-is-it-scam.html
1141,Sumatra Slim Belly Tonic Reviews & Complaints | Experts Advice,https://script.google.com/macros/s/AKfycbyEg7C5ZKjgkReinWdFyaSxp1lhEGgTAnmLWPQaMGhJpB9quv2v7hbbKNz6QFS_zvy0Lw/exec?p=sumatra-slim-belly-tonic-reviews-complaints-experts-advice,https://abretas.github.io/health-reviews-directory-2026/p/sumatra-slim-belly-tonic-reviews-complaints-experts-advice.html
1142,Sumatra Slim Belly Tonic Reviews | Is It Scam or Legit?,https://script.google.com/macros/s/AKfycbyEg7C5ZKjgkReinWdFyaSxp1lhEGgTAnmLWPQaMGhJpB9quv2v7hbbKNz6QFS_zvy0Lw/exec?p=sumatra-slim-belly-tonic-reviews-is-it-scam-or-legit,https://abretas.github.io/health-reviews-directory-2026/p/sumatra-slim-belly-tonic-reviews-is-it-scam-or-legit.html
1143,"Sumatra Slim Belly Tonic Reviews: Benefits, Results & Guide",https://script.google.com/macros/s/AKfycbyEg7C5ZKjgkReinWdFyaSxp1lhEGgTAnmLWPQaMGhJpB9quv2v7hbbKNz6QFS_zvy0Lw/exec?p=sumatra-slim-belly-tonic-reviews-benefits-results-guide,https://abretas.github.io/health-reviews-directory-2026/p/sumatra-slim-belly-tonic-reviews-benefits-results-guide.html
1144,Sumatra Slim Belly Tonic Reviews: Flat Tummy Tonic That Works,https://script.google.com/macros/s/AKfycbyEg7C5ZKjgkReinWdFyaSxp1lhEGgTAnmLWPQaMGhJpB9quv2v7hbbKNz6QFS_zvy0Lw/exec?p=sumatra-slim-belly-tonic-reviews-flat-tummy-tonic-that-works,https://abretas.github.io/health-reviews-directory-2026/p/sumatra-slim-belly-tonic-reviews-flat-tummy-tonic-that-works.html
1145,Sumatra Tonic Reviews: Blue Belly Tonic For Natural Fat Loss,https://script.google.com/macros/s/AKfycbyEg7C5ZKjgkReinWdFyaSxp1lhEGgTAnmLWPQaMGhJpB9quv2v7hbbKNz6QFS_zvy0Lw/exec?p=sumatra-tonic-reviews-blue-belly-tonic-for-natural-fat-loss,https://abretas.github.io/health-reviews-directory-2026/p/sumatra-tonic-reviews-blue-belly-tonic-for-natural-fat-loss.html
1146,Super Memory Formula Reviews & Complaints | Is It Worth it?,https://script.google.com/macros/s/AKfycbyEg7C5ZKjgkReinWdFyaSxp1lhEGgTAnmLWPQaMGhJpB9quv2v7hbbKNz6QFS_zvy0Lw/exec?p=super-memory-formula-reviews-complaints-is-it-worth-it,https://abretas.github.io/health-reviews-directory-2026/p/super-memory-formula-reviews-complaints-is-it-worth-it.html
1147,Super Mind Signal Review: Transform Your Life With Advanced Sound Signals,https://script.google.com/macros/s/AKfycbyEg7C5ZKjgkReinWdFyaSxp1lhEGgTAnmLWPQaMGhJpB9quv2v7hbbKNz6QFS_zvy0Lw/exec?p=super-mind-signal-review-transform-your-life-with-advanced-sound-signals,https://abretas.github.io/health-reviews-directory-2026/p/super-mind-signal-review-transform-your-life-with-advanced-sound-signals.html
1148,SuperThin Review: Grapefruit Supplement For Safe Weight Loss,https://script.google.com/macros/s/AKfycbyEg7C5ZKjgkReinWdFyaSxp1lhEGgTAnmLWPQaMGhJpB9quv2v7hbbKNz6QFS_zvy0Lw/exec?p=superthin-review-grapefruit-supplement-for-safe-weight-loss,https://abretas.github.io/health-reviews-directory-2026/p/superthin-review-grapefruit-supplement-for-safe-weight-loss.html
1149,SuperThin Reviews,https://script.google.com/macros/s/AKfycbyEg7C5ZKjgkReinWdFyaSxp1lhEGgTAnmLWPQaMGhJpB9quv2v7hbbKNz6QFS_zvy0Lw/exec?p=superthin-reviews,https://abretas.github.io/health-reviews-directory-2026/p/superthin-reviews.html
1150,SuperThin Reviews & Complaints 2026 | Is it Worth Buying?,https://script.google.com/macros/s/AKfycbyEg7C5ZKjgkReinWdFyaSxp1lhEGgTAnmLWPQaMGhJpB9quv2v7hbbKNz6QFS_zvy0Lw/exec?p=superthin-reviews-complaints-2026-is-it-worth-buying,https://abretas.github.io/health-reviews-directory-2026/p/superthin-reviews-complaints-2026-is-it-worth-buying.html
1151,SupraNail Reviews,https://script.google.com/macros/s/AKfycbyEg7C5ZKjgkReinWdFyaSxp1lhEGgTAnmLWPQaMGhJpB9quv2v7hbbKNz6QFS_zvy0Lw/exec?p=supranail-reviews,https://abretas.github.io/health-reviews-directory-2026/p/supranail-reviews.html
1152,SynaBoost Review: Enhance Your Brain Health Naturally,https://script.google.com/macros/s/AKfycbyEg7C5ZKjgkReinWdFyaSxp1lhEGgTAnmLWPQaMGhJpB9quv2v7hbbKNz6QFS_zvy0Lw/exec?p=synaboost-review-enhance-your-brain-health-naturally,https://abretas.github.io/health-reviews-directory-2026/p/synaboost-review-enhance-your-brain-health-naturally.html
1153,Sync Dietary Supplement Review: Sunlight Loophole For Shed Fat Fast,https://script.google.com/macros/s/AKfycbyEg7C5ZKjgkReinWdFyaSxp1lhEGgTAnmLWPQaMGhJpB9quv2v7hbbKNz6QFS_zvy0Lw/exec?p=sync-dietary-supplement-review-sunlight-loophole-for-shed-fat-fast,https://abretas.github.io/health-reviews-directory-2026/p/sync-dietary-supplement-review-sunlight-loophole-for-shed-fat-fast.html
1154,Sync Supplement Reviews: Is It the Key to Unlocking Your Metabolism and Burning Belly Fat,https://script.google.com/macros/s/AKfycbyEg7C5ZKjgkReinWdFyaSxp1lhEGgTAnmLWPQaMGhJpB9quv2v7hbbKNz6QFS_zvy0Lw/exec?p=sync-supplement-reviews-is-it-the-key-to-unlocking-your-metabolism-and-burning-belly-fat,https://abretas.github.io/health-reviews-directory-2026/p/sync-supplement-reviews-is-it-the-key-to-unlocking-your-metabolism-and-burning-belly-fat.html
1155,Sync Weight Loss Supplement Reviews: Proven Pills For Stubborn Fat Loss,https://script.google.com/macros/s/AKfycbyEg7C5ZKjgkReinWdFyaSxp1lhEGgTAnmLWPQaMGhJpB9quv2v7hbbKNz6QFS_zvy0Lw/exec?p=sync-weight-loss-supplement-reviews-proven-pills-for-stubborn-fat-loss,https://abretas.github.io/health-reviews-directory-2026/p/sync-weight-loss-supplement-reviews-proven-pills-for-stubborn-fat-loss.html
1156,Synevra Ultra Lift Reviews 2026: Does It Really Work?,https://script.google.com/macros/s/AKfycbyEg7C5ZKjgkReinWdFyaSxp1lhEGgTAnmLWPQaMGhJpB9quv2v7hbbKNz6QFS_zvy0Lw/exec?p=synevra-ultra-lift-reviews-2026-does-it-really-work,https://abretas.github.io/health-reviews-directory-2026/p/synevra-ultra-lift-reviews-2026-does-it-really-work.html
1157,Synevra Ultra Lift Reviews |  | Is It Worth Buying or Scam?,https://script.google.com/macros/s/AKfycbyEg7C5ZKjgkReinWdFyaSxp1lhEGgTAnmLWPQaMGhJpB9quv2v7hbbKNz6QFS_zvy0Lw/exec?p=synevra-ultra-lift-reviews-is-it-worth-buying-or-scam,https://abretas.github.io/health-reviews-directory-2026/p/synevra-ultra-lift-reviews-is-it-worth-buying-or-scam.html
1158,Synevra UltraLift Reviews – Is It a Scam or Legit?,https://script.google.com/macros/s/AKfycbyEg7C5ZKjgkReinWdFyaSxp1lhEGgTAnmLWPQaMGhJpB9quv2v7hbbKNz6QFS_zvy0Lw/exec?p=synevra-ultralift-reviews-is-it-a-scam-or-legit,https://abretas.github.io/health-reviews-directory-2026/p/synevra-ultralift-reviews-is-it-a-scam-or-legit.html
1159,SynoGut Review: Gut Health Supplement That Really Works,https://script.google.com/macros/s/AKfycbyEg7C5ZKjgkReinWdFyaSxp1lhEGgTAnmLWPQaMGhJpB9quv2v7hbbKNz6QFS_zvy0Lw/exec?p=synogut-review-gut-health-supplement-that-really-works,https://abretas.github.io/health-reviews-directory-2026/p/synogut-review-gut-health-supplement-that-really-works.html
1160,SynoGut Reviews,https://script.google.com/macros/s/AKfycbyEg7C5ZKjgkReinWdFyaSxp1lhEGgTAnmLWPQaMGhJpB9quv2v7hbbKNz6QFS_zvy0Lw/exec?p=synogut-reviews,https://abretas.github.io/health-reviews-directory-2026/p/synogut-reviews.html
1161,SynoGut Reviews & Complaints 2026 | Is It Worth it?,https://script.google.com/macros/s/AKfycbyEg7C5ZKjgkReinWdFyaSxp1lhEGgTAnmLWPQaMGhJpB9quv2v7hbbKNz6QFS_zvy0Lw/exec?p=synogut-reviews-complaints-2026-is-it-worth-it,https://abretas.github.io/health-reviews-directory-2026/p/synogut-reviews-complaints-2026-is-it-worth-it.html
1162,SynoGut Reviews: Effective Digestive Health Supplement That Works,https://script.google.com/macros/s/AKfycbyEg7C5ZKjgkReinWdFyaSxp1lhEGgTAnmLWPQaMGhJpB9quv2v7hbbKNz6QFS_zvy0Lw/exec?p=synogut-reviews-effective-digestive-health-supplement-that-works,https://abretas.github.io/health-reviews-directory-2026/p/synogut-reviews-effective-digestive-health-supplement-that-works.html
1163,Synogut Reviews & Complaints 2026 | Is It Worth Your Money?,https://script.google.com/macros/s/AKfycbyEg7C5ZKjgkReinWdFyaSxp1lhEGgTAnmLWPQaMGhJpB9quv2v7hbbKNz6QFS_zvy0Lw/exec?p=synogut-reviews-complaints-2026-is-it-worth-your-money,https://abretas.github.io/health-reviews-directory-2026/p/synogut-reviews-complaints-2026-is-it-worth-your-money.html
1164,Synogut Reviews 2026 – Is It Worth Buying?,https://script.google.com/macros/s/AKfycbyEg7C5ZKjgkReinWdFyaSxp1lhEGgTAnmLWPQaMGhJpB9quv2v7hbbKNz6QFS_zvy0Lw/exec?p=synogut-reviews-2026-is-it-worth-buying,https://abretas.github.io/health-reviews-directory-2026/p/synogut-reviews-2026-is-it-worth-buying.html
1165,Synogut vs Emma – Which is Right for You?,https://script.google.com/macros/s/AKfycbyEg7C5ZKjgkReinWdFyaSxp1lhEGgTAnmLWPQaMGhJpB9quv2v7hbbKNz6QFS_zvy0Lw/exec?p=synogut-vs-emma-which-is-right-for-you,https://abretas.github.io/health-reviews-directory-2026/p/synogut-vs-emma-which-is-right-for-you.html
1166,TMJ No More Review: Easy 3-Minute-A-Day Exercises Fix TMJ Disorders,https://script.google.com/macros/s/AKfycbyEg7C5ZKjgkReinWdFyaSxp1lhEGgTAnmLWPQaMGhJpB9quv2v7hbbKNz6QFS_zvy0Lw/exec?p=tmj-no-more-review-easy-3-minute-a-day-exercises-fix-tmj-disorders,https://abretas.github.io/health-reviews-directory-2026/p/tmj-no-more-review-easy-3-minute-a-day-exercises-fix-tmj-disorders.html
1167,Tarot Element Reading Review: Unlocking the Mysteries,https://script.google.com/macros/s/AKfycbyEg7C5ZKjgkReinWdFyaSxp1lhEGgTAnmLWPQaMGhJpB9quv2v7hbbKNz6QFS_zvy0Lw/exec?p=tarot-element-reading-review-unlocking-the-mysteries,https://abretas.github.io/health-reviews-directory-2026/p/tarot-element-reading-review-unlocking-the-mysteries.html
1168,Tea Burn Review: Proven Weight Loss Tea That Works Faster,https://script.google.com/macros/s/AKfycbyEg7C5ZKjgkReinWdFyaSxp1lhEGgTAnmLWPQaMGhJpB9quv2v7hbbKNz6QFS_zvy0Lw/exec?p=tea-burn-review-proven-weight-loss-tea-that-works-faster,https://abretas.github.io/health-reviews-directory-2026/p/tea-burn-review-proven-weight-loss-tea-that-works-faster.html
1169,Tea Burn Reviews & Complaints 2026 | Is It Worth it?,https://script.google.com/macros/s/AKfycbyEg7C5ZKjgkReinWdFyaSxp1lhEGgTAnmLWPQaMGhJpB9quv2v7hbbKNz6QFS_zvy0Lw/exec?p=tea-burn-reviews-complaints-2026-is-it-worth-it,https://abretas.github.io/health-reviews-directory-2026/p/tea-burn-reviews-complaints-2026-is-it-worth-it.html
1170,Teds Woodworking Reviews & Complaints 2026 | Is It Worth It?,https://script.google.com/macros/s/AKfycbyEg7C5ZKjgkReinWdFyaSxp1lhEGgTAnmLWPQaMGhJpB9quv2v7hbbKNz6QFS_zvy0Lw/exec?p=teds-woodworking-reviews-complaints-2026-is-it-worth-it,https://abretas.github.io/health-reviews-directory-2026/p/teds-woodworking-reviews-complaints-2026-is-it-worth-it.html
1171,Teds Woodworking Reviews 2026 | Is It Legit or Scam?,https://script.google.com/macros/s/AKfycbyEg7C5ZKjgkReinWdFyaSxp1lhEGgTAnmLWPQaMGhJpB9quv2v7hbbKNz6QFS_zvy0Lw/exec?p=teds-woodworking-reviews-2026-is-it-legit-or-scam,https://abretas.github.io/health-reviews-directory-2026/p/teds-woodworking-reviews-2026-is-it-legit-or-scam.html
1172,TedsWoodworking Review: is It Worth Your Investment,https://script.google.com/macros/s/AKfycbyEg7C5ZKjgkReinWdFyaSxp1lhEGgTAnmLWPQaMGhJpB9quv2v7hbbKNz6QFS_zvy0Lw/exec?p=tedswoodworking-review-is-it-worth-your-investment,https://abretas.github.io/health-reviews-directory-2026/p/tedswoodworking-review-is-it-worth-your-investment.html
1173,Ted’s Woodworking Reviews | Is It Worth It? Honest Review,https://script.google.com/macros/s/AKfycbyEg7C5ZKjgkReinWdFyaSxp1lhEGgTAnmLWPQaMGhJpB9quv2v7hbbKNz6QFS_zvy0Lw/exec?p=ted-s-woodworking-reviews-is-it-worth-it-honest-review,https://abretas.github.io/health-reviews-directory-2026/p/ted-s-woodworking-reviews-is-it-worth-it-honest-review.html
1174,Tesla Wealth Script Reviews | Is it Worth it or a Scam?,https://script.google.com/macros/s/AKfycbyEg7C5ZKjgkReinWdFyaSxp1lhEGgTAnmLWPQaMGhJpB9quv2v7hbbKNz6QFS_zvy0Lw/exec?p=tesla-wealth-script-reviews-is-it-worth-it-or-a-scam,https://abretas.github.io/health-reviews-directory-2026/p/tesla-wealth-script-reviews-is-it-worth-it-or-a-scam.html
1175,TestoChews Review: Real Testo Booster That Works,https://script.google.com/macros/s/AKfycbyEg7C5ZKjgkReinWdFyaSxp1lhEGgTAnmLWPQaMGhJpB9quv2v7hbbKNz6QFS_zvy0Lw/exec?p=testochews-review-real-testo-booster-that-works,https://abretas.github.io/health-reviews-directory-2026/p/testochews-review-real-testo-booster-that-works.html
1176,TestoChews Reviews,https://script.google.com/macros/s/AKfycbyEg7C5ZKjgkReinWdFyaSxp1lhEGgTAnmLWPQaMGhJpB9quv2v7hbbKNz6QFS_zvy0Lw/exec?p=testochews-reviews,https://abretas.github.io/health-reviews-directory-2026/p/testochews-reviews.html
1177,TestoGreens Review: Boosting Testosterone Naturally,https://script.google.com/macros/s/AKfycbyEg7C5ZKjgkReinWdFyaSxp1lhEGgTAnmLWPQaMGhJpB9quv2v7hbbKNz6QFS_zvy0Lw/exec?p=testogreens-review-boosting-testosterone-naturally,https://abretas.github.io/health-reviews-directory-2026/p/testogreens-review-boosting-testosterone-naturally.html
1178,Testosil Review: Supplement For Boosting Testosterone,https://script.google.com/macros/s/AKfycbyEg7C5ZKjgkReinWdFyaSxp1lhEGgTAnmLWPQaMGhJpB9quv2v7hbbKNz6QFS_zvy0Lw/exec?p=testosil-review-supplement-for-boosting-testosterone,https://abretas.github.io/health-reviews-directory-2026/p/testosil-review-supplement-for-boosting-testosterone.html
1179,Testosil Reviews,https://script.google.com/macros/s/AKfycbyEg7C5ZKjgkReinWdFyaSxp1lhEGgTAnmLWPQaMGhJpB9quv2v7hbbKNz6QFS_zvy0Lw/exec?p=testosil-reviews,https://abretas.github.io/health-reviews-directory-2026/p/testosil-reviews.html
1180,Text Chemistry Review: The Perfect Dating Program That Works,https://script.google.com/macros/s/AKfycbyEg7C5ZKjgkReinWdFyaSxp1lhEGgTAnmLWPQaMGhJpB9quv2v7hbbKNz6QFS_zvy0Lw/exec?p=text-chemistry-review-the-perfect-dating-program-that-works,https://abretas.github.io/health-reviews-directory-2026/p/text-chemistry-review-the-perfect-dating-program-that-works.html
1181,The 21 Day Smoothie Diet Reviews,https://script.google.com/macros/s/AKfycbyEg7C5ZKjgkReinWdFyaSxp1lhEGgTAnmLWPQaMGhJpB9quv2v7hbbKNz6QFS_zvy0Lw/exec?p=the-21-day-smoothie-diet-reviews,https://abretas.github.io/health-reviews-directory-2026/p/the-21-day-smoothie-diet-reviews.html
1182,The 21-Day Smoothie Diet Reviews & Complaints | Is It Scam?,https://script.google.com/macros/s/AKfycbyEg7C5ZKjgkReinWdFyaSxp1lhEGgTAnmLWPQaMGhJpB9quv2v7hbbKNz6QFS_zvy0Lw/exec?p=the-21-day-smoothie-diet-reviews-complaints-is-it-scam,https://abretas.github.io/health-reviews-directory-2026/p/the-21-day-smoothie-diet-reviews-complaints-is-it-scam.html
1183,The Acid Reflux Strategy Review: Scott Davis's Legit Guide,https://script.google.com/macros/s/AKfycbyEg7C5ZKjgkReinWdFyaSxp1lhEGgTAnmLWPQaMGhJpB9quv2v7hbbKNz6QFS_zvy0Lw/exec?p=the-acid-reflux-strategy-review-scott-davis-s-legit-guide,https://abretas.github.io/health-reviews-directory-2026/p/the-acid-reflux-strategy-review-scott-davis-s-legit-guide.html
1184,The Alexandria Code Review The Ancient Sound That Manifest Wealth Effortlessly 2,https://script.google.com/macros/s/AKfycbyEg7C5ZKjgkReinWdFyaSxp1lhEGgTAnmLWPQaMGhJpB9quv2v7hbbKNz6QFS_zvy0Lw/exec?p=the-alexandria-code-review-the-ancient-sound-that-manifest-wealth-effortlessly-2,https://abretas.github.io/health-reviews-directory-2026/p/the-alexandria-code-review-the-ancient-sound-that-manifest-wealth-effortlessly-2.html
1185,The Alexandria Code Review: The Ancient Sound That Manifest Wealth Effortlessly,https://script.google.com/macros/s/AKfycbyEg7C5ZKjgkReinWdFyaSxp1lhEGgTAnmLWPQaMGhJpB9quv2v7hbbKNz6QFS_zvy0Lw/exec?p=the-alexandria-code-review-the-ancient-sound-that-manifest-wealth-effortlessly,https://abretas.github.io/health-reviews-directory-2026/p/the-alexandria-code-review-the-ancient-sound-that-manifest-wealth-effortlessly.html
1186,The Anointed Path Review: Unlock God’s Miracles With This Divine Prayer,https://script.google.com/macros/s/AKfycbyEg7C5ZKjgkReinWdFyaSxp1lhEGgTAnmLWPQaMGhJpB9quv2v7hbbKNz6QFS_zvy0Lw/exec?p=the-anointed-path-review-unlock-god-s-miracles-with-this-divine-prayer,https://abretas.github.io/health-reviews-directory-2026/p/the-anointed-path-review-unlock-god-s-miracles-with-this-divine-prayer.html
1187,The Back Pain Miracle Review: Fix Back Pain With Simple Movements,https://script.google.com/macros/s/AKfycbyEg7C5ZKjgkReinWdFyaSxp1lhEGgTAnmLWPQaMGhJpB9quv2v7hbbKNz6QFS_zvy0Lw/exec?p=the-back-pain-miracle-review-fix-back-pain-with-simple-movements,https://abretas.github.io/health-reviews-directory-2026/p/the-back-pain-miracle-review-fix-back-pain-with-simple-movements.html
1188,The Back Pain Miracle Reviews,https://script.google.com/macros/s/AKfycbyEg7C5ZKjgkReinWdFyaSxp1lhEGgTAnmLWPQaMGhJpB9quv2v7hbbKNz6QFS_zvy0Lw/exec?p=the-back-pain-miracle-reviews,https://abretas.github.io/health-reviews-directory-2026/p/the-back-pain-miracle-reviews.html
1189,The BioEnergy Code Reviews – MUST Read My Personal Experience!!,https://script.google.com/macros/s/AKfycbyEg7C5ZKjgkReinWdFyaSxp1lhEGgTAnmLWPQaMGhJpB9quv2v7hbbKNz6QFS_zvy0Lw/exec?p=the-bioenergy-code-reviews-must-read-my-personal-experience,https://abretas.github.io/health-reviews-directory-2026/p/the-bioenergy-code-reviews-must-read-my-personal-experience.html
1190,The Brain Song Review 2026: Real Results or Just Hype?,https://script.google.com/macros/s/AKfycbyEg7C5ZKjgkReinWdFyaSxp1lhEGgTAnmLWPQaMGhJpB9quv2v7hbbKNz6QFS_zvy0Lw/exec?p=the-brain-song-review-2026-real-results-or-just-hype,https://abretas.github.io/health-reviews-directory-2026/p/the-brain-song-review-2026-real-results-or-just-hype.html
1191,The Brain Song Reviews: My Honest 30-Day Experience,https://script.google.com/macros/s/AKfycbyEg7C5ZKjgkReinWdFyaSxp1lhEGgTAnmLWPQaMGhJpB9quv2v7hbbKNz6QFS_zvy0Lw/exec?p=the-brain-song-reviews-my-honest-30-day-experience,https://abretas.github.io/health-reviews-directory-2026/p/the-brain-song-reviews-my-honest-30-day-experience.html
1192,The Chronic Kidney Disease Solution Reviews | Is It Worth it?,https://script.google.com/macros/s/AKfycbyEg7C5ZKjgkReinWdFyaSxp1lhEGgTAnmLWPQaMGhJpB9quv2v7hbbKNz6QFS_zvy0Lw/exec?p=the-chronic-kidney-disease-solution-reviews-is-it-worth-it,https://abretas.github.io/health-reviews-directory-2026/p/the-chronic-kidney-disease-solution-reviews-is-it-worth-it.html
1193,The Chronic Kidney Disease Solution Reviews – Honest Review!,https://script.google.com/macros/s/AKfycbyEg7C5ZKjgkReinWdFyaSxp1lhEGgTAnmLWPQaMGhJpB9quv2v7hbbKNz6QFS_zvy0Lw/exec?p=the-chronic-kidney-disease-solution-reviews-honest-review,https://abretas.github.io/health-reviews-directory-2026/p/the-chronic-kidney-disease-solution-reviews-honest-review.html
1194,The Clubhouse Fire Formula Reviews,https://script.google.com/macros/s/AKfycbyEg7C5ZKjgkReinWdFyaSxp1lhEGgTAnmLWPQaMGhJpB9quv2v7hbbKNz6QFS_zvy0Lw/exec?p=the-clubhouse-fire-formula-reviews,https://abretas.github.io/health-reviews-directory-2026/p/the-clubhouse-fire-formula-reviews.html
1195,The Covenant Blessing Review: Unlock Heaven's Favor Tonight,https://script.google.com/macros/s/AKfycbyEg7C5ZKjgkReinWdFyaSxp1lhEGgTAnmLWPQaMGhJpB9quv2v7hbbKNz6QFS_zvy0Lw/exec?p=the-covenant-blessing-review-unlock-heaven-s-favor-tonight,https://abretas.github.io/health-reviews-directory-2026/p/the-covenant-blessing-review-unlock-heaven-s-favor-tonight.html
1196,The Creator Code Reviews & Complaints 2026 | Is It Worth it?,https://script.google.com/macros/s/AKfycbyEg7C5ZKjgkReinWdFyaSxp1lhEGgTAnmLWPQaMGhJpB9quv2v7hbbKNz6QFS_zvy0Lw/exec?p=the-creator-code-reviews-complaints-2026-is-it-worth-it,https://abretas.github.io/health-reviews-directory-2026/p/the-creator-code-reviews-complaints-2026-is-it-worth-it.html
1197,The Dating Apocolpyse Review: Secret Language of Hookup That Works,https://script.google.com/macros/s/AKfycbyEg7C5ZKjgkReinWdFyaSxp1lhEGgTAnmLWPQaMGhJpB9quv2v7hbbKNz6QFS_zvy0Lw/exec?p=the-dating-apocolpyse-review-secret-language-of-hookup-that-works,https://abretas.github.io/health-reviews-directory-2026/p/the-dating-apocolpyse-review-secret-language-of-hookup-that-works.html
1198,The Devotion System Review: The Sassy Little Texting Secret for Dating,https://script.google.com/macros/s/AKfycbyEg7C5ZKjgkReinWdFyaSxp1lhEGgTAnmLWPQaMGhJpB9quv2v7hbbKNz6QFS_zvy0Lw/exec?p=the-devotion-system-review-the-sassy-little-texting-secret-for-dating,https://abretas.github.io/health-reviews-directory-2026/p/the-devotion-system-review-the-sassy-little-texting-secret-for-dating.html
1199,The Divine Prayer Review: An Excellent Prayer Program That Works,https://script.google.com/macros/s/AKfycbyEg7C5ZKjgkReinWdFyaSxp1lhEGgTAnmLWPQaMGhJpB9quv2v7hbbKNz6QFS_zvy0Lw/exec?p=the-divine-prayer-review-an-excellent-prayer-program-that-works,https://abretas.github.io/health-reviews-directory-2026/p/the-divine-prayer-review-an-excellent-prayer-program-that-works.html
1200,The Eggs Factory Review: Your Own Backyard Eggs Factory,https://script.google.com/macros/s/AKfycbyEg7C5ZKjgkReinWdFyaSxp1lhEGgTAnmLWPQaMGhJpB9quv2v7hbbKNz6QFS_zvy0Lw/exec?p=the-eggs-factory-review-your-own-backyard-eggs-factory,https://abretas.github.io/health-reviews-directory-2026/p/the-eggs-factory-review-your-own-backyard-eggs-factory.html
1201,The Elon Code Review: Attract Money Your Way Rapidly,https://script.google.com/macros/s/AKfycbyEg7C5ZKjgkReinWdFyaSxp1lhEGgTAnmLWPQaMGhJpB9quv2v7hbbKNz6QFS_zvy0Lw/exec?p=the-elon-code-review-attract-money-your-way-rapidly,https://abretas.github.io/health-reviews-directory-2026/p/the-elon-code-review-attract-money-your-way-rapidly.html
1202,The Elon Code Reviews & Complaints | Is It Worth it?,https://script.google.com/macros/s/AKfycbyEg7C5ZKjgkReinWdFyaSxp1lhEGgTAnmLWPQaMGhJpB9quv2v7hbbKNz6QFS_zvy0Lw/exec?p=the-elon-code-reviews-complaints-is-it-worth-it,https://abretas.github.io/health-reviews-directory-2026/p/the-elon-code-reviews-complaints-is-it-worth-it.html
1203,The Elon Code Reviews Complaints Is It Worth It 2,https://script.google.com/macros/s/AKfycbyEg7C5ZKjgkReinWdFyaSxp1lhEGgTAnmLWPQaMGhJpB9quv2v7hbbKNz6QFS_zvy0Lw/exec?p=the-elon-code-reviews-complaints-is-it-worth-it-2,https://abretas.github.io/health-reviews-directory-2026/p/the-elon-code-reviews-complaints-is-it-worth-it-2.html
1204,The Forbidden Secret Reviews & Complaints | Is It Worth It?,https://script.google.com/macros/s/AKfycbyEg7C5ZKjgkReinWdFyaSxp1lhEGgTAnmLWPQaMGhJpB9quv2v7hbbKNz6QFS_zvy0Lw/exec?p=the-forbidden-secret-reviews-complaints-is-it-worth-it,https://abretas.github.io/health-reviews-directory-2026/p/the-forbidden-secret-reviews-complaints-is-it-worth-it.html
1205,The GPT Creator Club Review: Start Publishing Your Own GPTs,https://script.google.com/macros/s/AKfycbyEg7C5ZKjgkReinWdFyaSxp1lhEGgTAnmLWPQaMGhJpB9quv2v7hbbKNz6QFS_zvy0Lw/exec?p=the-gpt-creator-club-review-start-publishing-your-own-gpts,https://abretas.github.io/health-reviews-directory-2026/p/the-gpt-creator-club-review-start-publishing-your-own-gpts.html
1206,The Genius Switch Review: Activate Your Brain Like Genius,https://script.google.com/macros/s/AKfycbyEg7C5ZKjgkReinWdFyaSxp1lhEGgTAnmLWPQaMGhJpB9quv2v7hbbKNz6QFS_zvy0Lw/exec?p=the-genius-switch-review-activate-your-brain-like-genius,https://abretas.github.io/health-reviews-directory-2026/p/the-genius-switch-review-activate-your-brain-like-genius.html
1207,The Genius Switch Reviews 2026: Is the $39 Audio Worth It?,https://script.google.com/macros/s/AKfycbyEg7C5ZKjgkReinWdFyaSxp1lhEGgTAnmLWPQaMGhJpB9quv2v7hbbKNz6QFS_zvy0Lw/exec?p=the-genius-switch-reviews-2026-is-the-39-audio-worth-it,https://abretas.github.io/health-reviews-directory-2026/p/the-genius-switch-reviews-2026-is-the-39-audio-worth-it.html
1208,The Genius Wave Review: Breakthrough Audio Series in Cognitive Sound Therapy,https://script.google.com/macros/s/AKfycbyEg7C5ZKjgkReinWdFyaSxp1lhEGgTAnmLWPQaMGhJpB9quv2v7hbbKNz6QFS_zvy0Lw/exec?p=the-genius-wave-review-breakthrough-audio-series-in-cognitive-sound-therapy,https://abretas.github.io/health-reviews-directory-2026/p/the-genius-wave-review-breakthrough-audio-series-in-cognitive-sound-therapy.html
1209,The Genius Wave Review: Theta Brainwave To Boost Your Brain Power,https://script.google.com/macros/s/AKfycbyEg7C5ZKjgkReinWdFyaSxp1lhEGgTAnmLWPQaMGhJpB9quv2v7hbbKNz6QFS_zvy0Lw/exec?p=the-genius-wave-review-theta-brainwave-to-boost-your-brain-power,https://abretas.github.io/health-reviews-directory-2026/p/the-genius-wave-review-theta-brainwave-to-boost-your-brain-power.html
1210,The Genius Wave Reviews,https://script.google.com/macros/s/AKfycbyEg7C5ZKjgkReinWdFyaSxp1lhEGgTAnmLWPQaMGhJpB9quv2v7hbbKNz6QFS_zvy0Lw/exec?p=the-genius-wave-reviews,https://abretas.github.io/health-reviews-directory-2026/p/the-genius-wave-reviews.html
1211,The Genius Wave Reviews Complaints 2026 | Is It Worth it?,https://script.google.com/macros/s/AKfycbyEg7C5ZKjgkReinWdFyaSxp1lhEGgTAnmLWPQaMGhJpB9quv2v7hbbKNz6QFS_zvy0Lw/exec?p=the-genius-wave-reviews-complaints-2026-is-it-worth-it,https://abretas.github.io/health-reviews-directory-2026/p/the-genius-wave-reviews-complaints-2026-is-it-worth-it.html
1212,The Grace Shield Review: The Forgotten Key to God’s Grace,https://script.google.com/macros/s/AKfycbyEg7C5ZKjgkReinWdFyaSxp1lhEGgTAnmLWPQaMGhJpB9quv2v7hbbKNz6QFS_zvy0Lw/exec?p=the-grace-shield-review-the-forgotten-key-to-god-s-grace,https://abretas.github.io/health-reviews-directory-2026/p/the-grace-shield-review-the-forgotten-key-to-god-s-grace.html
1213,The Growth Matrix Customer Reviews,https://script.google.com/macros/s/AKfycbyEg7C5ZKjgkReinWdFyaSxp1lhEGgTAnmLWPQaMGhJpB9quv2v7hbbKNz6QFS_zvy0Lw/exec?p=the-growth-matrix-customer-reviews,https://abretas.github.io/health-reviews-directory-2026/p/the-growth-matrix-customer-reviews.html
1214,The Growth Matrix Reviews & Complaints | Is It Worth It?,https://script.google.com/macros/s/AKfycbyEg7C5ZKjgkReinWdFyaSxp1lhEGgTAnmLWPQaMGhJpB9quv2v7hbbKNz6QFS_zvy0Lw/exec?p=the-growth-matrix-reviews-complaints-is-it-worth-it,https://abretas.github.io/health-reviews-directory-2026/p/the-growth-matrix-reviews-complaints-is-it-worth-it.html
1215,The Healing Wave Review: Proven Pain Relief Song That Works,https://script.google.com/macros/s/AKfycbyEg7C5ZKjgkReinWdFyaSxp1lhEGgTAnmLWPQaMGhJpB9quv2v7hbbKNz6QFS_zvy0Lw/exec?p=the-healing-wave-review-proven-pain-relief-song-that-works,https://abretas.github.io/health-reviews-directory-2026/p/the-healing-wave-review-proven-pain-relief-song-that-works.html
1216,The Home Doctor Book Review: Stockpile Antibiotics Without a Prescription,https://script.google.com/macros/s/AKfycbyEg7C5ZKjgkReinWdFyaSxp1lhEGgTAnmLWPQaMGhJpB9quv2v7hbbKNz6QFS_zvy0Lw/exec?p=the-home-doctor-book-review-stockpile-antibiotics-without-a-prescription,https://abretas.github.io/health-reviews-directory-2026/p/the-home-doctor-book-review-stockpile-antibiotics-without-a-prescription.html
1217,The Hydrogen Switch Review: Proven Super Water For Healthy Metabolism,https://script.google.com/macros/s/AKfycbyEg7C5ZKjgkReinWdFyaSxp1lhEGgTAnmLWPQaMGhJpB9quv2v7hbbKNz6QFS_zvy0Lw/exec?p=the-hydrogen-switch-review-proven-super-water-for-healthy-metabolism,https://abretas.github.io/health-reviews-directory-2026/p/the-hydrogen-switch-review-proven-super-water-for-healthy-metabolism.html
1218,The Hypothyroidism Revolution System Review: Uncovering the Truth,https://script.google.com/macros/s/AKfycbyEg7C5ZKjgkReinWdFyaSxp1lhEGgTAnmLWPQaMGhJpB9quv2v7hbbKNz6QFS_zvy0Lw/exec?p=the-hypothyroidism-revolution-system-review-uncovering-the-truth,https://abretas.github.io/health-reviews-directory-2026/p/the-hypothyroidism-revolution-system-review-uncovering-the-truth.html
1219,The Kidney Disease Solution Reviews 2026 | My Honest Results!,https://script.google.com/macros/s/AKfycbyEg7C5ZKjgkReinWdFyaSxp1lhEGgTAnmLWPQaMGhJpB9quv2v7hbbKNz6QFS_zvy0Lw/exec?p=the-kidney-disease-solution-reviews-2026-my-honest-results,https://abretas.github.io/health-reviews-directory-2026/p/the-kidney-disease-solution-reviews-2026-my-honest-results.html
1220,The Language of Abundance Review: Is It a Worth Program,https://script.google.com/macros/s/AKfycbyEg7C5ZKjgkReinWdFyaSxp1lhEGgTAnmLWPQaMGhJpB9quv2v7hbbKNz6QFS_zvy0Lw/exec?p=the-language-of-abundance-review-is-it-a-worth-program,https://abretas.github.io/health-reviews-directory-2026/p/the-language-of-abundance-review-is-it-a-worth-program.html
1221,The Language of Desire Review: Greasy Words to Make Him Yours,https://script.google.com/macros/s/AKfycbyEg7C5ZKjgkReinWdFyaSxp1lhEGgTAnmLWPQaMGhJpB9quv2v7hbbKNz6QFS_zvy0Lw/exec?p=the-language-of-desire-review-greasy-words-to-make-him-yours,https://abretas.github.io/health-reviews-directory-2026/p/the-language-of-desire-review-greasy-words-to-make-him-yours.html
1222,The Last Wish Reviews & Complaints 2026 | Is It Worth it?,https://script.google.com/macros/s/AKfycbyEg7C5ZKjgkReinWdFyaSxp1lhEGgTAnmLWPQaMGhJpB9quv2v7hbbKNz6QFS_zvy0Lw/exec?p=the-last-wish-reviews-complaints-2026-is-it-worth-it,https://abretas.github.io/health-reviews-directory-2026/p/the-last-wish-reviews-complaints-2026-is-it-worth-it.html
1223,The Lost Generator Review: Generate Unlimited Energy on Demand,https://script.google.com/macros/s/AKfycbyEg7C5ZKjgkReinWdFyaSxp1lhEGgTAnmLWPQaMGhJpB9quv2v7hbbKNz6QFS_zvy0Lw/exec?p=the-lost-generator-review-generate-unlimited-energy-on-demand,https://abretas.github.io/health-reviews-directory-2026/p/the-lost-generator-review-generate-unlimited-energy-on-demand.html
1224,The Lost Generator Reviews & Complaints | Is It Worth it?,https://script.google.com/macros/s/AKfycbyEg7C5ZKjgkReinWdFyaSxp1lhEGgTAnmLWPQaMGhJpB9quv2v7hbbKNz6QFS_zvy0Lw/exec?p=the-lost-generator-reviews-complaints-is-it-worth-it,https://abretas.github.io/health-reviews-directory-2026/p/the-lost-generator-reviews-complaints-is-it-worth-it.html
1225,The Lost Generator Reviews – Is It Worth Your Money?,https://script.google.com/macros/s/AKfycbyEg7C5ZKjgkReinWdFyaSxp1lhEGgTAnmLWPQaMGhJpB9quv2v7hbbKNz6QFS_zvy0Lw/exec?p=the-lost-generator-reviews-is-it-worth-your-money,https://abretas.github.io/health-reviews-directory-2026/p/the-lost-generator-reviews-is-it-worth-your-money.html
1226,The Lost SuperFoods Review: Forgotten Food Miracle For Long Lasting Foods,https://script.google.com/macros/s/AKfycbyEg7C5ZKjgkReinWdFyaSxp1lhEGgTAnmLWPQaMGhJpB9quv2v7hbbKNz6QFS_zvy0Lw/exec?p=the-lost-superfoods-review-forgotten-food-miracle-for-long-lasting-foods,https://abretas.github.io/health-reviews-directory-2026/p/the-lost-superfoods-review-forgotten-food-miracle-for-long-lasting-foods.html
1227,The Lourdes Water Keychain Review,https://script.google.com/macros/s/AKfycbyEg7C5ZKjgkReinWdFyaSxp1lhEGgTAnmLWPQaMGhJpB9quv2v7hbbKNz6QFS_zvy0Lw/exec?p=the-lourdes-water-keychain-review,https://abretas.github.io/health-reviews-directory-2026/p/the-lourdes-water-keychain-review.html
1228,The Lucky Manifest Review: Unlocking Your Wealth Potential,https://script.google.com/macros/s/AKfycbyEg7C5ZKjgkReinWdFyaSxp1lhEGgTAnmLWPQaMGhJpB9quv2v7hbbKNz6QFS_zvy0Lw/exec?p=the-lucky-manifest-review-unlocking-your-wealth-potential,https://abretas.github.io/health-reviews-directory-2026/p/the-lucky-manifest-review-unlocking-your-wealth-potential.html
1229,The Manifestation Secrets Review: Unlock Prosperity,https://script.google.com/macros/s/AKfycbyEg7C5ZKjgkReinWdFyaSxp1lhEGgTAnmLWPQaMGhJpB9quv2v7hbbKNz6QFS_zvy0Lw/exec?p=the-manifestation-secrets-review-unlock-prosperity,https://abretas.github.io/health-reviews-directory-2026/p/the-manifestation-secrets-review-unlock-prosperity.html
1230,The Mediterranean Diet Review: Supercharge Women Metabolisms,https://script.google.com/macros/s/AKfycbyEg7C5ZKjgkReinWdFyaSxp1lhEGgTAnmLWPQaMGhJpB9quv2v7hbbKNz6QFS_zvy0Lw/exec?p=the-mediterranean-diet-review-supercharge-women-metabolisms,https://abretas.github.io/health-reviews-directory-2026/p/the-mediterranean-diet-review-supercharge-women-metabolisms.html
1231,The Memory Breathe Reviews & Complaints | Is It Worth It?,https://script.google.com/macros/s/AKfycbyEg7C5ZKjgkReinWdFyaSxp1lhEGgTAnmLWPQaMGhJpB9quv2v7hbbKNz6QFS_zvy0Lw/exec?p=the-memory-breathe-reviews-complaints-is-it-worth-it,https://abretas.github.io/health-reviews-directory-2026/p/the-memory-breathe-reviews-complaints-is-it-worth-it.html
1232,The Memory Wave Reviews 2026: Improve Focus in 12 Minutes!,https://script.google.com/macros/s/AKfycbyEg7C5ZKjgkReinWdFyaSxp1lhEGgTAnmLWPQaMGhJpB9quv2v7hbbKNz6QFS_zvy0Lw/exec?p=the-memory-wave-reviews-2026-improve-focus-in-12-minutes,https://abretas.github.io/health-reviews-directory-2026/p/the-memory-wave-reviews-2026-improve-focus-in-12-minutes.html
1233,The Memory Wave Reviews: Can 12 Minutes A Day Boost Memory,https://script.google.com/macros/s/AKfycbyEg7C5ZKjgkReinWdFyaSxp1lhEGgTAnmLWPQaMGhJpB9quv2v7hbbKNz6QFS_zvy0Lw/exec?p=the-memory-wave-reviews-can-12-minutes-a-day-boost-memory,https://abretas.github.io/health-reviews-directory-2026/p/the-memory-wave-reviews-can-12-minutes-a-day-boost-memory.html
1234,The Money Script Review: Transform Your Financial Mindset,https://script.google.com/macros/s/AKfycbyEg7C5ZKjgkReinWdFyaSxp1lhEGgTAnmLWPQaMGhJpB9quv2v7hbbKNz6QFS_zvy0Lw/exec?p=the-money-script-review-transform-your-financial-mindset,https://abretas.github.io/health-reviews-directory-2026/p/the-money-script-review-transform-your-financial-mindset.html
1235,The Money Wave Review: 7 Second Tesla Ritual Attracts Money To You,https://script.google.com/macros/s/AKfycbyEg7C5ZKjgkReinWdFyaSxp1lhEGgTAnmLWPQaMGhJpB9quv2v7hbbKNz6QFS_zvy0Lw/exec?p=the-money-wave-review-7-second-tesla-ritual-attracts-money-to-you,https://abretas.github.io/health-reviews-directory-2026/p/the-money-wave-review-7-second-tesla-ritual-attracts-money-to-you.html
1236,The Obsession Method Review: Dating Program That Works,https://script.google.com/macros/s/AKfycbyEg7C5ZKjgkReinWdFyaSxp1lhEGgTAnmLWPQaMGhJpB9quv2v7hbbKNz6QFS_zvy0Lw/exec?p=the-obsession-method-review-dating-program-that-works,https://abretas.github.io/health-reviews-directory-2026/p/the-obsession-method-review-dating-program-that-works.html
1237,The POUNDLESS Program Review: Melt Pounds Of Excess Body Fat Naturally,https://script.google.com/macros/s/AKfycbyEg7C5ZKjgkReinWdFyaSxp1lhEGgTAnmLWPQaMGhJpB9quv2v7hbbKNz6QFS_zvy0Lw/exec?p=the-poundless-program-review-melt-pounds-of-excess-body-fat-naturally,https://abretas.github.io/health-reviews-directory-2026/p/the-poundless-program-review-melt-pounds-of-excess-body-fat-naturally.html
1238,The Parkinson’s Protocol Review: Jodi Knapp’s Program Works,https://script.google.com/macros/s/AKfycbyEg7C5ZKjgkReinWdFyaSxp1lhEGgTAnmLWPQaMGhJpB9quv2v7hbbKNz6QFS_zvy0Lw/exec?p=the-parkinson-s-protocol-review-jodi-knapp-s-program-works,https://abretas.github.io/health-reviews-directory-2026/p/the-parkinson-s-protocol-review-jodi-knapp-s-program-works.html
1239,The Parkinson’s Protocol Reviews | Is It a Scam or Legit?,https://script.google.com/macros/s/AKfycbyEg7C5ZKjgkReinWdFyaSxp1lhEGgTAnmLWPQaMGhJpB9quv2v7hbbKNz6QFS_zvy0Lw/exec?p=the-parkinson-s-protocol-reviews-is-it-a-scam-or-legit,https://abretas.github.io/health-reviews-directory-2026/p/the-parkinson-s-protocol-reviews-is-it-a-scam-or-legit.html
1240,The Parkinson’s Protocol Reviews | Is it Worth it or a Scam?,https://script.google.com/macros/s/AKfycbyEg7C5ZKjgkReinWdFyaSxp1lhEGgTAnmLWPQaMGhJpB9quv2v7hbbKNz6QFS_zvy0Lw/exec?p=the-parkinson-s-protocol-reviews-is-it-worth-it-or-a-scam,https://abretas.github.io/health-reviews-directory-2026/p/the-parkinson-s-protocol-reviews-is-it-worth-it-or-a-scam.html
1241,The Pineal Guardian Review: Proven Supplement For Healthy Brain,https://script.google.com/macros/s/AKfycbyEg7C5ZKjgkReinWdFyaSxp1lhEGgTAnmLWPQaMGhJpB9quv2v7hbbKNz6QFS_zvy0Lw/exec?p=the-pineal-guardian-review-proven-supplement-for-healthy-brain,https://abretas.github.io/health-reviews-directory-2026/p/the-pineal-guardian-review-proven-supplement-for-healthy-brain.html
1242,The Pineal Guardian Reviews & Complaints 2026 | Is It Worth It?,https://script.google.com/macros/s/AKfycbyEg7C5ZKjgkReinWdFyaSxp1lhEGgTAnmLWPQaMGhJpB9quv2v7hbbKNz6QFS_zvy0Lw/exec?p=the-pineal-guardian-reviews-complaints-2026-is-it-worth-it,https://abretas.github.io/health-reviews-directory-2026/p/the-pineal-guardian-reviews-complaints-2026-is-it-worth-it.html
1243,The Pineal Guardian Reviews & Complaints 2026 | Is it Scam?,https://script.google.com/macros/s/AKfycbyEg7C5ZKjgkReinWdFyaSxp1lhEGgTAnmLWPQaMGhJpB9quv2v7hbbKNz6QFS_zvy0Lw/exec?p=the-pineal-guardian-reviews-complaints-2026-is-it-scam,https://abretas.github.io/health-reviews-directory-2026/p/the-pineal-guardian-reviews-complaints-2026-is-it-scam.html
1244,The Pineal Guardian Reviews – Does It Really Work or Not?,https://script.google.com/macros/s/AKfycbyEg7C5ZKjgkReinWdFyaSxp1lhEGgTAnmLWPQaMGhJpB9quv2v7hbbKNz6QFS_zvy0Lw/exec?p=the-pineal-guardian-reviews-does-it-really-work-or-not,https://abretas.github.io/health-reviews-directory-2026/p/the-pineal-guardian-reviews-does-it-really-work-or-not.html
1245,The Power Switch Review: Activate A Women's Matching Instinct,https://script.google.com/macros/s/AKfycbyEg7C5ZKjgkReinWdFyaSxp1lhEGgTAnmLWPQaMGhJpB9quv2v7hbbKNz6QFS_zvy0Lw/exec?p=the-power-switch-review-activate-a-women-s-matching-instinct,https://abretas.github.io/health-reviews-directory-2026/p/the-power-switch-review-activate-a-women-s-matching-instinct.html
1246,The Prostate Protocol Review: Scott Davis Program That Really Works,https://script.google.com/macros/s/AKfycbyEg7C5ZKjgkReinWdFyaSxp1lhEGgTAnmLWPQaMGhJpB9quv2v7hbbKNz6QFS_zvy0Lw/exec?p=the-prostate-protocol-review-scott-davis-program-that-really-works,https://abretas.github.io/health-reviews-directory-2026/p/the-prostate-protocol-review-scott-davis-program-that-really-works.html
1247,The Quantum Brainwave Protocol Reviews | Is It Worth It?,https://script.google.com/macros/s/AKfycbyEg7C5ZKjgkReinWdFyaSxp1lhEGgTAnmLWPQaMGhJpB9quv2v7hbbKNz6QFS_zvy0Lw/exec?p=the-quantum-brainwave-protocol-reviews-is-it-worth-it,https://abretas.github.io/health-reviews-directory-2026/p/the-quantum-brainwave-protocol-reviews-is-it-worth-it.html
1248,The Reality Engineering Code Review: Bring Your Desires To Life Like Magic,https://script.google.com/macros/s/AKfycbyEg7C5ZKjgkReinWdFyaSxp1lhEGgTAnmLWPQaMGhJpB9quv2v7hbbKNz6QFS_zvy0Lw/exec?p=the-reality-engineering-code-review-bring-your-desires-to-life-like-magic,https://abretas.github.io/health-reviews-directory-2026/p/the-reality-engineering-code-review-bring-your-desires-to-life-like-magic.html
1249,The Reviv Mouthguard Reviews & Complaints | Is It Worth It?,https://script.google.com/macros/s/AKfycbyEg7C5ZKjgkReinWdFyaSxp1lhEGgTAnmLWPQaMGhJpB9quv2v7hbbKNz6QFS_zvy0Lw/exec?p=the-reviv-mouthguard-reviews-complaints-is-it-worth-it,https://abretas.github.io/health-reviews-directory-2026/p/the-reviv-mouthguard-reviews-complaints-is-it-worth-it.html
1250,The Sacred Hymn Review: Unbiased Truth About This Program,https://script.google.com/macros/s/AKfycbyEg7C5ZKjgkReinWdFyaSxp1lhEGgTAnmLWPQaMGhJpB9quv2v7hbbKNz6QFS_zvy0Lw/exec?p=the-sacred-hymn-review-unbiased-truth-about-this-program,https://abretas.github.io/health-reviews-directory-2026/p/the-sacred-hymn-review-unbiased-truth-about-this-program.html
1251,The Sciatica Recovery System Review: Everything You Need to Know,https://script.google.com/macros/s/AKfycbyEg7C5ZKjgkReinWdFyaSxp1lhEGgTAnmLWPQaMGhJpB9quv2v7hbbKNz6QFS_zvy0Lw/exec?p=the-sciatica-recovery-system-review-everything-you-need-to-know,https://abretas.github.io/health-reviews-directory-2026/p/the-sciatica-recovery-system-review-everything-you-need-to-know.html
1252,The Self-Sufficient Backyard Reviews 2026 | Is It Worth It?,https://script.google.com/macros/s/AKfycbyEg7C5ZKjgkReinWdFyaSxp1lhEGgTAnmLWPQaMGhJpB9quv2v7hbbKNz6QFS_zvy0Lw/exec?p=the-self-sufficient-backyard-reviews-2026-is-it-worth-it,https://abretas.github.io/health-reviews-directory-2026/p/the-self-sufficient-backyard-reviews-2026-is-it-worth-it.html
1253,The Shambala Secret Review: Proven Manifestation Secrets For Wealth,https://script.google.com/macros/s/AKfycbyEg7C5ZKjgkReinWdFyaSxp1lhEGgTAnmLWPQaMGhJpB9quv2v7hbbKNz6QFS_zvy0Lw/exec?p=the-shambala-secret-review-proven-manifestation-secrets-for-wealth,https://abretas.github.io/health-reviews-directory-2026/p/the-shambala-secret-review-proven-manifestation-secrets-for-wealth.html
1254,The Shingles Solution Review,https://script.google.com/macros/s/AKfycbyEg7C5ZKjgkReinWdFyaSxp1lhEGgTAnmLWPQaMGhJpB9quv2v7hbbKNz6QFS_zvy0Lw/exec?p=the-shingles-solution-review,https://abretas.github.io/health-reviews-directory-2026/p/the-shingles-solution-review.html
1255,The Shingles Solution Review: Julissa Clay's Book That Works,https://script.google.com/macros/s/AKfycbyEg7C5ZKjgkReinWdFyaSxp1lhEGgTAnmLWPQaMGhJpB9quv2v7hbbKNz6QFS_zvy0Lw/exec?p=the-shingles-solution-review-julissa-clay-s-book-that-works,https://abretas.github.io/health-reviews-directory-2026/p/the-shingles-solution-review-julissa-clay-s-book-that-works.html
1256,The Smoothie Diet Review: 21 Day Rapid Weight Loss Program That Works,https://script.google.com/macros/s/AKfycbyEg7C5ZKjgkReinWdFyaSxp1lhEGgTAnmLWPQaMGhJpB9quv2v7hbbKNz6QFS_zvy0Lw/exec?p=the-smoothie-diet-review-21-day-rapid-weight-loss-program-that-works,https://abretas.github.io/health-reviews-directory-2026/p/the-smoothie-diet-review-21-day-rapid-weight-loss-program-that-works.html
1257,The Starseed Signal Review: An Ancient Earth Sound That Activate Your Starseed,https://script.google.com/macros/s/AKfycbyEg7C5ZKjgkReinWdFyaSxp1lhEGgTAnmLWPQaMGhJpB9quv2v7hbbKNz6QFS_zvy0Lw/exec?p=the-starseed-signal-review-an-ancient-earth-sound-that-activate-your-starseed,https://abretas.github.io/health-reviews-directory-2026/p/the-starseed-signal-review-an-ancient-earth-sound-that-activate-your-starseed.html
1258,The Stellar Abundance Review: Unlock the Abundance Frequency,https://script.google.com/macros/s/AKfycbyEg7C5ZKjgkReinWdFyaSxp1lhEGgTAnmLWPQaMGhJpB9quv2v7hbbKNz6QFS_zvy0Lw/exec?p=the-stellar-abundance-review-unlock-the-abundance-frequency,https://abretas.github.io/health-reviews-directory-2026/p/the-stellar-abundance-review-unlock-the-abundance-frequency.html
1259,The Stem Cell Solution Reviews: Is It Worth It or a Scam?,https://script.google.com/macros/s/AKfycbyEg7C5ZKjgkReinWdFyaSxp1lhEGgTAnmLWPQaMGhJpB9quv2v7hbbKNz6QFS_zvy0Lw/exec?p=the-stem-cell-solution-reviews-is-it-worth-it-or-a-scam,https://abretas.github.io/health-reviews-directory-2026/p/the-stem-cell-solution-reviews-is-it-worth-it-or-a-scam.html
1260,The Stockpile Savior Review: Proven Survival Guide That Works,https://script.google.com/macros/s/AKfycbyEg7C5ZKjgkReinWdFyaSxp1lhEGgTAnmLWPQaMGhJpB9quv2v7hbbKNz6QFS_zvy0Lw/exec?p=the-stockpile-savior-review-proven-survival-guide-that-works,https://abretas.github.io/health-reviews-directory-2026/p/the-stockpile-savior-review-proven-survival-guide-that-works.html
1261,The Stockpile Savior Reviews,https://script.google.com/macros/s/AKfycbyEg7C5ZKjgkReinWdFyaSxp1lhEGgTAnmLWPQaMGhJpB9quv2v7hbbKNz6QFS_zvy0Lw/exec?p=the-stockpile-savior-reviews,https://abretas.github.io/health-reviews-directory-2026/p/the-stockpile-savior-reviews.html
1262,The Super Mind Signal Reviews,https://script.google.com/macros/s/AKfycbyEg7C5ZKjgkReinWdFyaSxp1lhEGgTAnmLWPQaMGhJpB9quv2v7hbbKNz6QFS_zvy0Lw/exec?p=the-super-mind-signal-reviews,https://abretas.github.io/health-reviews-directory-2026/p/the-super-mind-signal-reviews.html
1263,The Ultimate Energizer Review: Ancient Invention Generates Energy-On-Demand,https://script.google.com/macros/s/AKfycbyEg7C5ZKjgkReinWdFyaSxp1lhEGgTAnmLWPQaMGhJpB9quv2v7hbbKNz6QFS_zvy0Lw/exec?p=the-ultimate-energizer-review-ancient-invention-generates-energy-on-demand,https://abretas.github.io/health-reviews-directory-2026/p/the-ultimate-energizer-review-ancient-invention-generates-energy-on-demand.html
1264,The Wealth Signal Review: Manifest Wealth and Abundance Today,https://script.google.com/macros/s/AKfycbyEg7C5ZKjgkReinWdFyaSxp1lhEGgTAnmLWPQaMGhJpB9quv2v7hbbKNz6QFS_zvy0Lw/exec?p=the-wealth-signal-review-manifest-wealth-and-abundance-today,https://abretas.github.io/health-reviews-directory-2026/p/the-wealth-signal-review-manifest-wealth-and-abundance-today.html
1265,The Wealth Signal Reviews,https://script.google.com/macros/s/AKfycbyEg7C5ZKjgkReinWdFyaSxp1lhEGgTAnmLWPQaMGhJpB9quv2v7hbbKNz6QFS_zvy0Lw/exec?p=the-wealth-signal-reviews,https://abretas.github.io/health-reviews-directory-2026/p/the-wealth-signal-reviews.html
1266,TheyaVue Review: Proven Eye Health Supplement That Works,https://script.google.com/macros/s/AKfycbyEg7C5ZKjgkReinWdFyaSxp1lhEGgTAnmLWPQaMGhJpB9quv2v7hbbKNz6QFS_zvy0Lw/exec?p=theyavue-review-proven-eye-health-supplement-that-works,https://abretas.github.io/health-reviews-directory-2026/p/theyavue-review-proven-eye-health-supplement-that-works.html
1267,TheyaVue Reviews & Complaints 2026 | Is It Legit Or Scam?,https://script.google.com/macros/s/AKfycbyEg7C5ZKjgkReinWdFyaSxp1lhEGgTAnmLWPQaMGhJpB9quv2v7hbbKNz6QFS_zvy0Lw/exec?p=theyavue-reviews-complaints-2026-is-it-legit-or-scam,https://abretas.github.io/health-reviews-directory-2026/p/theyavue-reviews-complaints-2026-is-it-legit-or-scam.html
1268,TheyaVue Reviews & Complaints 2026 | Is It Worth It?,https://script.google.com/macros/s/AKfycbyEg7C5ZKjgkReinWdFyaSxp1lhEGgTAnmLWPQaMGhJpB9quv2v7hbbKNz6QFS_zvy0Lw/exec?p=theyavue-reviews-complaints-2026-is-it-worth-it,https://abretas.github.io/health-reviews-directory-2026/p/theyavue-reviews-complaints-2026-is-it-worth-it.html
1269,TheyaVue Reviews 2026: Scam or Legit Supplement?,https://script.google.com/macros/s/AKfycbyEg7C5ZKjgkReinWdFyaSxp1lhEGgTAnmLWPQaMGhJpB9quv2v7hbbKNz6QFS_zvy0Lw/exec?p=theyavue-reviews-2026-scam-or-legit-supplement,https://abretas.github.io/health-reviews-directory-2026/p/theyavue-reviews-2026-scam-or-legit-supplement.html
1270,TheyaVue Reviews: Scam or Legit in 2026? Find Out,https://script.google.com/macros/s/AKfycbyEg7C5ZKjgkReinWdFyaSxp1lhEGgTAnmLWPQaMGhJpB9quv2v7hbbKNz6QFS_zvy0Lw/exec?p=theyavue-reviews-scam-or-legit-in-2026-find-out,https://abretas.github.io/health-reviews-directory-2026/p/theyavue-reviews-scam-or-legit-in-2026-find-out.html
1271,Theyavue Reviews Complaints 2026 Is It Worth It 2,https://script.google.com/macros/s/AKfycbyEg7C5ZKjgkReinWdFyaSxp1lhEGgTAnmLWPQaMGhJpB9quv2v7hbbKNz6QFS_zvy0Lw/exec?p=theyavue-reviews-complaints-2026-is-it-worth-it-2,https://abretas.github.io/health-reviews-directory-2026/p/theyavue-reviews-complaints-2026-is-it-worth-it-2.html
1272,The Forbidden Secret Reviews | Is It Worth Buying or Scam?,https://script.google.com/macros/s/AKfycbyEg7C5ZKjgkReinWdFyaSxp1lhEGgTAnmLWPQaMGhJpB9quv2v7hbbKNz6QFS_zvy0Lw/exec?p=the-forbidden-secret-reviews-is-it-worth-buying-or-scam,https://abretas.github.io/health-reviews-directory-2026/p/the-forbidden-secret-reviews-is-it-worth-buying-or-scam.html
1273,ThyraFemme Balance Reviews 2026 | Is It Scam? Honest Analysis,https://script.google.com/macros/s/AKfycbyEg7C5ZKjgkReinWdFyaSxp1lhEGgTAnmLWPQaMGhJpB9quv2v7hbbKNz6QFS_zvy0Lw/exec?p=thyrafemme-balance-reviews-2026-is-it-scam-honest-analysis,https://abretas.github.io/health-reviews-directory-2026/p/thyrafemme-balance-reviews-2026-is-it-scam-honest-analysis.html
1274,Thyrafemme Balance Reviews 2026 | Is It Worth Trying?,https://script.google.com/macros/s/AKfycbyEg7C5ZKjgkReinWdFyaSxp1lhEGgTAnmLWPQaMGhJpB9quv2v7hbbKNz6QFS_zvy0Lw/exec?p=thyrafemme-balance-reviews-2026-is-it-worth-trying,https://abretas.github.io/health-reviews-directory-2026/p/thyrafemme-balance-reviews-2026-is-it-worth-trying.html
1275,Tina Psychic's Soulmate Sketch Review: Know Your Destined Soulmate,https://script.google.com/macros/s/AKfycbyEg7C5ZKjgkReinWdFyaSxp1lhEGgTAnmLWPQaMGhJpB9quv2v7hbbKNz6QFS_zvy0Lw/exec?p=tina-psychic-s-soulmate-sketch-review-know-your-destined-soulmate,https://abretas.github.io/health-reviews-directory-2026/p/tina-psychic-s-soulmate-sketch-review-know-your-destined-soulmate.html
1276,TitanFlow Review: Zenith Labs Powerful Prostate Supplement,https://script.google.com/macros/s/AKfycbyEg7C5ZKjgkReinWdFyaSxp1lhEGgTAnmLWPQaMGhJpB9quv2v7hbbKNz6QFS_zvy0Lw/exec?p=titanflow-review-zenith-labs-powerful-prostate-supplement,https://abretas.github.io/health-reviews-directory-2026/p/titanflow-review-zenith-labs-powerful-prostate-supplement.html
1277,TitanFlow Reviews & Complaints 2026 | Is It Worth it?,https://script.google.com/macros/s/AKfycbyEg7C5ZKjgkReinWdFyaSxp1lhEGgTAnmLWPQaMGhJpB9quv2v7hbbKNz6QFS_zvy0Lw/exec?p=titanflow-reviews-complaints-2026-is-it-worth-it,https://abretas.github.io/health-reviews-directory-2026/p/titanflow-reviews-complaints-2026-is-it-worth-it.html
1278,TitanFlow Reviews 2026 | Is It Worth Buying or Scam?,https://script.google.com/macros/s/AKfycbyEg7C5ZKjgkReinWdFyaSxp1lhEGgTAnmLWPQaMGhJpB9quv2v7hbbKNz6QFS_zvy0Lw/exec?p=titanflow-reviews-2026-is-it-worth-buying-or-scam,https://abretas.github.io/health-reviews-directory-2026/p/titanflow-reviews-2026-is-it-worth-buying-or-scam.html
1279,TitanFlow Reviews: Does It Really Boost Male Performance,https://script.google.com/macros/s/AKfycbyEg7C5ZKjgkReinWdFyaSxp1lhEGgTAnmLWPQaMGhJpB9quv2v7hbbKNz6QFS_zvy0Lw/exec?p=titanflow-reviews-does-it-really-boost-male-performance,https://abretas.github.io/health-reviews-directory-2026/p/titanflow-reviews-does-it-really-boost-male-performance.html
1280,Tonic Greens Reviews & Complaints 2026 | Is it Worth Buying?,https://script.google.com/macros/s/AKfycbyEg7C5ZKjgkReinWdFyaSxp1lhEGgTAnmLWPQaMGhJpB9quv2v7hbbKNz6QFS_zvy0Lw/exec?p=tonic-greens-reviews-complaints-2026-is-it-worth-buying,https://abretas.github.io/health-reviews-directory-2026/p/tonic-greens-reviews-complaints-2026-is-it-worth-buying.html
1281,"Tonic Greens Reviews: Ingredients, Benefits, Pros and Cons, Safety, Efficacy, and Real User Reviews",https://script.google.com/macros/s/AKfycbyEg7C5ZKjgkReinWdFyaSxp1lhEGgTAnmLWPQaMGhJpB9quv2v7hbbKNz6QFS_zvy0Lw/exec?p=tonic-greens-reviews-ingredients-benefits-pros-and-cons-safety-efficacy-and-real-user-reviews,https://abretas.github.io/health-reviews-directory-2026/p/tonic-greens-reviews-ingredients-benefits-pros-and-cons-safety-efficacy-and-real-user-reviews.html
1282,TonicGreens Review: Regain Your Confidence And Health Of Your Life,https://script.google.com/macros/s/AKfycbyEg7C5ZKjgkReinWdFyaSxp1lhEGgTAnmLWPQaMGhJpB9quv2v7hbbKNz6QFS_zvy0Lw/exec?p=tonicgreens-review-regain-your-confidence-and-health-of-your-life,https://abretas.github.io/health-reviews-directory-2026/p/tonicgreens-review-regain-your-confidence-and-health-of-your-life.html
1283,TonicGreens Reviews – Must Read This Before Buying!,https://script.google.com/macros/s/AKfycbyEg7C5ZKjgkReinWdFyaSxp1lhEGgTAnmLWPQaMGhJpB9quv2v7hbbKNz6QFS_zvy0Lw/exec?p=tonicgreens-reviews-must-read-this-before-buying,https://abretas.github.io/health-reviews-directory-2026/p/tonicgreens-reviews-must-read-this-before-buying.html
1284,ToxiPure Review: Does This Weight Loss Supplement Works,https://script.google.com/macros/s/AKfycbyEg7C5ZKjgkReinWdFyaSxp1lhEGgTAnmLWPQaMGhJpB9quv2v7hbbKNz6QFS_zvy0Lw/exec?p=toxipure-review-does-this-weight-loss-supplement-works,https://abretas.github.io/health-reviews-directory-2026/p/toxipure-review-does-this-weight-loss-supplement-works.html
1285,Trimology Weight Reviews & Complaints | Is it Worth Buying?,https://script.google.com/macros/s/AKfycbyEg7C5ZKjgkReinWdFyaSxp1lhEGgTAnmLWPQaMGhJpB9quv2v7hbbKNz6QFS_zvy0Lw/exec?p=trimology-weight-reviews-complaints-is-it-worth-buying,https://abretas.github.io/health-reviews-directory-2026/p/trimology-weight-reviews-complaints-is-it-worth-buying.html
1286,Triple Blood Balance Reviews,https://script.google.com/macros/s/AKfycbyEg7C5ZKjgkReinWdFyaSxp1lhEGgTAnmLWPQaMGhJpB9quv2v7hbbKNz6QFS_zvy0Lw/exec?p=triple-blood-balance-reviews,https://abretas.github.io/health-reviews-directory-2026/p/triple-blood-balance-reviews.html
1287,Triple Fungus Blast Reviews,https://script.google.com/macros/s/AKfycbyEg7C5ZKjgkReinWdFyaSxp1lhEGgTAnmLWPQaMGhJpB9quv2v7hbbKNz6QFS_zvy0Lw/exec?p=triple-fungus-blast-reviews,https://abretas.github.io/health-reviews-directory-2026/p/triple-fungus-blast-reviews.html
1288,TropiSlim Review: Real Weight Loss Supplement That Works,https://script.google.com/macros/s/AKfycbyEg7C5ZKjgkReinWdFyaSxp1lhEGgTAnmLWPQaMGhJpB9quv2v7hbbKNz6QFS_zvy0Lw/exec?p=tropislim-review-real-weight-loss-supplement-that-works,https://abretas.github.io/health-reviews-directory-2026/p/tropislim-review-real-weight-loss-supplement-that-works.html
1289,TropiSlim Reviews,https://script.google.com/macros/s/AKfycbyEg7C5ZKjgkReinWdFyaSxp1lhEGgTAnmLWPQaMGhJpB9quv2v7hbbKNz6QFS_zvy0Lw/exec?p=tropislim-reviews,https://abretas.github.io/health-reviews-directory-2026/p/tropislim-reviews.html
1290,TruVarin Reviews 2026 | Is It Worth Buying?,https://script.google.com/macros/s/AKfycbyEg7C5ZKjgkReinWdFyaSxp1lhEGgTAnmLWPQaMGhJpB9quv2v7hbbKNz6QFS_zvy0Lw/exec?p=truvarin-reviews-2026-is-it-worth-buying,https://abretas.github.io/health-reviews-directory-2026/p/truvarin-reviews-2026-is-it-worth-buying.html
1291,TruVarin Reviews: Is It Worth Taking Daily for 30 Days?,https://script.google.com/macros/s/AKfycbyEg7C5ZKjgkReinWdFyaSxp1lhEGgTAnmLWPQaMGhJpB9quv2v7hbbKNz6QFS_zvy0Lw/exec?p=truvarin-reviews-is-it-worth-taking-daily-for-30-days,https://abretas.github.io/health-reviews-directory-2026/p/truvarin-reviews-is-it-worth-taking-daily-for-30-days.html
1292,Truvarin Reviews & Complaints 2026 | Is It Worth It?,https://script.google.com/macros/s/AKfycbyEg7C5ZKjgkReinWdFyaSxp1lhEGgTAnmLWPQaMGhJpB9quv2v7hbbKNz6QFS_zvy0Lw/exec?p=truvarin-reviews-complaints-2026-is-it-worth-it,https://abretas.github.io/health-reviews-directory-2026/p/truvarin-reviews-complaints-2026-is-it-worth-it.html
1293,Truvarin Reviews Complaints 2026 Is It Worth It 2,https://script.google.com/macros/s/AKfycbyEg7C5ZKjgkReinWdFyaSxp1lhEGgTAnmLWPQaMGhJpB9quv2v7hbbKNz6QFS_zvy0Lw/exec?p=truvarin-reviews-complaints-2026-is-it-worth-it-2,https://abretas.github.io/health-reviews-directory-2026/p/truvarin-reviews-complaints-2026-is-it-worth-it-2.html
1294,Truvarin Reviews: Proven Hair Growth Formula That Works,https://script.google.com/macros/s/AKfycbyEg7C5ZKjgkReinWdFyaSxp1lhEGgTAnmLWPQaMGhJpB9quv2v7hbbKNz6QFS_zvy0Lw/exec?p=truvarin-reviews-proven-hair-growth-formula-that-works,https://abretas.github.io/health-reviews-directory-2026/p/truvarin-reviews-proven-hair-growth-formula-that-works.html
1295,TupiTea Review: The Ancient Secret for Boosting Sexual Desire,https://script.google.com/macros/s/AKfycbyEg7C5ZKjgkReinWdFyaSxp1lhEGgTAnmLWPQaMGhJpB9quv2v7hbbKNz6QFS_zvy0Lw/exec?p=tupitea-review-the-ancient-secret-for-boosting-sexual-desire,https://abretas.github.io/health-reviews-directory-2026/p/tupitea-review-the-ancient-secret-for-boosting-sexual-desire.html
1296,TupiTea Reviews,https://script.google.com/macros/s/AKfycbyEg7C5ZKjgkReinWdFyaSxp1lhEGgTAnmLWPQaMGhJpB9quv2v7hbbKNz6QFS_zvy0Lw/exec?p=tupitea-reviews,https://abretas.github.io/health-reviews-directory-2026/p/tupitea-reviews.html
1297,Twin Flame Tarot Review: Unveiling the Spiritual Journey,https://script.google.com/macros/s/AKfycbyEg7C5ZKjgkReinWdFyaSxp1lhEGgTAnmLWPQaMGhJpB9quv2v7hbbKNz6QFS_zvy0Lw/exec?p=twin-flame-tarot-review-unveiling-the-spiritual-journey,https://abretas.github.io/health-reviews-directory-2026/p/twin-flame-tarot-review-unveiling-the-spiritual-journey.html
1298,Ultimate OFF-GRID Generator Review: A Fuel-Free Generator,https://script.google.com/macros/s/AKfycbyEg7C5ZKjgkReinWdFyaSxp1lhEGgTAnmLWPQaMGhJpB9quv2v7hbbKNz6QFS_zvy0Lw/exec?p=ultimate-off-grid-generator-review-a-fuel-free-generator,https://abretas.github.io/health-reviews-directory-2026/p/ultimate-off-grid-generator-review-a-fuel-free-generator.html
1299,Ultimate OFF-GRID Generator Reviews 2026 | Is It Scam?,https://script.google.com/macros/s/AKfycbyEg7C5ZKjgkReinWdFyaSxp1lhEGgTAnmLWPQaMGhJpB9quv2v7hbbKNz6QFS_zvy0Lw/exec?p=ultimate-off-grid-generator-reviews-2026-is-it-scam,https://abretas.github.io/health-reviews-directory-2026/p/ultimate-off-grid-generator-reviews-2026-is-it-scam.html
1300,Ultimate Off Grid Generator Review A Fuel Free Generator 2,https://script.google.com/macros/s/AKfycbyEg7C5ZKjgkReinWdFyaSxp1lhEGgTAnmLWPQaMGhJpB9quv2v7hbbKNz6QFS_zvy0Lw/exec?p=ultimate-off-grid-generator-review-a-fuel-free-generator-2,https://abretas.github.io/health-reviews-directory-2026/p/ultimate-off-grid-generator-review-a-fuel-free-generator-2.html
1301,Ultra Omega Burn Reviews & Complaints 2026 | Is It Scam?,https://script.google.com/macros/s/AKfycbyEg7C5ZKjgkReinWdFyaSxp1lhEGgTAnmLWPQaMGhJpB9quv2v7hbbKNz6QFS_zvy0Lw/exec?p=ultra-omega-burn-reviews-complaints-2026-is-it-scam,https://abretas.github.io/health-reviews-directory-2026/p/ultra-omega-burn-reviews-complaints-2026-is-it-scam.html
1302,Ultra Omega Burn Reviews & Complaints | Is It Worth Buying?,https://script.google.com/macros/s/AKfycbyEg7C5ZKjgkReinWdFyaSxp1lhEGgTAnmLWPQaMGhJpB9quv2v7hbbKNz6QFS_zvy0Lw/exec?p=ultra-omega-burn-reviews-complaints-is-it-worth-buying,https://abretas.github.io/health-reviews-directory-2026/p/ultra-omega-burn-reviews-complaints-is-it-worth-buying.html
1303,UltraK9 Pro Review: Primal Nutrients Support A Healthy Happy Pet,https://script.google.com/macros/s/AKfycbyEg7C5ZKjgkReinWdFyaSxp1lhEGgTAnmLWPQaMGhJpB9quv2v7hbbKNz6QFS_zvy0Lw/exec?p=ultrak9-pro-review-primal-nutrients-support-a-healthy-happy-pet,https://abretas.github.io/health-reviews-directory-2026/p/ultrak9-pro-review-primal-nutrients-support-a-healthy-happy-pet.html
1304,Unbiased DentaSmile Pro Review: Elevate Your Oral Health,https://script.google.com/macros/s/AKfycbyEg7C5ZKjgkReinWdFyaSxp1lhEGgTAnmLWPQaMGhJpB9quv2v7hbbKNz6QFS_zvy0Lw/exec?p=unbiased-dentasmile-pro-review-elevate-your-oral-health,https://abretas.github.io/health-reviews-directory-2026/p/unbiased-dentasmile-pro-review-elevate-your-oral-health.html
1305,Universe Reading Review: Your Personalized Universe Reading,https://script.google.com/macros/s/AKfycbyEg7C5ZKjgkReinWdFyaSxp1lhEGgTAnmLWPQaMGhJpB9quv2v7hbbKNz6QFS_zvy0Lw/exec?p=universe-reading-review-your-personalized-universe-reading,https://abretas.github.io/health-reviews-directory-2026/p/universe-reading-review-your-personalized-universe-reading.html
1306,Unlock The Scrambler Review: One Simple Move That Makes Girls Crazy,https://script.google.com/macros/s/AKfycbyEg7C5ZKjgkReinWdFyaSxp1lhEGgTAnmLWPQaMGhJpB9quv2v7hbbKNz6QFS_zvy0Lw/exec?p=unlock-the-scrambler-review-one-simple-move-that-makes-girls-crazy,https://abretas.github.io/health-reviews-directory-2026/p/unlock-the-scrambler-review-one-simple-move-that-makes-girls-crazy.html
1307,Unlock Your Glutes Review: Awaken Your Glutes In Only 10 Minutes A Day,https://script.google.com/macros/s/AKfycbyEg7C5ZKjgkReinWdFyaSxp1lhEGgTAnmLWPQaMGhJpB9quv2v7hbbKNz6QFS_zvy0Lw/exec?p=unlock-your-glutes-review-awaken-your-glutes-in-only-10-minutes-a-day,https://abretas.github.io/health-reviews-directory-2026/p/unlock-your-glutes-review-awaken-your-glutes-in-only-10-minutes-a-day.html
1308,Unlock Your Glutes Reviews & Complaints | Is it Worth it?,https://script.google.com/macros/s/AKfycbyEg7C5ZKjgkReinWdFyaSxp1lhEGgTAnmLWPQaMGhJpB9quv2v7hbbKNz6QFS_zvy0Lw/exec?p=unlock-your-glutes-reviews-complaints-is-it-worth-it,https://abretas.github.io/health-reviews-directory-2026/p/unlock-your-glutes-reviews-complaints-is-it-worth-it.html
1309,Unlock Your Hip Flexors Review: Rick Kaselj Program,https://script.google.com/macros/s/AKfycbyEg7C5ZKjgkReinWdFyaSxp1lhEGgTAnmLWPQaMGhJpB9quv2v7hbbKNz6QFS_zvy0Lw/exec?p=unlock-your-hip-flexors-review-rick-kaselj-program,https://abretas.github.io/health-reviews-directory-2026/p/unlock-your-hip-flexors-review-rick-kaselj-program.html
1310,Unlock Your Hip Flexors Review: Ultimate Program By Rick Kaselj,https://script.google.com/macros/s/AKfycbyEg7C5ZKjgkReinWdFyaSxp1lhEGgTAnmLWPQaMGhJpB9quv2v7hbbKNz6QFS_zvy0Lw/exec?p=unlock-your-hip-flexors-review-ultimate-program-by-rick-kaselj,https://abretas.github.io/health-reviews-directory-2026/p/unlock-your-hip-flexors-review-ultimate-program-by-rick-kaselj.html
1311,Unlock Your Spine Review: Ultimate Solution for Back Pain Relief,https://script.google.com/macros/s/AKfycbyEg7C5ZKjgkReinWdFyaSxp1lhEGgTAnmLWPQaMGhJpB9quv2v7hbbKNz6QFS_zvy0Lw/exec?p=unlock-your-spine-review-ultimate-solution-for-back-pain-relief,https://abretas.github.io/health-reviews-directory-2026/p/unlock-your-spine-review-ultimate-solution-for-back-pain-relief.html
1312,Urgent Millionaire Switch Review – Does This Mind Hack Work? (Mark Garcia’s Program),https://script.google.com/macros/s/AKfycbyEg7C5ZKjgkReinWdFyaSxp1lhEGgTAnmLWPQaMGhJpB9quv2v7hbbKNz6QFS_zvy0Lw/exec?p=urgent-millionaire-switch-review-does-this-mind-hack-work-mark-garcia-s-program,https://abretas.github.io/health-reviews-directory-2026/p/urgent-millionaire-switch-review-does-this-mind-hack-work-mark-garcia-s-program.html
1313,Urgent Millionaire Switch Review: Miraculous Path To Millions,https://script.google.com/macros/s/AKfycbyEg7C5ZKjgkReinWdFyaSxp1lhEGgTAnmLWPQaMGhJpB9quv2v7hbbKNz6QFS_zvy0Lw/exec?p=urgent-millionaire-switch-review-miraculous-path-to-millions,https://abretas.github.io/health-reviews-directory-2026/p/urgent-millionaire-switch-review-miraculous-path-to-millions.html
1314,VENOPLUS 8 Review: Proven Supplement To Support Healthy Heart,https://script.google.com/macros/s/AKfycbyEg7C5ZKjgkReinWdFyaSxp1lhEGgTAnmLWPQaMGhJpB9quv2v7hbbKNz6QFS_zvy0Lw/exec?p=venoplus-8-review-proven-supplement-to-support-healthy-heart,https://abretas.github.io/health-reviews-directory-2026/p/venoplus-8-review-proven-supplement-to-support-healthy-heart.html
1315,VIP Indicators Review: AI POWERED TRADING INDICATORS,https://script.google.com/macros/s/AKfycbyEg7C5ZKjgkReinWdFyaSxp1lhEGgTAnmLWPQaMGhJpB9quv2v7hbbKNz6QFS_zvy0Lw/exec?p=vip-indicators-review-ai-powered-trading-indicators,https://abretas.github.io/health-reviews-directory-2026/p/vip-indicators-review-ai-powered-trading-indicators.html
1316,VenoPlus 8 Customer Reviews – Read This Before Buying!,https://script.google.com/macros/s/AKfycbyEg7C5ZKjgkReinWdFyaSxp1lhEGgTAnmLWPQaMGhJpB9quv2v7hbbKNz6QFS_zvy0Lw/exec?p=venoplus-8-customer-reviews-read-this-before-buying,https://abretas.github.io/health-reviews-directory-2026/p/venoplus-8-customer-reviews-read-this-before-buying.html
1317,VenoPlus 8 Reviews & Complaints | Is It Worth Buying?,https://script.google.com/macros/s/AKfycbyEg7C5ZKjgkReinWdFyaSxp1lhEGgTAnmLWPQaMGhJpB9quv2v7hbbKNz6QFS_zvy0Lw/exec?p=venoplus-8-reviews-complaints-is-it-worth-buying,https://abretas.github.io/health-reviews-directory-2026/p/venoplus-8-reviews-complaints-is-it-worth-buying.html
1318,VenoPlus 8 Reviews | Is it a Scam or Legit? Honest Analysis,https://script.google.com/macros/s/AKfycbyEg7C5ZKjgkReinWdFyaSxp1lhEGgTAnmLWPQaMGhJpB9quv2v7hbbKNz6QFS_zvy0Lw/exec?p=venoplus-8-reviews-is-it-a-scam-or-legit-honest-analysis,https://abretas.github.io/health-reviews-directory-2026/p/venoplus-8-reviews-is-it-a-scam-or-legit-honest-analysis.html
1319,VenoPlus 8 Reviews – Is This Worth Your Money?,https://script.google.com/macros/s/AKfycbyEg7C5ZKjgkReinWdFyaSxp1lhEGgTAnmLWPQaMGhJpB9quv2v7hbbKNz6QFS_zvy0Lw/exec?p=venoplus-8-reviews-is-this-worth-your-money,https://abretas.github.io/health-reviews-directory-2026/p/venoplus-8-reviews-is-this-worth-your-money.html
1320,Venoplus 8 Customer Reviews Read This Before Buying 2,https://script.google.com/macros/s/AKfycbyEg7C5ZKjgkReinWdFyaSxp1lhEGgTAnmLWPQaMGhJpB9quv2v7hbbKNz6QFS_zvy0Lw/exec?p=venoplus-8-customer-reviews-read-this-before-buying-2,https://abretas.github.io/health-reviews-directory-2026/p/venoplus-8-customer-reviews-read-this-before-buying-2.html
1321,Venoplus 8 Reviews & Complaints 2026 | Is it Worth Buying?,https://script.google.com/macros/s/AKfycbyEg7C5ZKjgkReinWdFyaSxp1lhEGgTAnmLWPQaMGhJpB9quv2v7hbbKNz6QFS_zvy0Lw/exec?p=venoplus-8-reviews-complaints-2026-is-it-worth-buying,https://abretas.github.io/health-reviews-directory-2026/p/venoplus-8-reviews-complaints-2026-is-it-worth-buying.html
1322,Venoplus 8 Reviews – Scam or Legit? Read This Before Buying,https://script.google.com/macros/s/AKfycbyEg7C5ZKjgkReinWdFyaSxp1lhEGgTAnmLWPQaMGhJpB9quv2v7hbbKNz6QFS_zvy0Lw/exec?p=venoplus-8-reviews-scam-or-legit-read-this-before-buying,https://abretas.github.io/health-reviews-directory-2026/p/venoplus-8-reviews-scam-or-legit-read-this-before-buying.html
1323,Vert Shock Review: Adam Folker Vertical Jump Training Program,https://script.google.com/macros/s/AKfycbyEg7C5ZKjgkReinWdFyaSxp1lhEGgTAnmLWPQaMGhJpB9quv2v7hbbKNz6QFS_zvy0Lw/exec?p=vert-shock-review-adam-folker-vertical-jump-training-program,https://abretas.github.io/health-reviews-directory-2026/p/vert-shock-review-adam-folker-vertical-jump-training-program.html
1324,Vertigenics Review: The Natural Supplement For Vertigo That Works,https://script.google.com/macros/s/AKfycbyEg7C5ZKjgkReinWdFyaSxp1lhEGgTAnmLWPQaMGhJpB9quv2v7hbbKNz6QFS_zvy0Lw/exec?p=vertigenics-review-the-natural-supplement-for-vertigo-that-works,https://abretas.github.io/health-reviews-directory-2026/p/vertigenics-review-the-natural-supplement-for-vertigo-that-works.html
1325,Vertigenics Reviews & Complaints 2026 | Does It Really Work?,https://script.google.com/macros/s/AKfycbyEg7C5ZKjgkReinWdFyaSxp1lhEGgTAnmLWPQaMGhJpB9quv2v7hbbKNz6QFS_zvy0Lw/exec?p=vertigenics-reviews-complaints-2026-does-it-really-work,https://abretas.github.io/health-reviews-directory-2026/p/vertigenics-reviews-complaints-2026-does-it-really-work.html
1326,Vertigenics Reviews & Complaints 2026 | Experts Advice,https://script.google.com/macros/s/AKfycbyEg7C5ZKjgkReinWdFyaSxp1lhEGgTAnmLWPQaMGhJpB9quv2v7hbbKNz6QFS_zvy0Lw/exec?p=vertigenics-reviews-complaints-2026-experts-advice,https://abretas.github.io/health-reviews-directory-2026/p/vertigenics-reviews-complaints-2026-experts-advice.html
1327,Vertigenics Reviews & Complaints 2026 | Is It Worth it?,https://script.google.com/macros/s/AKfycbyEg7C5ZKjgkReinWdFyaSxp1lhEGgTAnmLWPQaMGhJpB9quv2v7hbbKNz6QFS_zvy0Lw/exec?p=vertigenics-reviews-complaints-2026-is-it-worth-it,https://abretas.github.io/health-reviews-directory-2026/p/vertigenics-reviews-complaints-2026-is-it-worth-it.html
1328,Vertigenics Reviews 2026 | Is It Worth It?,https://script.google.com/macros/s/AKfycbyEg7C5ZKjgkReinWdFyaSxp1lhEGgTAnmLWPQaMGhJpB9quv2v7hbbKNz6QFS_zvy0Lw/exec?p=vertigenics-reviews-2026-is-it-worth-it,https://abretas.github.io/health-reviews-directory-2026/p/vertigenics-reviews-2026-is-it-worth-it.html
1329,Vertigenics Reviews 2026 – Real User Results + Expert Verdict,https://script.google.com/macros/s/AKfycbyEg7C5ZKjgkReinWdFyaSxp1lhEGgTAnmLWPQaMGhJpB9quv2v7hbbKNz6QFS_zvy0Lw/exec?p=vertigenics-reviews-2026-real-user-results-expert-verdict,https://abretas.github.io/health-reviews-directory-2026/p/vertigenics-reviews-2026-real-user-results-expert-verdict.html
1330,Vertigenics Reviews 2026 – Worth the Price or Overhyped?,https://script.google.com/macros/s/AKfycbyEg7C5ZKjgkReinWdFyaSxp1lhEGgTAnmLWPQaMGhJpB9quv2v7hbbKNz6QFS_zvy0Lw/exec?p=vertigenics-reviews-2026-worth-the-price-or-overhyped,https://abretas.github.io/health-reviews-directory-2026/p/vertigenics-reviews-2026-worth-the-price-or-overhyped.html
1331,Vertigenics Reviews Complaints 2026 Is It Worth It 2,https://script.google.com/macros/s/AKfycbyEg7C5ZKjgkReinWdFyaSxp1lhEGgTAnmLWPQaMGhJpB9quv2v7hbbKNz6QFS_zvy0Lw/exec?p=vertigenics-reviews-complaints-2026-is-it-worth-it-2,https://abretas.github.io/health-reviews-directory-2026/p/vertigenics-reviews-complaints-2026-is-it-worth-it-2.html
1332,Vertigenics Reviews – Is It Worth Buying? User Opinion!,https://script.google.com/macros/s/AKfycbyEg7C5ZKjgkReinWdFyaSxp1lhEGgTAnmLWPQaMGhJpB9quv2v7hbbKNz6QFS_zvy0Lw/exec?p=vertigenics-reviews-is-it-worth-buying-user-opinion,https://abretas.github.io/health-reviews-directory-2026/p/vertigenics-reviews-is-it-worth-buying-user-opinion.html
1333,Victory of Christ Review: Step Into God's Promises,https://script.google.com/macros/s/AKfycbyEg7C5ZKjgkReinWdFyaSxp1lhEGgTAnmLWPQaMGhJpB9quv2v7hbbKNz6QFS_zvy0Lw/exec?p=victory-of-christ-review-step-into-god-s-promises,https://abretas.github.io/health-reviews-directory-2026/p/victory-of-christ-review-step-into-god-s-promises.html
1334,VidaCalm Review: A Natural Supplement For Healthy Hearing,https://script.google.com/macros/s/AKfycbyEg7C5ZKjgkReinWdFyaSxp1lhEGgTAnmLWPQaMGhJpB9quv2v7hbbKNz6QFS_zvy0Lw/exec?p=vidacalm-review-a-natural-supplement-for-healthy-hearing,https://abretas.github.io/health-reviews-directory-2026/p/vidacalm-review-a-natural-supplement-for-healthy-hearing.html
1335,VidaCalm Reviews,https://script.google.com/macros/s/AKfycbyEg7C5ZKjgkReinWdFyaSxp1lhEGgTAnmLWPQaMGhJpB9quv2v7hbbKNz6QFS_zvy0Lw/exec?p=vidacalm-reviews,https://abretas.github.io/health-reviews-directory-2026/p/vidacalm-reviews.html
1336,Vigortrix Reviews: Can It Boost Energy And Confidence,https://script.google.com/macros/s/AKfycbyEg7C5ZKjgkReinWdFyaSxp1lhEGgTAnmLWPQaMGhJpB9quv2v7hbbKNz6QFS_zvy0Lw/exec?p=vigortrix-reviews-can-it-boost-energy-and-confidence,https://abretas.github.io/health-reviews-directory-2026/p/vigortrix-reviews-can-it-boost-energy-and-confidence.html
1337,Viril Wood Review: Men's Vitality Supplement That Works,https://script.google.com/macros/s/AKfycbyEg7C5ZKjgkReinWdFyaSxp1lhEGgTAnmLWPQaMGhJpB9quv2v7hbbKNz6QFS_zvy0Lw/exec?p=viril-wood-review-men-s-vitality-supplement-that-works,https://abretas.github.io/health-reviews-directory-2026/p/viril-wood-review-men-s-vitality-supplement-that-works.html
1338,VirilWood Reviews & Complaints 2026 | Is It Scam?,https://script.google.com/macros/s/AKfycbyEg7C5ZKjgkReinWdFyaSxp1lhEGgTAnmLWPQaMGhJpB9quv2v7hbbKNz6QFS_zvy0Lw/exec?p=virilwood-reviews-complaints-2026-is-it-scam,https://abretas.github.io/health-reviews-directory-2026/p/virilwood-reviews-complaints-2026-is-it-scam.html
1339,VisiFlora Reviews 2026: Is This Gut Health Supplement Worth It?,https://script.google.com/macros/s/AKfycbyEg7C5ZKjgkReinWdFyaSxp1lhEGgTAnmLWPQaMGhJpB9quv2v7hbbKNz6QFS_zvy0Lw/exec?p=visiflora-reviews-2026-is-this-gut-health-supplement-worth-it,https://abretas.github.io/health-reviews-directory-2026/p/visiflora-reviews-2026-is-this-gut-health-supplement-worth-it.html
1340,VisiFlora Reviews | Is It a Scam or Legit? Honest Analysis,https://script.google.com/macros/s/AKfycbyEg7C5ZKjgkReinWdFyaSxp1lhEGgTAnmLWPQaMGhJpB9quv2v7hbbKNz6QFS_zvy0Lw/exec?p=visiflora-reviews-is-it-a-scam-or-legit-honest-analysis,https://abretas.github.io/health-reviews-directory-2026/p/visiflora-reviews-is-it-a-scam-or-legit-honest-analysis.html
1341,VisiFlora Reviews: Scam or Legit? Honest Consumer Report,https://script.google.com/macros/s/AKfycbyEg7C5ZKjgkReinWdFyaSxp1lhEGgTAnmLWPQaMGhJpB9quv2v7hbbKNz6QFS_zvy0Lw/exec?p=visiflora-reviews-scam-or-legit-honest-consumer-report,https://abretas.github.io/health-reviews-directory-2026/p/visiflora-reviews-scam-or-legit-honest-consumer-report.html
1342,Vision 20 Reviews,https://script.google.com/macros/s/AKfycbyEg7C5ZKjgkReinWdFyaSxp1lhEGgTAnmLWPQaMGhJpB9quv2v7hbbKNz6QFS_zvy0Lw/exec?p=vision-20-reviews,https://abretas.github.io/health-reviews-directory-2026/p/vision-20-reviews.html
1343,Vision 20 Reviews & Complaints 2026 | Is It Scam?,https://script.google.com/macros/s/AKfycbyEg7C5ZKjgkReinWdFyaSxp1lhEGgTAnmLWPQaMGhJpB9quv2v7hbbKNz6QFS_zvy0Lw/exec?p=vision-20-reviews-complaints-2026-is-it-scam,https://abretas.github.io/health-reviews-directory-2026/p/vision-20-reviews-complaints-2026-is-it-scam.html
1344,Vision Care Reviews 2026: Can It Improve Clarity & Reduce Eye Strain,https://script.google.com/macros/s/AKfycbyEg7C5ZKjgkReinWdFyaSxp1lhEGgTAnmLWPQaMGhJpB9quv2v7hbbKNz6QFS_zvy0Lw/exec?p=vision-care-reviews-2026-can-it-improve-clarity-reduce-eye-strain,https://abretas.github.io/health-reviews-directory-2026/p/vision-care-reviews-2026-can-it-improve-clarity-reduce-eye-strain.html
1345,Vista Clear Review: Vital Eye Wellness Supplement That Works,https://script.google.com/macros/s/AKfycbyEg7C5ZKjgkReinWdFyaSxp1lhEGgTAnmLWPQaMGhJpB9quv2v7hbbKNz6QFS_zvy0Lw/exec?p=vista-clear-review-vital-eye-wellness-supplement-that-works,https://abretas.github.io/health-reviews-directory-2026/p/vista-clear-review-vital-eye-wellness-supplement-that-works.html
1346,Vista Clear Reviews & Complaints 2026 | Is it Worth Buying?,https://script.google.com/macros/s/AKfycbyEg7C5ZKjgkReinWdFyaSxp1lhEGgTAnmLWPQaMGhJpB9quv2v7hbbKNz6QFS_zvy0Lw/exec?p=vista-clear-reviews-complaints-2026-is-it-worth-buying,https://abretas.github.io/health-reviews-directory-2026/p/vista-clear-reviews-complaints-2026-is-it-worth-buying.html
1347,VitaNerve6 Review: Advanced Joint Support Formula That Works,https://script.google.com/macros/s/AKfycbyEg7C5ZKjgkReinWdFyaSxp1lhEGgTAnmLWPQaMGhJpB9quv2v7hbbKNz6QFS_zvy0Lw/exec?p=vitanerve6-review-advanced-joint-support-formula-that-works,https://abretas.github.io/health-reviews-directory-2026/p/vitanerve6-review-advanced-joint-support-formula-that-works.html
1348,Vitrafoxin Reviews & Complaints 2026 | Is It Worth Buying?,https://script.google.com/macros/s/AKfycbyEg7C5ZKjgkReinWdFyaSxp1lhEGgTAnmLWPQaMGhJpB9quv2v7hbbKNz6QFS_zvy0Lw/exec?p=vitrafoxin-reviews-complaints-2026-is-it-worth-buying,https://abretas.github.io/health-reviews-directory-2026/p/vitrafoxin-reviews-complaints-2026-is-it-worth-buying.html
1349,Vitrafoxin Reviews Complaints 2026 Is It Worth Buying 2,https://script.google.com/macros/s/AKfycbyEg7C5ZKjgkReinWdFyaSxp1lhEGgTAnmLWPQaMGhJpB9quv2v7hbbKNz6QFS_zvy0Lw/exec?p=vitrafoxin-reviews-complaints-2026-is-it-worth-buying-2,https://abretas.github.io/health-reviews-directory-2026/p/vitrafoxin-reviews-complaints-2026-is-it-worth-buying-2.html
1350,Vivo Gut Reviews & Complaints 2026 | Is it Worth Buying?,https://script.google.com/macros/s/AKfycbyEg7C5ZKjgkReinWdFyaSxp1lhEGgTAnmLWPQaMGhJpB9quv2v7hbbKNz6QFS_zvy0Lw/exec?p=vivo-gut-reviews-complaints-2026-is-it-worth-buying,https://abretas.github.io/health-reviews-directory-2026/p/vivo-gut-reviews-complaints-2026-is-it-worth-buying.html
1351,VivoTonic Reviews: Does It Really Boost Energy Fast,https://script.google.com/macros/s/AKfycbyEg7C5ZKjgkReinWdFyaSxp1lhEGgTAnmLWPQaMGhJpB9quv2v7hbbKNz6QFS_zvy0Lw/exec?p=vivotonic-reviews-does-it-really-boost-energy-fast,https://abretas.github.io/health-reviews-directory-2026/p/vivotonic-reviews-does-it-really-boost-energy-fast.html
1352,Volca Burn Reviews,https://script.google.com/macros/s/AKfycbyEg7C5ZKjgkReinWdFyaSxp1lhEGgTAnmLWPQaMGhJpB9quv2v7hbbKNz6QFS_zvy0Lw/exec?p=volca-burn-reviews,https://abretas.github.io/health-reviews-directory-2026/p/volca-burn-reviews.html
1353,VolcaBurn Review: Ultimate Metabolism Booster Supplement For Weight Loss,https://script.google.com/macros/s/AKfycbyEg7C5ZKjgkReinWdFyaSxp1lhEGgTAnmLWPQaMGhJpB9quv2v7hbbKNz6QFS_zvy0Lw/exec?p=volcaburn-review-ultimate-metabolism-booster-supplement-for-weight-loss,https://abretas.github.io/health-reviews-directory-2026/p/volcaburn-review-ultimate-metabolism-booster-supplement-for-weight-loss.html
1354,"Volumil: A Closer Look at Its Ingredients, Benefits, and Customer Testimonials",https://script.google.com/macros/s/AKfycbyEg7C5ZKjgkReinWdFyaSxp1lhEGgTAnmLWPQaMGhJpB9quv2v7hbbKNz6QFS_zvy0Lw/exec?p=volumil-a-closer-look-at-its-ingredients-benefits-and-customer-testimonials,https://abretas.github.io/health-reviews-directory-2026/p/volumil-a-closer-look-at-its-ingredients-benefits-and-customer-testimonials.html
1355,Wake Up Lean Reviews 2026 | Is it Worth it or a Scam? The Truth,https://script.google.com/macros/s/AKfycbyEg7C5ZKjgkReinWdFyaSxp1lhEGgTAnmLWPQaMGhJpB9quv2v7hbbKNz6QFS_zvy0Lw/exec?p=wake-up-lean-reviews-2026-is-it-worth-it-or-a-scam-the-truth,https://abretas.github.io/health-reviews-directory-2026/p/wake-up-lean-reviews-2026-is-it-worth-it-or-a-scam-the-truth.html
1356,Water Freedom System Review: Ameliorate Your Utility Bills All Year Long,https://script.google.com/macros/s/AKfycbyEg7C5ZKjgkReinWdFyaSxp1lhEGgTAnmLWPQaMGhJpB9quv2v7hbbKNz6QFS_zvy0Lw/exec?p=water-freedom-system-review-ameliorate-your-utility-bills-all-year-long,https://abretas.github.io/health-reviews-directory-2026/p/water-freedom-system-review-ameliorate-your-utility-bills-all-year-long.html
1357,Water Liberty Guide Review: Slash Your Utility Bills All Year Long,https://script.google.com/macros/s/AKfycbyEg7C5ZKjgkReinWdFyaSxp1lhEGgTAnmLWPQaMGhJpB9quv2v7hbbKNz6QFS_zvy0Lw/exec?p=water-liberty-guide-review-slash-your-utility-bills-all-year-long,https://abretas.github.io/health-reviews-directory-2026/p/water-liberty-guide-review-slash-your-utility-bills-all-year-long.html
1358,Water Liberty Guide Reviews,https://script.google.com/macros/s/AKfycbyEg7C5ZKjgkReinWdFyaSxp1lhEGgTAnmLWPQaMGhJpB9quv2v7hbbKNz6QFS_zvy0Lw/exec?p=water-liberty-guide-reviews,https://abretas.github.io/health-reviews-directory-2026/p/water-liberty-guide-reviews.html
1359,Wealth Ancestry Prayer Review: 7-Second Wealth Prayer That Works,https://script.google.com/macros/s/AKfycbyEg7C5ZKjgkReinWdFyaSxp1lhEGgTAnmLWPQaMGhJpB9quv2v7hbbKNz6QFS_zvy0Lw/exec?p=wealth-ancestry-prayer-review-7-second-wealth-prayer-that-works,https://abretas.github.io/health-reviews-directory-2026/p/wealth-ancestry-prayer-review-7-second-wealth-prayer-that-works.html
1360,Wealth Ancestry Prayer Reviews & Complaints | Is it Scam?,https://script.google.com/macros/s/AKfycbyEg7C5ZKjgkReinWdFyaSxp1lhEGgTAnmLWPQaMGhJpB9quv2v7hbbKNz6QFS_zvy0Lw/exec?p=wealth-ancestry-prayer-reviews-complaints-is-it-scam,https://abretas.github.io/health-reviews-directory-2026/p/wealth-ancestry-prayer-reviews-complaints-is-it-scam.html
1361,Wealth Brain Code Review: Real Program For Financial Growth,https://script.google.com/macros/s/AKfycbyEg7C5ZKjgkReinWdFyaSxp1lhEGgTAnmLWPQaMGhJpB9quv2v7hbbKNz6QFS_zvy0Lw/exec?p=wealth-brain-code-review-real-program-for-financial-growth,https://abretas.github.io/health-reviews-directory-2026/p/wealth-brain-code-review-real-program-for-financial-growth.html
1362,Wealth DNA Code Review: Activate Internal “Wealth DNA” to Attract Money,https://script.google.com/macros/s/AKfycbyEg7C5ZKjgkReinWdFyaSxp1lhEGgTAnmLWPQaMGhJpB9quv2v7hbbKNz6QFS_zvy0Lw/exec?p=wealth-dna-code-review-activate-internal-wealth-dna-to-attract-money,https://abretas.github.io/health-reviews-directory-2026/p/wealth-dna-code-review-activate-internal-wealth-dna-to-attract-money.html
1363,Wealth DNA Code Reviews,https://script.google.com/macros/s/AKfycbyEg7C5ZKjgkReinWdFyaSxp1lhEGgTAnmLWPQaMGhJpB9quv2v7hbbKNz6QFS_zvy0Lw/exec?p=wealth-dna-code-reviews,https://abretas.github.io/health-reviews-directory-2026/p/wealth-dna-code-reviews.html
1364,Wealth Doodle Reviews | Is It Worth Buying Or Scam?,https://script.google.com/macros/s/AKfycbyEg7C5ZKjgkReinWdFyaSxp1lhEGgTAnmLWPQaMGhJpB9quv2v7hbbKNz6QFS_zvy0Lw/exec?p=wealth-doodle-reviews-is-it-worth-buying-or-scam,https://abretas.github.io/health-reviews-directory-2026/p/wealth-doodle-reviews-is-it-worth-buying-or-scam.html
1365,Wealth Dream Code Review: Ancient Tibetan Dream Secret For Wealth,https://script.google.com/macros/s/AKfycbyEg7C5ZKjgkReinWdFyaSxp1lhEGgTAnmLWPQaMGhJpB9quv2v7hbbKNz6QFS_zvy0Lw/exec?p=wealth-dream-code-review-ancient-tibetan-dream-secret-for-wealth,https://abretas.github.io/health-reviews-directory-2026/p/wealth-dream-code-review-ancient-tibetan-dream-secret-for-wealth.html
1366,Wealth Geometric Cell Review: Manifest Financial Abundance,https://script.google.com/macros/s/AKfycbyEg7C5ZKjgkReinWdFyaSxp1lhEGgTAnmLWPQaMGhJpB9quv2v7hbbKNz6QFS_zvy0Lw/exec?p=wealth-geometric-cell-review-manifest-financial-abundance,https://abretas.github.io/health-reviews-directory-2026/p/wealth-geometric-cell-review-manifest-financial-abundance.html
1367,Wealth Gland Activator Review: Bring Your Desires To Life Like Magic,https://script.google.com/macros/s/AKfycbyEg7C5ZKjgkReinWdFyaSxp1lhEGgTAnmLWPQaMGhJpB9quv2v7hbbKNz6QFS_zvy0Lw/exec?p=wealth-gland-activator-review-bring-your-desires-to-life-like-magic,https://abretas.github.io/health-reviews-directory-2026/p/wealth-gland-activator-review-bring-your-desires-to-life-like-magic.html
1368,Wealth Infinitum Review: Proven Hidden Frequency For Abundance,https://script.google.com/macros/s/AKfycbyEg7C5ZKjgkReinWdFyaSxp1lhEGgTAnmLWPQaMGhJpB9quv2v7hbbKNz6QFS_zvy0Lw/exec?p=wealth-infinitum-review-proven-hidden-frequency-for-abundance,https://abretas.github.io/health-reviews-directory-2026/p/wealth-infinitum-review-proven-hidden-frequency-for-abundance.html
1369,Wealth Mind Switch Review: This Abundance Ritual Legit,https://script.google.com/macros/s/AKfycbyEg7C5ZKjgkReinWdFyaSxp1lhEGgTAnmLWPQaMGhJpB9quv2v7hbbKNz6QFS_zvy0Lw/exec?p=wealth-mind-switch-review-this-abundance-ritual-legit,https://abretas.github.io/health-reviews-directory-2026/p/wealth-mind-switch-review-this-abundance-ritual-legit.html
1370,Wealth Rhythm Code Review: Wealth Attraction Secret To Attract Money,https://script.google.com/macros/s/AKfycbyEg7C5ZKjgkReinWdFyaSxp1lhEGgTAnmLWPQaMGhJpB9quv2v7hbbKNz6QFS_zvy0Lw/exec?p=wealth-rhythm-code-review-wealth-attraction-secret-to-attract-money,https://abretas.github.io/health-reviews-directory-2026/p/wealth-rhythm-code-review-wealth-attraction-secret-to-attract-money.html
1371,Wealth Rhythm Code Reviews,https://script.google.com/macros/s/AKfycbyEg7C5ZKjgkReinWdFyaSxp1lhEGgTAnmLWPQaMGhJpB9quv2v7hbbKNz6QFS_zvy0Lw/exec?p=wealth-rhythm-code-reviews,https://abretas.github.io/health-reviews-directory-2026/p/wealth-rhythm-code-reviews.html
1372,Wealth Wave Script Reviews & Complaints | Is It Worth It?,https://script.google.com/macros/s/AKfycbyEg7C5ZKjgkReinWdFyaSxp1lhEGgTAnmLWPQaMGhJpB9quv2v7hbbKNz6QFS_zvy0Lw/exec?p=wealth-wave-script-reviews-complaints-is-it-worth-it,https://abretas.github.io/health-reviews-directory-2026/p/wealth-wave-script-reviews-complaints-is-it-worth-it.html
1373,Wealth Wave Script Reviews: Ready To Attract Abundance Effortlessly,https://script.google.com/macros/s/AKfycbyEg7C5ZKjgkReinWdFyaSxp1lhEGgTAnmLWPQaMGhJpB9quv2v7hbbKNz6QFS_zvy0Lw/exec?p=wealth-wave-script-reviews-ready-to-attract-abundance-effortlessly,https://abretas.github.io/health-reviews-directory-2026/p/wealth-wave-script-reviews-ready-to-attract-abundance-effortlessly.html
1374,WealthGenix Review: Proven Supplement That Really Works,https://script.google.com/macros/s/AKfycbyEg7C5ZKjgkReinWdFyaSxp1lhEGgTAnmLWPQaMGhJpB9quv2v7hbbKNz6QFS_zvy0Lw/exec?p=wealthgenix-review-proven-supplement-that-really-works,https://abretas.github.io/health-reviews-directory-2026/p/wealthgenix-review-proven-supplement-that-really-works.html
1375,Wealthy Brain Wave Review: Does It Really Works,https://script.google.com/macros/s/AKfycbyEg7C5ZKjgkReinWdFyaSxp1lhEGgTAnmLWPQaMGhJpB9quv2v7hbbKNz6QFS_zvy0Lw/exec?p=wealthy-brain-wave-review-does-it-really-works,https://abretas.github.io/health-reviews-directory-2026/p/wealthy-brain-wave-review-does-it-really-works.html
1376,WellMe BioVanish Reviews,https://script.google.com/macros/s/AKfycbyEg7C5ZKjgkReinWdFyaSxp1lhEGgTAnmLWPQaMGhJpB9quv2v7hbbKNz6QFS_zvy0Lw/exec?p=wellme-biovanish-reviews,https://abretas.github.io/health-reviews-directory-2026/p/wellme-biovanish-reviews.html
1377,WellMe BioVanish Reviews – Is This Worth Your Money?,https://script.google.com/macros/s/AKfycbyEg7C5ZKjgkReinWdFyaSxp1lhEGgTAnmLWPQaMGhJpB9quv2v7hbbKNz6QFS_zvy0Lw/exec?p=wellme-biovanish-reviews-is-this-worth-your-money,https://abretas.github.io/health-reviews-directory-2026/p/wellme-biovanish-reviews-is-this-worth-your-money.html
1378,Whispeara Reviews & Complaints 2026 | Is it Scam?,https://script.google.com/macros/s/AKfycbyEg7C5ZKjgkReinWdFyaSxp1lhEGgTAnmLWPQaMGhJpB9quv2v7hbbKNz6QFS_zvy0Lw/exec?p=whispeara-reviews-complaints-2026-is-it-scam,https://abretas.github.io/health-reviews-directory-2026/p/whispeara-reviews-complaints-2026-is-it-scam.html
1379,Whispeara Reviews: (Detailed Analysis Reports,https://script.google.com/macros/s/AKfycbyEg7C5ZKjgkReinWdFyaSxp1lhEGgTAnmLWPQaMGhJpB9quv2v7hbbKNz6QFS_zvy0Lw/exec?p=whispeara-reviews-detailed-analysis-reports,https://abretas.github.io/health-reviews-directory-2026/p/whispeara-reviews-detailed-analysis-reports.html
1380,Whispeara Reviews: Is It Worth Trying or a Scam? The Truth,https://script.google.com/macros/s/AKfycbyEg7C5ZKjgkReinWdFyaSxp1lhEGgTAnmLWPQaMGhJpB9quv2v7hbbKNz6QFS_zvy0Lw/exec?p=whispeara-reviews-is-it-worth-trying-or-a-scam-the-truth,https://abretas.github.io/health-reviews-directory-2026/p/whispeara-reviews-is-it-worth-trying-or-a-scam-the-truth.html
1381,Whispeara Reviews: Is It Worth the Investment,https://script.google.com/macros/s/AKfycbyEg7C5ZKjgkReinWdFyaSxp1lhEGgTAnmLWPQaMGhJpB9quv2v7hbbKNz6QFS_zvy0Lw/exec?p=whispeara-reviews-is-it-worth-the-investment,https://abretas.github.io/health-reviews-directory-2026/p/whispeara-reviews-is-it-worth-the-investment.html
1382,WoodProfits Review: Effective Jim Morgan Woodworking Program,https://script.google.com/macros/s/AKfycbyEg7C5ZKjgkReinWdFyaSxp1lhEGgTAnmLWPQaMGhJpB9quv2v7hbbKNz6QFS_zvy0Lw/exec?p=woodprofits-review-effective-jim-morgan-woodworking-program,https://abretas.github.io/health-reviews-directory-2026/p/woodprofits-review-effective-jim-morgan-woodworking-program.html
1383,Xitox Foot Pads Reviews & Complaints 2026 | Is It Scam?,https://script.google.com/macros/s/AKfycbyEg7C5ZKjgkReinWdFyaSxp1lhEGgTAnmLWPQaMGhJpB9quv2v7hbbKNz6QFS_zvy0Lw/exec?p=xitox-foot-pads-reviews-complaints-2026-is-it-scam,https://abretas.github.io/health-reviews-directory-2026/p/xitox-foot-pads-reviews-complaints-2026-is-it-scam.html
1384,Xitox Foot Pads Reviews & Complaints 2026 | Is It Worth Buying?,https://script.google.com/macros/s/AKfycbyEg7C5ZKjgkReinWdFyaSxp1lhEGgTAnmLWPQaMGhJpB9quv2v7hbbKNz6QFS_zvy0Lw/exec?p=xitox-foot-pads-reviews-complaints-2026-is-it-worth-buying,https://abretas.github.io/health-reviews-directory-2026/p/xitox-foot-pads-reviews-complaints-2026-is-it-worth-buying.html
1385,Xitox Foot Pads Reviews | Is It Worth It or a Scam? The Truth,https://script.google.com/macros/s/AKfycbyEg7C5ZKjgkReinWdFyaSxp1lhEGgTAnmLWPQaMGhJpB9quv2v7hbbKNz6QFS_zvy0Lw/exec?p=xitox-foot-pads-reviews-is-it-worth-it-or-a-scam-the-truth,https://abretas.github.io/health-reviews-directory-2026/p/xitox-foot-pads-reviews-is-it-worth-it-or-a-scam-the-truth.html
1386,Xitox Footpads Review: A Natural Way To Promote Healthy Feet,https://script.google.com/macros/s/AKfycbyEg7C5ZKjgkReinWdFyaSxp1lhEGgTAnmLWPQaMGhJpB9quv2v7hbbKNz6QFS_zvy0Lw/exec?p=xitox-footpads-review-a-natural-way-to-promote-healthy-feet,https://abretas.github.io/health-reviews-directory-2026/p/xitox-footpads-review-a-natural-way-to-promote-healthy-feet.html
1387,ZenCortex Review: Proven Supplement To Optimize Your Hearing Naturally,https://script.google.com/macros/s/AKfycbyEg7C5ZKjgkReinWdFyaSxp1lhEGgTAnmLWPQaMGhJpB9quv2v7hbbKNz6QFS_zvy0Lw/exec?p=zencortex-review-proven-supplement-to-optimize-your-hearing-naturally,https://abretas.github.io/health-reviews-directory-2026/p/zencortex-review-proven-supplement-to-optimize-your-hearing-naturally.html
1388,ZenCortex Reviews & Complaints 2026 | Is It Worth Buying?,https://script.google.com/macros/s/AKfycbyEg7C5ZKjgkReinWdFyaSxp1lhEGgTAnmLWPQaMGhJpB9quv2v7hbbKNz6QFS_zvy0Lw/exec?p=zencortex-reviews-complaints-2026-is-it-worth-buying,https://abretas.github.io/health-reviews-directory-2026/p/zencortex-reviews-complaints-2026-is-it-worth-buying.html
1389,ZenCortex Reviews & Complaints 2026 | Is it Scam?,https://script.google.com/macros/s/AKfycbyEg7C5ZKjgkReinWdFyaSxp1lhEGgTAnmLWPQaMGhJpB9quv2v7hbbKNz6QFS_zvy0Lw/exec?p=zencortex-reviews-complaints-2026-is-it-scam,https://abretas.github.io/health-reviews-directory-2026/p/zencortex-reviews-complaints-2026-is-it-scam.html
1390,ZenCortex Reviews & Complaints | Is It Worth Buying?,https://script.google.com/macros/s/AKfycbyEg7C5ZKjgkReinWdFyaSxp1lhEGgTAnmLWPQaMGhJpB9quv2v7hbbKNz6QFS_zvy0Lw/exec?p=zencortex-reviews-complaints-is-it-worth-buying,https://abretas.github.io/health-reviews-directory-2026/p/zencortex-reviews-complaints-is-it-worth-buying.html
1391,ZenCortex Reviews – Is This Worth Your Money?,https://script.google.com/macros/s/AKfycbyEg7C5ZKjgkReinWdFyaSxp1lhEGgTAnmLWPQaMGhJpB9quv2v7hbbKNz6QFS_zvy0Lw/exec?p=zencortex-reviews-is-this-worth-your-money,https://abretas.github.io/health-reviews-directory-2026/p/zencortex-reviews-is-this-worth-your-money.html
1392,ZenCortex Where to Buy? Best Discounts!,https://script.google.com/macros/s/AKfycbyEg7C5ZKjgkReinWdFyaSxp1lhEGgTAnmLWPQaMGhJpB9quv2v7hbbKNz6QFS_zvy0Lw/exec?p=zencortex-where-to-buy-best-discounts,https://abretas.github.io/health-reviews-directory-2026/p/zencortex-where-to-buy-best-discounts.html
1393,Zencortex Reviews Complaints 2026 Is It Scam 2,https://script.google.com/macros/s/AKfycbyEg7C5ZKjgkReinWdFyaSxp1lhEGgTAnmLWPQaMGhJpB9quv2v7hbbKNz6QFS_zvy0Lw/exec?p=zencortex-reviews-complaints-2026-is-it-scam-2,https://abretas.github.io/health-reviews-directory-2026/p/zencortex-reviews-complaints-2026-is-it-scam-2.html
1394,"Zencortex Reviews: A Comprehensive Look at Its Effectiveness, Benefits, and Customer Feedback Alford",https://script.google.com/macros/s/AKfycbyEg7C5ZKjgkReinWdFyaSxp1lhEGgTAnmLWPQaMGhJpB9quv2v7hbbKNz6QFS_zvy0Lw/exec?p=zencortex-reviews-a-comprehensive-look-at-its-effectiveness-benefits-and-customer-feedback-alford,https://abretas.github.io/health-reviews-directory-2026/p/zencortex-reviews-a-comprehensive-look-at-its-effectiveness-benefits-and-customer-feedback-alford.html
1395,Zencortex Vs Quietum Plus – Which One is Right for You?,https://script.google.com/macros/s/AKfycbyEg7C5ZKjgkReinWdFyaSxp1lhEGgTAnmLWPQaMGhJpB9quv2v7hbbKNz6QFS_zvy0Lw/exec?p=zencortex-vs-quietum-plus-which-one-is-right-for-you,https://abretas.github.io/health-reviews-directory-2026/p/zencortex-vs-quietum-plus-which-one-is-right-for-you.html
1396,Zeneara Customer Reviews,https://script.google.com/macros/s/AKfycbyEg7C5ZKjgkReinWdFyaSxp1lhEGgTAnmLWPQaMGhJpB9quv2v7hbbKNz6QFS_zvy0Lw/exec?p=zeneara-customer-reviews,https://abretas.github.io/health-reviews-directory-2026/p/zeneara-customer-reviews.html
1397,Zeneara Tinnitus Relief Review: Healthy Ear Support That Works,https://script.google.com/macros/s/AKfycbyEg7C5ZKjgkReinWdFyaSxp1lhEGgTAnmLWPQaMGhJpB9quv2v7hbbKNz6QFS_zvy0Lw/exec?p=zeneara-tinnitus-relief-review-healthy-ear-support-that-works,https://abretas.github.io/health-reviews-directory-2026/p/zeneara-tinnitus-relief-review-healthy-ear-support-that-works.html
1398,Zeneara Where to Buy,https://script.google.com/macros/s/AKfycbyEg7C5ZKjgkReinWdFyaSxp1lhEGgTAnmLWPQaMGhJpB9quv2v7hbbKNz6QFS_zvy0Lw/exec?p=zeneara-where-to-buy,https://abretas.github.io/health-reviews-directory-2026/p/zeneara-where-to-buy.html
1399,Zoracel Reviews: Effective Dental Gummies For Complete Oral Health,https://script.google.com/macros/s/AKfycbyEg7C5ZKjgkReinWdFyaSxp1lhEGgTAnmLWPQaMGhJpB9quv2v7hbbKNz6QFS_zvy0Lw/exec?p=zoracel-reviews-effective-dental-gummies-for-complete-oral-health,https://abretas.github.io/health-reviews-directory-2026/p/zoracel-reviews-effective-dental-gummies-for-complete-oral-health.html
1400,iGenics Customer Reviews,https://script.google.com/macros/s/AKfycbyEg7C5ZKjgkReinWdFyaSxp1lhEGgTAnmLWPQaMGhJpB9quv2v7hbbKNz6QFS_zvy0Lw/exec?p=igenics-customer-reviews,https://abretas.github.io/health-reviews-directory-2026/p/igenics-customer-reviews.html
1401,iGenics Review: Proven Vision Supplement That Works,https://script.google.com/macros/s/AKfycbyEg7C5ZKjgkReinWdFyaSxp1lhEGgTAnmLWPQaMGhJpB9quv2v7hbbKNz6QFS_zvy0Lw/exec?p=igenics-review-proven-vision-supplement-that-works,https://abretas.github.io/health-reviews-directory-2026/p/igenics-review-proven-vision-supplement-that-works.html
1402,iGenics Reviews & Complaints 2026 | Is It Legit?,https://script.google.com/macros/s/AKfycbyEg7C5ZKjgkReinWdFyaSxp1lhEGgTAnmLWPQaMGhJpB9quv2v7hbbKNz6QFS_zvy0Lw/exec?p=igenics-reviews-complaints-2026-is-it-legit,https://abretas.github.io/health-reviews-directory-2026/p/igenics-reviews-complaints-2026-is-it-legit.html
1403,iGenics Reviews & Complaints 2026 | Is It Worth It?,https://script.google.com/macros/s/AKfycbyEg7C5ZKjgkReinWdFyaSxp1lhEGgTAnmLWPQaMGhJpB9quv2v7hbbKNz6QFS_zvy0Lw/exec?p=igenics-reviews-complaints-2026-is-it-worth-it,https://abretas.github.io/health-reviews-directory-2026/p/igenics-reviews-complaints-2026-is-it-worth-it.html
1404,iTagPro Reviews: Could One Small Device End the Stress of Losing Your Stuff,https://script.google.com/macros/s/AKfycbyEg7C5ZKjgkReinWdFyaSxp1lhEGgTAnmLWPQaMGhJpB9quv2v7hbbKNz6QFS_zvy0Lw/exec?p=itagpro-reviews-could-one-small-device-end-the-stress-of-losing-your-stuff,https://abretas.github.io/health-reviews-directory-2026/p/itagpro-reviews-could-one-small-device-end-the-stress-of-losing-your-stuff.html
